beer_name,ounces,abv,ibu,brewery_id,brewery_name,city,state,style
1.4236343724394858,-0.33187356367490134,0.01785541893188372,-0.005226818748568585,-0.34777458693039554,-1.7305920058274058,-0.3866570149888873,-0.5383054888807919,31.0
-1.34133962207492,-0.33187356367490134,0.09681698731238819,0.8078964383027267,-0.34777458693039554,-1.7305920058274058,-0.3866570149888873,-0.5383054888807919,20.0
-0.5091337087859604,-0.33187356367490134,-0.020569374531532226,-0.005226818748568585,-0.4937222256334107,-1.7243782160999097,-0.85216334317304,0.9376673685773534,41.0
0.8190789897784844,-0.6750945594891726,-0.020569374531532226,9.136296419757219e-15,-0.4937222256334107,-1.7243782160999097,-0.85216334317304,0.9376673685773534,41.0
-0.644819455517856,-0.33187356367490134,0.008633468500663887,0.09355232108805646,0.8642253692555131,-1.7181644263724136,1.1101248710186191,-1.2762919176098646,101.0
-0.30862032750438134,-0.33187356367490134,-0.037476283655435226,-1.2398900310459946,0.8642253692555131,-1.7181644263724136,1.1101248710186191,-1.2762919176098646,63.0
-1.6911073247615842,-0.33187356367490134,-0.005199457146165839,1.2841258497791737,0.8642253692555131,-1.7181644263724136,1.1101248710186191,-1.2762919176098646,17.0
-0.24831555117909437,-0.33187356367490134,0.03629931979432336,2.427076437322646,0.8642253692555131,-1.7181644263724136,1.1101248710186191,-1.2762919176098646,14.0
-1.4679796523580226,-0.33187356367490134,0.09681698731238819,1.04601114404095,0.8642253692555131,-1.7181644263724136,1.1101248710186191,-1.2762919176098646,10.0
0.2567369505451837,-0.33187356367490134,0.014781435454810442,-0.3826770903883904,0.8642253692555131,-1.7181644263724136,1.1101248710186191,-1.2762919176098646,30.0
-0.3101279469125135,-0.33187356367490134,-0.037476283655435226,-1.2398900310459946,0.8642253692555131,-1.7181644263724136,1.1101248710186191,-1.2762919176098646,63.0
-1.350385338523713,-0.33187356367490134,-0.005199457146165839,1.8556011435509097,-1.0457850329013376,-1.7119506366449173,1.3894286679291106,-0.9408435409148315,17.0
0.5733370262529401,-0.33187356367490134,-0.05899416799494815,-1.5256276779318627,-1.0902038794631248,-1.7057368469174212,1.0671550561093126,0.06550158917026755,35.0
-1.1935929200779671,-0.33187356367490134,-0.029791324962752046,-0.6207917961266138,1.5812724637529354,-1.693309267462429,-0.37949537917066956,1.6085641219674194,53.0
1.6829449106382197,-0.33187356367490134,-0.054383192779338244,-0.005226818748568585,0.8959531167996467,-1.6870954777349327,-0.6731224477175967,-0.9408435409148315,35.0
-1.0126785911021063,-0.33187356367490134,-0.02825433322421541,-0.8112835607171925,1.4607070230852273,-1.6808816880074366,-0.35084883589779864,-1.209202242270858,8.0
-0.07343169983576227,-0.33187356367490134,-0.012884415838849032,0.42691290912156926,1.9112410382119263,-1.6746678982799406,-1.6112967399041198,-0.3370364628637721,17.0
0.7542513552288009,-0.33187356367490134,-0.04823522582519169,-1.4303817956365734,1.9112410382119263,-1.6746678982799406,-1.6112967399041198,-0.3370364628637721,63.0
-1.6142187349468435,-0.33187356367490134,-0.043624250609581784,-1.2398900310459946,1.9112410382119263,-1.6746678982799406,-1.6112967399041198,-0.3370364628637721,8.0
1.3075476780133086,-0.33187356367490134,-0.03593929191689859,-1.0970212076030605,-1.0775127804454714,-1.6684541085524445,0.21492039374140234,-0.4041261382027787,12.0
-1.629294929028165,-0.33187356367490134,-0.04823522582519169,-0.04931650235487759,-1.4645913004839028,-1.6622403188249482,0.21492039374140234,-0.4041261382027787,20.0
-1.2855577039740296,-0.33187356367490134,-0.02825433322421541,-1.2398900310459946,-1.4645913004839028,-1.6622403188249482,0.21492039374140234,-0.4041261382027787,23.0
-0.993079538796388,-0.33187356367490134,0.09681698731238819,-0.23980826694545632,-1.4645913004839028,-1.6622403188249482,0.21492039374140234,-0.4041261382027787,92.0
1.3075476780133086,-0.33187356367490134,-0.03593929191689859,-1.0970212076030605,-1.4645913004839028,-1.6622403188249482,0.21492039374140234,-0.4041261382027787,50.0
0.5341389216415036,-0.33187356367490134,-0.051309209302264965,-1.0970212076030605,-0.7285075574600003,-1.649812739369956,0.923922339744958,0.9376673685773534,23.0
-0.8724699861458142,-0.33187356367490134,-0.017495391054458947,-0.0016935612072329082,1.0736285030467956,-1.6249575804599714,1.647247557384949,1.6085641219674194,17.0
-1.1287652855282837,-0.33187356367490134,-0.037476283655435226,-0.005226818748568585,-1.2488426171837936,-1.6187437907324753,1.1101248710186191,-1.2762919176098646,8.0
1.1854305059546024,-0.33187356367490134,-0.02671734148567877,-1.8589882659653756,-0.385847883983356,-1.6125300010049792,-1.2460533131750153,-1.2762919176098646,42.0
1.1884457447708667,-0.33187356367490134,-0.02671734148567877,-1.8589882659653756,-0.385847883983356,-1.6125300010049792,-1.2460533131750153,-1.2762919176098646,42.0
1.6618382389243693,-0.33187356367490134,0.09681698731238819,-1.7637423836700863,-0.385847883983356,-1.6125300010049792,-1.2460533131750153,-1.2762919176098646,101.0
0.6879161012709852,-0.33187356367490134,-0.02825433322421541,-0.7160376784219031,-0.385847883983356,-1.6125300010049792,-1.2460533131750153,-1.2762919176098646,20.0
1.025622848692592,-0.33187356367490134,-0.020569374531532226,1.236502908631529,1.8795132906677925,-1.5441783140025216,-1.5038722026308537,0.26677061518728734,17.0
0.20698551007682198,-0.33187356367490134,-0.032865308439825325,-0.005226818748568585,-1.0140572853572039,-1.519323155092537,-0.744738805899774,-0.06867776150774567,63.0
1.6286706119454615,-0.33187356367490134,-0.02671734148567877,-1.5732506190795075,-1.23615151816614,-1.5068955756375446,-1.224568405720362,-1.209202242270858,102.0
-0.7458299558627116,-0.33187356367490134,-0.02825433322421541,-1.2398900310459946,-1.23615151816614,-1.5068955756375446,-1.224568405720362,-1.209202242270858,12.0
0.43312842129664797,-0.33187356367490134,-0.002125473669092583,-1.0017753253077712,0.8134609731848991,-1.5006817859100485,-0.42246519407997596,0.26677061518728734,76.0
0.1542188307921959,-0.33187356367490134,0.09681698731238819,-0.9541523841601266,0.8134609731848991,-1.5006817859100485,-0.42246519407997596,0.26677061518728734,22.0
-0.2724374617092092,-0.6750945594891726,-0.009810432361775754,9.136296419757219e-15,0.8134609731848991,-1.5006817859100485,-0.42246519407997596,0.26677061518728734,17.0
-0.17896505840501442,-0.33187356367490134,-0.019032382792995586,-0.09693944350252227,0.8134609731848991,-1.5006817859100485,-0.42246519407997596,0.26677061518728734,7.0
-1.4725025105824192,-0.33187356367490134,-0.03593929191689859,-0.005226818748568585,0.02026728458155576,-1.4944679961825524,-1.2890231280843218,-1.1421125669318513,7.0
1.379913409603653,-0.33187356367490134,-0.008273440623239117,1.2841258497791737,1.5939635627705888,-1.4820404167275603,1.8048035453857392,1.6085641219674194,17.0
-1.3699843908294314,-0.33187356367490134,-0.005199457146165839,1.522240555517397,-1.2551881666926203,-1.475826627000064,1.0958015993821837,-1.2762919176098646,17.0
-1.4498882194604366,-0.33187356367490134,0.09681698731238819,-1.0970212076030605,0.5469478938141757,-1.4696128372725679,1.7475104588399974,-0.2699467875247655,91.0
-1.4513958388685688,-0.33187356367490134,-0.05899416799494815,0.09355232108805646,0.5469478938141757,-1.4696128372725679,1.7475104588399974,-0.2699467875247655,7.0
-0.21816316301645092,-0.33187356367490134,0.09681698731238819,-1.0017753253077712,-0.7348531069688271,-1.4509714680900794,0.923922339744958,0.9376673685773534,23.0
1.137186684894373,-0.33187356367490134,-0.03593929191689859,-0.7160376784219031,0.16621492328457094,-1.4447576783625833,0.4584160115608053,-0.0015880861687390592,93.0
0.4723265259080845,-0.33187356367490134,0.09681698731238819,-0.04931650235487759,0.3819636065846803,-1.4385438886350872,0.13614239974100725,-0.13576743684675227,67.0
0.6230884667213018,-0.33187356367490134,-0.008273440623239117,-0.005226818748568585,0.3819636065846803,-1.4385438886350872,0.13614239974100725,-0.13576743684675227,62.0
-0.34178795448328914,-0.33187356367490134,-0.011347424100312394,-0.005226818748568585,0.3819636065846803,-1.4385438886350872,0.13614239974100725,-0.13576743684675227,91.0
0.5597684515797505,-0.33187356367490134,0.09681698731238819,-0.7160376784219031,0.3819636065846803,-1.4385438886350872,0.13614239974100725,-0.13576743684675227,20.0
-0.1910260136700718,1.0361974109154213,0.022466394147493615,3.0937976133896714,0.47080129970825474,-1.432330098907591,1.6114393782938605,1.4743847712894063,14.0
-1.0232319269590315,-0.33187356367490134,-0.020569374531532226,-0.005226818748568585,-0.9950206368307237,-1.4074749399976065,-0.6874457193540321,-0.0015880861687390592,10.0
-0.3598793873808752,-0.33187356367490134,-0.002125473669092583,2.0937158492891332,-0.9950206368307237,-1.4074749399976065,-0.6874457193540321,-0.0015880861687390592,17.0
0.12105120381328809,-0.33187356367490134,-0.02825433322421541,-0.14456238465016696,0.29312591346110584,-1.4012611502701102,1.3034890381104978,-0.2699467875247655,52.0
-0.8483480756156994,-0.33187356367490134,-0.009810432361775754,1.9984699669938437,-0.07491595805084544,-1.388833570815118,-1.1386287759017493,-1.209202242270858,7.0
-1.27198912930084,-0.33187356367490134,-0.020569374531532226,-0.005226818748568585,-1.2171148696396599,-1.3701922016326296,0.5658405488340713,-0.6053951642197984,63.0
-0.549839432805529,-0.33187356367490134,0.002485501546517333,0.8078964383027267,-1.2171148696396599,-1.3701922016326296,0.5658405488340713,-0.6053951642197984,17.0
-1.3624462937887705,-0.33187356367490134,-0.03593929191689859,-0.5255459138313244,1.8224033450883517,-1.3639784119051335,-0.9953960595373946,1.2731157452723865,43.0
-1.3594310549725062,-0.33187356367490134,-0.017495391054458947,1.04601114404095,0.6611677849730572,-1.3577646221776374,0.4799009190154585,0.19968093984828075,17.0
0.27784362225903414,-0.33187356367490134,-0.03440230017836196,-0.8112835607171925,0.6611677849730572,-1.3577646221776374,0.4799009190154585,0.19968093984828075,12.0
1.180907647730206,-0.33187356367490134,-0.040550267132508505,-0.005226818748568585,0.6611677849730572,-1.3577646221776374,0.4799009190154585,0.19968093984828075,11.0
-1.5312996674995738,-0.33187356367490134,-0.006736448884702478,1.8079782024032651,-0.0685704085420187,-1.351550832450141,0.7019116293802082,-0.9408435409148315,17.0
-0.0945383715496127,-0.33187356367490134,-0.03132831670128868,-0.0016935612072329082,1.3464871319263458,-1.345337042722645,1.5899544708392073,-0.0015880861687390592,20.0
1.0406990427739138,-0.33187356367490134,-0.01595839931592231,-0.005226818748568585,1.111701800099756,-1.3329094632676528,-0.28639411353383903,0.19968093984828075,20.0
-1.5554215780296887,-0.33187356367490134,-0.0036624654076292218,1.9032240846985544,0.3946547056023338,-1.3142680940851643,-0.7733853491726449,-1.209202242270858,26.0
0.3848846002364184,-0.33187356367490134,-0.020569374531532226,-0.6207917961266138,-1.3947902558868088,-1.3018405146301721,0.3223449310146683,-0.06867776150774567,62.0
-1.6519092201501477,-0.33187356367490134,-0.005199457146165839,0.37928996797392456,-1.3947902558868088,-1.3018405146301721,0.3223449310146683,-0.06867776150774567,17.0
-1.6594473171908086,-0.33187356367490134,-0.03593929191689859,-0.005226818748568585,0.940371963361434,-1.2956267249026758,0.15762730719566045,0.4009499658653006,25.0
-0.42169178311429434,-0.33187356367490134,0.09681698731238819,-0.005226818748568585,1.2068850427321574,-1.2894129351751797,-0.5728595462625484,0.9376673685773534,78.0
1.1447247819350337,-0.33187356367490134,-0.012884415838849032,-0.6207917961266138,0.9530630623790876,-1.2769853557201876,-1.5969734682676844,1.4743847712894063,59.0
-0.056847886346308364,-0.33187356367490134,-0.037476283655435226,-1.2875129721936394,1.1561206466615435,-1.2769853557201876,-1.525357110085507,1.4743847712894063,71.0
1.503538201070491,-0.33187356367490134,0.09681698731238819,-0.005226818748568585,-0.9823295378130702,-1.2707715659926913,-1.4107709369940233,1.340205420611393,7.0
-1.2750043681171044,-0.33187356367490134,0.09681698731238819,-0.14456238465016696,1.6320368598235493,-1.2645577762651952,0.7735279875623856,0.7363983425603335,27.0
0.11351310677262723,-0.33187356367490134,0.09681698731238819,-0.6207917961266138,0.3121625619875861,-1.2459164070827067,1.0098619695635709,0.5351293165433137,17.0
0.13461977848647766,-0.33187356367490134,-0.051309209302264965,-0.4303000315360351,0.3121625619875861,-1.2459164070827067,1.0098619695635709,0.5351293165433137,69.0
0.24769123409639066,-0.33187356367490134,-0.040550267132508505,-0.005226818748568585,-0.7919630525482678,-1.2334888276277145,-0.6444759044447257,-1.209202242270858,11.0
0.9819018858567591,-0.33187356367490134,-0.03901327539397187,-0.23980826694545632,-0.7919630525482678,-1.2334888276277145,-0.6444759044447257,-1.209202242270858,59.0
-0.028203117591797073,-0.33187356367490134,-0.03132831670128868,0.09355232108805646,-0.7919630525482678,-1.2334888276277145,-0.6444759044447257,-1.209202242270858,20.0
0.9246123483477365,-0.33187356367490134,-0.03132831670128868,-1.7161194425224415,0.43272800265529426,-1.221061248172722,-1.2388916773567977,-0.2699467875247655,22.0
-0.33877271566702477,-0.33187356367490134,-0.037476283655435226,-0.3826770903883904,1.1751572951880236,-1.214847458445226,-1.224568405720362,-1.209202242270858,20.0
-0.3372650962588926,-0.33187356367490134,-0.037476283655435226,-0.3826770903883904,1.1751572951880236,-1.214847458445226,-1.224568405720362,-1.209202242270858,20.0
-1.2131919723836853,-0.33187356367490134,-0.005199457146165839,1.7603552612556204,-0.08126150755967218,-1.1962060892627375,-1.203083498265709,0.19968093984828075,17.0
-1.5976349214573895,-0.33187356367490134,-0.04823522582519169,-1.6208735602271522,1.0101730079585283,-1.1775647200802493,-0.7733853491726449,-1.209202242270858,22.0
0.02154832287656465,-0.33187356367490134,-0.002125473669092583,0.8078964383027267,0.48349239872590827,-1.171350930352753,1.4825299335659412,-0.9408435409148315,17.0
1.5125839175192841,-0.33187356367490134,0.005559485023590611,-0.005226818748568585,-1.4074813549044622,-1.1527095611702647,-0.3436872000795809,-0.06867776150774567,36.0
-1.419735831297793,-0.33187356367490134,-0.012884415838849032,-0.005226818748568585,-1.4074813549044622,-1.1527095611702647,-0.3436872000795809,-0.06867776150774567,102.0
-0.9945871582045201,-0.33187356367490134,-0.03593929191689859,-0.005226818748568585,-1.4074813549044622,-1.1527095611702647,-0.3436872000795809,-0.06867776150774567,32.0
1.729681112290317,-0.33187356367490134,0.02554037762456689,-0.005226818748568585,-1.4074813549044622,-1.1527095611702647,-0.3436872000795809,-0.06867776150774567,92.0
1.5321829698250022,-0.33187356367490134,0.02861436110164017,-0.005226818748568585,-1.4074813549044622,-1.1527095611702647,-0.3436872000795809,-0.06867776150774567,98.0
0.6849008624547209,-0.33187356367490134,-0.032865308439825325,-1.2398900310459946,1.6574190578588563,-1.1340681919877762,-1.5540036533583779,-1.5446506189658908,20.0
-0.7714594858009586,-0.33187356367490134,-0.008273440623239117,0.18879820338334583,1.3020682853645587,-1.12785440226028,-1.1672753191746204,0.7363983425603335,52.0
-1.3187253309529374,-0.33187356367490134,-0.032865308439825325,-0.14456238465016696,1.892204389685446,-1.121640612532784,0.9883770621089176,0.669308667221327,93.0
-1.3307862862179949,-0.33187356367490134,-0.008273440623239117,-0.005226818748568585,-1.3186436617808877,-1.0967854536227994,0.3939612891968457,-0.5383054888807919,10.0
0.31101124923794193,-0.33187356367490134,-0.02671734148567877,-0.33505414924074567,1.8097122460706982,-1.084357874167807,-1.0598507819013543,-1.2762919176098646,20.0
-1.1347957631608123,-0.33187356367490134,-0.02671734148567877,0.5697817325645033,-0.48737667612458396,-1.0595027152578225,-1.4895489309944183,0.9376673685773534,20.0
-1.131780524344548,-0.33187356367490134,-0.02671734148567877,0.5697817325645033,-0.48737667612458396,-1.0595027152578225,-1.4895489309944183,0.9376673685773534,20.0
-1.5252691898670452,-0.33187356367490134,-0.029791324962752046,-0.906529443012482,-0.48737667612458396,-1.0595027152578225,-1.4895489309944183,0.9376673685773534,7.0
-0.610144209130816,-0.33187356367490134,0.09681698731238819,-0.005226818748568585,-0.34142903742156877,-1.0532889255303264,-1.0884973251742251,-0.2699467875247655,17.0
-0.6342661196609307,-0.33187356367490134,0.09681698731238819,0.9983882028933054,-0.011460462962577973,-1.040861346075334,-0.3651721075342341,-0.2699467875247655,17.0
-0.6327585002527986,-0.33187356367490134,-0.029791324962752046,-0.3826770903883904,-0.011460462962577973,-1.040861346075334,-0.3651721075342341,-0.2699467875247655,64.0
-0.9071452325328542,-0.33187356367490134,-0.012884415838849032,1.7603552612556204,-0.25259134429799435,-1.0284337666203418,0.4154461966514989,1.675653797306426,10.0
1.6723915747812945,-0.33187356367490134,-0.032865308439825325,-0.7160376784219031,-0.25259134429799435,-1.0284337666203418,0.4154461966514989,1.675653797306426,99.0
0.009487367611507262,-0.33187356367490134,-0.04208725887104515,-1.19226708989835,-0.25259134429799435,-1.0284337666203418,0.4154461966514989,1.675653797306426,81.0
-1.1046433749981688,-0.33187356367490134,-0.05899416799494815,-0.005226818748568585,1.7272201024559506,-1.0222199768928457,0.5228707339247649,0.26677061518728734,11.0
0.25975218936144806,-0.33187356367490134,-0.05284620104080161,-1.6208735602271522,-0.06222485903319194,-1.0097923974378533,-1.4394174802668942,0.5351293165433137,35.0
-0.6402965972934594,-0.33187356367490134,-0.032865308439825325,-0.005226818748568585,0.6294400374289234,-0.997364817982861,0.5371940055612003,0.26677061518728734,17.0
1.6362087089861224,-0.33187356367490134,-0.03901327539397187,-1.2875129721936394,0.3375447600228931,-0.9911510282553649,0.9095990681085225,0.8034880178993402,102.0
0.9954704605299486,-0.33187356367490134,0.007096476762127249,-1.2875129721936394,0.3375447600228931,-0.9911510282553649,0.9095990681085225,0.8034880178993402,95.0
-0.48651941766397777,-0.33187356367490134,0.01785541893188372,2.236584672732067,-1.286915914236754,-0.9787234488003727,1.1817412292007965,1.340205420611393,14.0
0.16326454724098893,-0.6750945594891726,-0.03593929191689859,-0.14456238465016696,-0.6967798099158666,-0.9662958693453804,-1.4895489309944183,1.4743847712894063,5.0
-1.3202329503610697,-0.33187356367490134,-0.020569374531532226,0.09355232108805646,0.026612834090382505,-0.9538682898903881,-1.0168809669920478,1.4743847712894063,25.0
-0.03574121463245794,-0.33187356367490134,-0.03593929191689859,-1.0017753253077712,0.026612834090382505,-0.9538682898903881,-1.0168809669920478,1.4743847712894063,71.0
-1.5916044438248609,-0.33187356367490134,-0.012884415838849032,-1.6684965013747968,0.11545052721395696,-0.947654500162892,-1.5468420175401603,-0.5383054888807919,63.0
-0.14428981201797442,-0.33187356367490134,0.09681698731238819,0.7126505560074373,-0.7031253594246933,-0.9352269207078997,-0.9882344237191769,-0.06867776150774567,17.0
-1.0503690763054105,-0.33187356367490134,-0.037476283655435226,-0.6684147372742585,1.866822191650139,-0.9227993412529074,1.1745795933825787,1.6085641219674194,23.0
1.5623353579876458,-0.33187356367490134,0.013244443716273804,1.04601114404095,-0.5762143692481584,-0.9103717617979151,1.4825299335659412,-0.9408435409148315,10.0
1.6693763359650302,-0.33187356367490134,-0.01595839931592231,-0.005226818748568585,-0.5762143692481584,-0.9103717617979151,1.4825299335659412,-0.9408435409148315,20.0
-0.20007173011886484,-0.33187356367490134,-0.005199457146165839,0.8078964383027267,-0.5762143692481584,-0.9103717617979151,1.4825299335659412,-0.9408435409148315,17.0
-0.08398503569268749,-0.33187356367490134,0.002485501546517333,1.2841258497791737,-0.5762143692481584,-0.9103717617979151,1.4825299335659412,-0.9408435409148315,17.0
-0.08549265510081966,-0.33187356367490134,0.002485501546517333,1.2841258497791737,-0.5762143692481584,-0.9103717617979151,1.4825299335659412,-0.9408435409148315,17.0
1.616609656680404,-0.33187356367490134,-0.04516124234811842,-1.4303817956365734,1.1815028446968503,-0.8917303926154266,0.923922339744958,0.9376673685773534,22.0
0.9562723559185121,-0.33187356367490134,-0.017495391054458947,0.5697817325645033,1.1624661961703702,-0.8855166028879305,1.1674179575643608,-0.8737538655758249,12.0
0.35322459266564277,-0.33187356367490134,-0.012884415838849032,1.522240555517397,-0.8300363496012283,-0.8793028131604343,0.6517801786526841,1.0718467192553667,17.0
-0.15635076728303182,-0.33187356367490134,-0.032865308439825325,-0.906529443012482,-0.8300363496012283,-0.8793028131604343,0.6517801786526841,1.0718467192553667,7.0
-1.113689091446962,-0.33187356367490134,-0.03901327539397187,-1.0017753253077712,1.587618013261762,-0.8668752337054421,-0.7590620775362095,-0.7395745148978117,64.0
-0.7654290081684298,-0.33187356367490134,0.005559485023590611,1.3317487909268182,1.7970211470530448,-0.8420200747954575,-0.3222022926249277,-1.209202242270858,10.0
0.02607118110096117,-0.33187356367490134,-0.032865308439825325,-1.3351359133412841,-1.0711672309366447,-0.8358062850679614,-0.608667725353637,-1.209202242270858,102.0
-1.6865844665371879,-0.33187356367490134,0.09681698731238819,-0.005226818748568585,-0.39853898300100954,-0.8233787056129691,-0.40098028662532276,-0.6724848395588051,24.0
0.2672902864021089,1.0361974109154213,-0.029791324962752046,9.136296419757219e-15,0.5279112452876955,-0.8047373364304807,-1.4036093011758055,-0.5383054888807919,102.0
1.1522628789756946,-0.33187356367490134,0.010170460239200527,-0.005226818748568585,-0.030497111489058214,-0.7923097569754884,1.6400859215667314,-1.0750228915928448,94.0
1.310562916829573,-0.33187356367490134,-0.005199457146165839,-0.005226818748568585,-0.030497111489058214,-0.7923097569754884,1.6400859215667314,-1.0750228915928448,32.0
1.1266333490374476,-0.33187356367490134,-0.03593929191689859,-0.005226818748568585,0.6421311364465769,-0.7674545980655039,-0.7304155342633385,-1.2762919176098646,20.0
-0.8046271127798663,-0.33187356367490134,0.01785541893188372,2.712814084208514,-0.6650520623717329,-0.7550270186105116,-0.823516799900169,1.340205420611393,14.0
-0.8845309414108715,-0.33187356367490134,-0.005199457146165839,1.2841258497791737,-0.6650520623717329,-0.7550270186105116,-0.823516799900169,1.340205420611393,17.0
-0.4005851114004439,-0.33187356367490134,-0.03593929191689859,-1.2875129721936394,0.3248536610052396,-0.7488132288830154,-0.26490920607918583,-0.47121581354178527,54.0
-1.0533843151216749,-0.33187356367490134,-0.022106366270068865,0.5697817325645033,1.4035970775057864,-0.7425994391555193,1.4753682977477234,-1.5446506189658908,69.0
0.2914121969322237,-0.33187356367490134,-0.02671734148567877,0.14117526223570115,1.4035970775057864,-0.7425994391555193,1.4753682977477234,-1.5446506189658908,11.0
1.597010604374686,-0.33187356367490134,0.09681698731238819,-1.2875129721936394,-1.1092405279896052,-0.7239580699730308,-1.281861492266104,-0.6053951642197984,67.0
-0.21213268538392221,-0.33187356367490134,0.034762328055786725,1.9984699669938437,-1.1092405279896052,-0.7239580699730308,-1.281861492266104,-0.6053951642197984,14.0
-1.1257500467120192,-0.33187356367490134,-0.0036624654076292218,1.9984699669938437,1.644727958841203,-0.7115304905180385,-1.3463162146300636,-1.2762919176098646,17.0
-1.0940900391412436,-0.33187356367490134,0.09681698731238819,0.9983882028933054,0.6865499830083641,-0.6680339624255656,-1.2102451340839266,-0.9408435409148315,17.0
-0.967450008858141,-0.33187356367490134,0.007096476762127249,1.4746176143697522,0.8705709187643398,-0.6556063829705733,-1.1099822326288784,-1.209202242270858,17.0
-0.8287490233099811,-0.33187356367490134,-0.037476283655435226,-0.8589065018648372,1.8033666965618715,-0.643178803515581,1.1745795933825787,1.6085641219674194,8.0
-1.2629434128520471,-0.33187356367490134,-0.03440230017836196,-0.005226818748568585,-1.3059525627632342,-0.6121098548781003,0.47273928319724073,-0.5383054888807919,22.0
0.250706472912655,-0.33187356367490134,0.01785541893188372,-0.005226818748568585,-0.37315678496570254,-0.6058960651506041,-1.1672753191746204,0.7363983425603335,14.0
-0.27997555874987,-0.33187356367490134,-0.02825433322421541,-0.005226818748568585,-0.37315678496570254,-0.6058960651506041,-1.1672753191746204,0.7363983425603335,20.0
-0.10659932681467009,-0.33187356367490134,-0.03593929191689859,-0.5255459138313244,0.6548222354642305,-0.599682275423108,-0.5155664597168065,0.33386029052629396,20.0
1.171861931281413,-0.33187356367490134,-0.005199457146165839,0.7126505560074373,1.0990107010821026,-0.5872546959681157,-1.224568405720362,-1.209202242270858,25.0
0.2491988535045228,-0.33187356367490134,0.09681698731238819,1.2841258497791737,1.0990107010821026,-0.5872546959681157,-1.224568405720362,-1.209202242270858,17.0
0.09542167387504114,-0.33187356367490134,0.002485501546517333,0.4745358502692139,-0.19548139871855363,-0.5810409062406195,-0.5800211820807661,0.9376673685773534,7.0
1.0904504832422754,-0.33187356367490134,0.010170460239200527,1.7603552612556204,0.15352382426691744,-0.5623995370581312,-0.9739111520827415,-0.6053951642197984,10.0
0.39393031668521145,-0.33187356367490134,0.019392410670420336,-0.005226818748568585,0.15352382426691744,-0.5623995370581312,-0.9739111520827415,-0.6053951642197984,33.0
1.355791499073538,-0.33187356367490134,0.002485501546517333,-0.005226818748568585,0.15352382426691744,-0.5623995370581312,-0.9739111520827415,-0.6053951642197984,17.0
-0.7684442469846942,-0.33187356367490134,-0.043624250609581784,0.18879820338334583,-1.1663504735690458,-0.556185747330635,0.7592047159259501,-1.2762919176098646,17.0
-0.3824936785028578,-0.33187356367490134,-0.020569374531532226,2.903305848799093,-1.3694080578515018,-0.5499719576031389,-0.12883812553304888,-0.5383054888807919,17.0
1.4703705740915833,-0.33187356367490134,-0.040550267132508505,-0.7160376784219031,1.8350944441060053,-0.5313305884206504,-0.43678846571641144,-0.20285711218575886,21.0
1.2894562451157225,-0.33187356367490134,-0.02364335800860549,-0.005226818748568585,-0.1637536511744199,-0.5064754295106658,-1.468064023539765,0.9376673685773534,20.0
0.7648046910857261,-0.33187356367490134,-0.032865308439825325,-0.005226818748568585,-0.1637536511744199,-0.5064754295106658,-1.468064023539765,0.9376673685773534,102.0
1.6090715596397431,-0.33187356367490134,-0.02671734148567877,-1.2875129721936394,-1.4455546519574227,-0.4940478500556736,1.1101248710186191,-1.2762919176098646,7.0
-1.297618659239087,-0.33187356367490134,-0.02518034974714213,-0.14456238465016696,0.3502358590405466,-0.4816202706006813,-0.823516799900169,1.340205420611393,24.0
1.3211162526864981,-0.33187356367490134,-0.014421407577385671,2.236584672732067,-1.3313347607985413,-0.47540648087318516,1.5971161066574249,-0.5383054888807919,17.0
-0.03121835640806142,-0.33187356367490134,-0.020569374531532226,-1.049398266455416,-0.45564892858045025,-0.46297890141819287,1.5254997484752477,-1.343381592948871,
-0.5890375374169655,-0.33187356367490134,-0.04823522582519169,-1.6208735602271522,-0.45564892858045025,-0.46297890141819287,1.5254997484752477,-1.343381592948871,63.0
-0.029710736999929245,-0.33187356367490134,-0.020569374531532226,-1.049398266455416,-0.45564892858045025,-0.46297890141819287,1.5254997484752477,-1.343381592948871,95.0
-1.3564158161562418,-0.33187356367490134,-0.005199457146165839,1.2841258497791737,-0.8046541515659212,-0.4567651116906967,-0.8951331580823464,0.8034880178993402,27.0
0.6396722802107557,-0.33187356367490134,-0.020569374531532226,-0.005226818748568585,-1.0521305824101643,-0.44433753223570444,1.0886399635639659,1.340205420611393,102.0
1.720635395841524,-0.33187356367490134,-0.04516124234811842,-1.8113653248177308,-1.0521305824101643,-0.44433753223570444,1.0886399635639659,1.340205420611393,35.0
-0.3478184321158178,-0.6750945594891726,-0.012884415838849032,-0.3826770903883904,1.4480159240675736,-0.4381237425082083,1.1745795933825787,1.6085641219674194,92.0
-0.5739613433356439,-0.33187356367490134,-0.012884415838849032,0.09355232108805646,1.4480159240675736,-0.4381237425082083,1.1745795933825787,1.6085641219674194,20.0
1.4794162905403763,-0.33187356367490134,0.09681698731238819,-0.6207917961266138,1.4480159240675736,-0.4381237425082083,1.1745795933825787,1.6085641219674194,20.0
-1.0910748003249793,-0.33187356367490134,-0.03593929191689859,-0.8112835607171925,-0.024151561980231467,-0.4132685835982237,0.028717862467741256,1.675653797306426,7.0
-1.036800501632221,-0.33187356367490134,-0.009810432361775754,1.2841258497791737,-0.7983086020570945,-0.4070547938707276,0.8523059815627806,0.04272236209924818,17.0
-0.49405751470463866,-0.33187356367490134,-0.04208725887104515,-1.3351359133412841,0.05199503212568949,-0.4008410041432315,0.20059712210496686,-1.2762919176098646,67.0
-1.1604252930990593,-0.33187356367490134,0.010170460239200527,1.2841258497791737,0.05199503212568949,-0.4008410041432315,0.20059712210496686,-1.2762919176098646,17.0
1.6814372912300874,-0.33187356367490134,0.010170460239200527,1.2841258497791737,0.05199503212568949,-0.4008410041432315,0.20059712210496686,-1.2762919176098646,17.0
-1.0247395463671636,-0.33187356367490134,-0.020569374531532226,0.5221587914168586,1.5622358152264553,-0.38219963496074305,-1.3105080355389749,-1.4775609436268844,82.0
-0.4850117982558456,-0.33187356367490134,0.09681698731238819,-0.33505414924074567,1.5622358152264553,-0.38219963496074305,-1.3105080355389749,-1.4775609436268844,12.0
0.30347315219728105,-0.33187356367490134,-0.02825433322421541,-0.14456238465016696,-0.23990024528034085,-0.3759858452332469,-1.3248313071754105,0.9376673685773534,20.0
0.2522140923207872,-0.33187356367490134,-0.04669823408665506,-1.049398266455416,-0.11933480461263267,-0.3449168965957662,-0.5084048238985888,1.340205420611393,22.0
0.014010225835903781,-0.33187356367490134,-0.02825433322421541,-0.3826770903883904,-0.11933480461263267,-0.3449168965957662,-0.5084048238985888,1.340205420611393,20.0
-1.4091824954408678,-0.33187356367490134,-0.03132831670128868,-1.0017753253077712,-0.4239211810363165,-0.33870310686827004,-1.4250942086304588,-0.5383054888807919,11.0
-0.4337527383793517,-0.33187356367490134,-0.017495391054458947,0.8078964383027267,-0.4239211810363165,-0.33870310686827004,-1.4250942086304588,-0.5383054888807919,17.0
-0.4427984548281447,-0.33187356367490134,-0.03132831670128868,-1.0017753253077712,-0.4239211810363165,-0.33870310686827004,-1.4250942086304588,-0.5383054888807919,11.0
-0.4382755966037482,-0.33187356367490134,-0.02671734148567877,-0.4779229726836797,-0.4239211810363165,-0.33870310686827004,-1.4250942086304588,-0.5383054888807919,24.0
-1.0699681286111289,-0.33187356367490134,-0.02518034974714213,-1.19226708989835,-0.4239211810363165,-0.33870310686827004,-1.4250942086304588,-0.5383054888807919,63.0
-1.2222376888324784,-0.33187356367490134,0.002485501546517333,1.04601114404095,-0.4239211810363165,-0.33870310686827004,-1.4250942086304588,-0.5383054888807919,25.0
-0.4352603577874839,-0.33187356367490134,-0.02518034974714213,-0.9541523841601266,-0.4239211810363165,-0.33870310686827004,-1.4250942086304588,-0.5383054888807919,57.0
-0.43224511897121953,-0.33187356367490134,0.09681698731238819,0.8078964383027267,-0.4239211810363165,-0.33870310686827004,-1.4250942086304588,-0.5383054888807919,17.0
-0.8785004637783429,-0.33187356367490134,-0.03593929191689859,-0.005226818748568585,-1.4328635529397693,-0.3324893171407739,-0.7733853491726449,-1.209202242270858,20.0
-0.29655937223932394,-0.33187356367490134,0.020929402408956976,-0.005226818748568585,-1.4328635529397693,-0.3324893171407739,-0.7733853491726449,-1.209202242270858,83.0
-1.3142024727285408,-0.33187356367490134,-0.043624250609581784,-1.3351359133412841,1.9746965333001938,-0.32627552741327775,1.7260255513853442,0.19968093984828075,21.0
-1.6579396977826764,-0.33187356367490134,-0.03132831670128868,0.2364211445309905,0.8451887207290328,-0.31384794795828547,-0.8020318924455159,-0.7395745148978117,20.0
-0.6900480377618212,-0.33187356367490134,-0.005199457146165839,-1.0017753253077712,0.8451887207290328,-0.31384794795828547,-0.8020318924455159,-0.7395745148978117,12.0
-1.6564320783745443,-0.33187356367490134,0.09681698731238819,0.2364211445309905,0.8451887207290328,-0.31384794795828547,-0.8020318924455159,-0.7395745148978117,20.0
1.6527925224755762,-0.33187356367490134,-0.02518034974714213,0.045929379940411776,-0.4810311266157572,-0.3014203685032932,0.12898076392278954,1.7427434726454327,20.0
-1.1966081588942314,-0.33187356367490134,-0.02825433322421541,-0.005226818748568585,0.9340264138526072,-0.2889927890483009,1.6830557364760377,1.0718467192553667,11.0
-0.6026061120901551,-0.33187356367490134,0.09681698731238819,0.5221587914168586,0.9340264138526072,-0.2889927890483009,1.6830557364760377,1.0718467192553667,20.0
0.9803942664486269,-0.33187356367490134,-0.03593929191689859,-0.8589065018648372,-0.6840887108982131,-0.28277899932080475,-1.3105080355389749,-0.06867776150774567,85.0
-0.4578746489094665,-0.33187356367490134,0.09681698731238819,-0.3826770903883904,-0.6840887108982131,-0.28277899932080475,-1.3105080355389749,-0.06867776150774567,43.0
-0.7563832917196368,-0.33187356367490134,-0.012884415838849032,-0.8589065018648372,-0.6840887108982131,-0.28277899932080475,-1.3105080355389749,-0.06867776150774567,7.0
-0.40360035021670826,-0.33187356367490134,0.010170460239200527,-0.005226818748568585,0.6040578393936165,-0.2641376301383163,-0.9739111520827415,-0.6053951642197984,15.0
-1.5946196826411252,-0.33187356367490134,-0.02825433322421541,-0.005226818748568585,0.6040578393936165,-0.2641376301383163,-0.9739111520827415,-0.6053951642197984,22.0
0.4904179588056706,-0.33187356367490134,-0.04208725887104515,-1.2398900310459946,1.5495447162088016,-0.251710050683324,0.9812154262906998,-1.2762919176098646,63.0
1.328654349727159,-0.33187356367490134,0.002485501546517333,1.2841258497791737,0.7055866315348444,-0.2454962609558279,1.002700333745353,1.4743847712894063,17.0
-0.26791460348481266,-0.33187356367490134,-0.03901327539397187,-0.005226818748568585,0.013921735072729013,-0.23928247122833177,-1.2388916773567977,-0.2699467875247655,41.0
-0.4051079696248404,-0.33187356367490134,0.004022493285053972,1.04601114404095,0.30581701247875936,-0.22064110204584333,0.4369311041061521,-1.2762919176098646,31.0
0.7301294446986861,-0.33187356367490134,0.09681698731238819,-0.14456238465016696,0.30581701247875936,-0.22064110204584333,0.4369311041061521,-1.2762919176098646,21.0
0.1150207261807594,-0.33187356367490134,-0.002125473669092583,0.09355232108805646,1.568581364735282,-0.2144273123183472,-0.3007173851702745,-0.20285711218575886,17.0
-1.6232644513956365,-0.33187356367490134,0.09681698731238819,-0.6207917961266138,1.568581364735282,-0.2144273123183472,-0.3007173851702745,-0.20285711218575886,76.0
-0.3900317755435187,-0.33187356367490134,0.09681698731238819,2.0460929081414885,1.213230592240984,-0.20821352259085105,1.0958015993821837,-1.2762919176098646,17.0
1.304532439197044,-5.789718436035902,49.07094675432866,15.190024664891421,-1.8035136431611665e-16,0.9289099975409429,1.625762649930296,0.0,0.0
-0.28449841697426653,-0.33187356367490134,0.09681698731238819,-0.6207917961266138,0.8261520722025526,-0.18957215340836264,1.1745795933825787,1.6085641219674194,92.0
0.7225913476580252,-0.33187356367490134,-0.04823522582519169,-0.8589065018648372,0.413691354128814,-0.17714457395337035,0.8666292531992161,1.00475704391636,92.0
0.7240989670661574,-0.33187356367490134,-0.01595839931592231,1.2841258497791737,-0.21451804724503387,-0.1709307842258742,1.3679437604744575,0.9376673685773534,17.0
-1.5735130109272748,-0.33187356367490134,-0.012884415838849032,2.236584672732067,-0.21451804724503387,-0.1709307842258742,1.3679437604744575,0.9376673685773534,17.0
-1.5720053915191425,-0.33187356367490134,-0.012884415838849032,2.236584672732067,-0.21451804724503387,-0.1709307842258742,1.3679437604744575,0.9376673685773534,17.0
-0.8227185456774524,-0.33187356367490134,-0.037476283655435226,-1.0970212076030605,-0.21451804724503387,-0.1709307842258742,1.3679437604744575,0.9376673685773534,11.0
-0.36440224560527174,-0.33187356367490134,-0.008273440623239117,-0.005226818748568585,-0.96329288928659,-0.15228941504338578,0.923922339744958,0.9376673685773534,41.0
0.3698084061550967,-0.33187356367490134,-0.05284620104080161,-1.0970212076030605,-0.96329288928659,-0.15228941504338578,0.923922339744958,0.9376673685773534,22.0
0.3698084061550967,-0.33187356367490134,-0.05284620104080161,-1.0970212076030605,-0.96329288928659,-0.15228941504338578,0.9382456113813934,0.04272236209924818,22.0
0.3698084061550967,-0.33187356367490134,-0.05284620104080161,-1.0970212076030605,-0.96329288928659,-0.15228941504338578,0.923922339744958,0.9376673685773534,22.0
0.8356628032679383,-0.33187356367490134,-0.02364335800860549,0.8078964383027267,-0.96329288928659,-0.15228941504338578,0.923922339744958,0.9376673685773534,7.0
-0.3945546337679152,-0.33187356367490134,-0.03440230017836196,-0.5255459138313244,-0.96329288928659,-0.15228941504338578,0.923922339744958,0.9376673685773534,43.0
-0.18650315544567528,-0.33187356367490134,-0.011347424100312394,1.522240555517397,-0.96329288928659,-0.15228941504338578,0.923922339744958,0.9376673685773534,17.0
0.007979748203375088,-0.33187356367490134,-0.03440230017836196,-1.2398900310459946,-0.70947090893352,-0.14607562531588963,0.45125437574258753,1.675653797306426,67.0
1.1492476401594303,-0.33187356367490134,-0.012884415838849032,-1.0017753253077712,0.2867803639522791,-0.13364804586089735,0.4584160115608053,-0.0015880861687390592,101.0
1.2472429016880215,-0.33187356367490134,-0.03593929191689859,-1.5732506190795075,0.2867803639522791,-0.13364804586089735,0.4584160115608053,-0.0015880861687390592,63.0
1.016577132243799,-0.33187356367490134,-0.04208725887104515,-0.7636606195695479,0.2867803639522791,-0.13364804586089735,0.4584160115608053,-0.0015880861687390592,22.0
0.4316208018885158,-0.33187356367490134,-0.03901327539397187,-0.5255459138313244,-0.5825599187569852,-0.1274342561334012,-1.4107709369940233,1.340205420611393,7.0
0.5974589367830548,-0.33187356367490134,-0.03132831670128868,-0.7160376784219031,1.8731677411589658,-0.10879288695091278,-0.10019158226017795,-0.9408435409148315,20.0
-0.09001551332521618,-0.33187356367490134,-0.03440230017836196,-0.005226818748568585,1.1688117456791969,-0.08393772804092822,-1.3176696713571927,1.00475704391636,41.0
-0.23173173768964048,-0.33187356367490134,-0.012884415838849032,-0.005226818748568585,-0.887146295180669,-0.07151014858593593,-1.4609023877215475,0.8034880178993402,17.0
-0.041771692264986636,-0.33187356367490134,-0.02518034974714213,-1.1446441487507053,0.6992410820260176,-0.034227410220959084,-1.1672753191746204,0.7363983425603335,57.0
1.2095524164847173,-0.33187356367490134,-0.008273440623239117,-0.005226818748568585,1.4353248250499202,-0.02801362049346294,1.2605192232011915,-1.5446506189658908,17.0
-0.8151804486367915,-0.33187356367490134,-0.012884415838849032,1.04601114404095,1.765293399508911,-0.0217998307659668,0.4799009190154585,0.19968093984828075,17.0
-0.02217263995926838,-0.33187356367490134,-0.020569374531532226,1.2841258497791737,-0.8236908000924015,-0.009372251310974515,-1.5540036533583779,-1.5446506189658908,17.0
0.11049786795636288,-0.33187356367490134,-0.04208725887104515,-1.19226708989835,1.314759384382212,0.0030553281440177686,-0.014251952441565147,-0.8066641902368183,8.0
-1.0609224121623357,-0.6750945594891726,-0.051309209302264965,-1.6208735602271522,1.7335656519647773,0.00926911787151391,-0.007090316623347414,0.8705776932383468,13.0
0.024563561692828993,-0.33187356367490134,-0.014421407577385671,1.0936340851885948,-0.08760705706849893,0.04033806650899462,0.9024374322903048,-0.6724848395588051,17.0
0.22356932356627587,-0.33187356367490134,-0.03593929191689859,-0.005226818748568585,1.9366232362472333,0.05897943569148305,-0.24342429862453263,0.19968093984828075,67.0
0.9773790276323625,-0.33187356367490134,-0.032865308439825325,-1.0970212076030605,0.4200369036376408,0.07140701514647534,1.8191268170221746,1.00475704391636,63.0
1.0286380875088565,-0.33187356367490134,-0.02364335800860549,-1.5256276779318627,-0.5254499731775445,0.08383459460146761,0.9740537904724821,0.26677061518728734,67.0
0.10597500973196636,-0.33187356367490134,-0.04208725887104515,-0.6207917961266138,0.2296704183728384,0.09004838432896375,-1.1887602266292734,1.541474446628413,7.0
-0.47144322358265606,-0.33187356367490134,0.09681698731238819,-1.6684965013747968,-1.2107693201308332,0.10247596378395604,-0.6301526328082903,1.541474446628413,65.0
1.0602980950796321,-0.33187356367490134,-0.032865308439825325,-0.6684147372742585,0.9213353148349538,0.11490354323894833,0.3653147459239747,1.675653797306426,25.0
0.14215787552713852,-0.33187356367490134,-0.03132831670128868,-1.0970212076030605,-0.4683400275981037,0.12733112269394062,-0.501243188080371,-1.343381592948871,23.0
-0.3719403426459326,-0.33187356367490134,-0.020569374531532226,-0.6207917961266138,-0.8934918446894957,0.14597249187642902,-0.9452646088098705,0.8034880178993402,7.0
-0.732261381189522,-0.33187356367490134,0.09681698731238819,-0.005226818748568585,1.917586587720753,0.1584000713314213,0.2722134802871442,-1.2762919176098646,17.0
-1.4046596372164712,-0.33187356367490134,-0.043624250609581784,-1.049398266455416,0.7880787751495921,0.16461386105891745,0.816497802471692,1.00475704391636,32.0
0.17231026368978197,-0.33187356367490134,-0.02825433322421541,-0.005226818748568585,0.7880787751495921,0.16461386105891745,0.816497802471692,1.00475704391636,17.0
0.25522933113705154,-0.33187356367490134,0.02554037762456689,-0.6207917961266138,0.7880787751495921,0.16461386105891745,0.816497802471692,1.00475704391636,98.0
-0.515164186418489,-0.33187356367490134,0.03322533631725008,0.2840440856786352,0.7246232800613246,0.1708276507864136,1.1602563217461432,-1.2762919176098646,12.0
1.3859438872361816,-0.33187356367490134,0.09681698731238819,-0.005226818748568585,0.5406023443053489,0.1832552302414059,-1.360639486266499,-0.13576743684675227,17.0
0.7180684894336288,-0.33187356367490134,-0.012884415838849032,0.18879820338334583,-0.4493033790716235,0.18946901996890203,-0.47975828062571785,1.340205420611393,25.0
0.8793837661037713,-0.33187356367490134,-0.03593929191689859,-0.3826770903883904,-0.4493033790716235,0.18946901996890203,-0.47975828062571785,1.340205420611393,7.0
0.5070017722951244,-0.33187356367490134,-0.012884415838849032,0.8078964383027267,0.42638245314646755,0.19568280969639817,1.5756311992027718,0.7363983425603335,17.0
-1.2704815098927078,-0.33187356367490134,-0.03593929191689859,-1.4780047367842182,0.42638245314646755,0.19568280969639817,1.5756311992027718,0.7363983425603335,11.0
0.0034568899789785674,-0.33187356367490134,0.09681698731238819,-1.4780047367842182,0.9086442158173003,0.20189659942389432,0.007232955013088053,-0.8066641902368183,102.0
0.5431846380902966,-0.33187356367490134,-0.05592018451787488,-1.049398266455416,1.3718693299616527,0.20811038915139046,-0.29355574935205675,-1.2762919176098646,102.0
1.589472507334025,-0.33187356367490134,-0.006736448884702478,-0.005226818748568585,0.14083272524926393,0.2143241788788866,1.274842494837627,-0.06867776150774567,41.0
-0.3432955738914213,-0.33187356367490134,-0.032865308439825325,-0.7636606195695479,-0.18279029970090013,0.22053796860638272,-0.20761611953344397,-0.8066641902368183,24.0
0.19190931599550023,-0.33187356367490134,-0.029791324962752046,-0.04931650235487759,-0.18279029970090013,0.22053796860638272,-0.20761611953344397,-0.8066641902368183,20.0
1.1010038190992009,-0.33187356367490134,0.002485501546517333,1.9984699669938437,-1.4519002014662494,0.2453931275163673,1.0958015993821837,-1.2762919176098646,17.0
-0.393047014359783,-0.33187356367490134,0.010170460239200527,2.712814084208514,-1.4519002014662494,0.2453931275163673,1.0958015993821837,-1.2762919176098646,14.0
-0.4458136936444091,-0.33187356367490134,-0.01595839931592231,-0.6207917961266138,-1.4519002014662494,0.2453931275163673,1.0958015993821837,-1.2762919176098646,42.0
-1.0398157404484853,-0.33187356367490134,-0.02364335800860549,-0.7160376784219031,-1.4519002014662494,0.2453931275163673,1.0958015993821837,-1.2762919176098646,71.0
0.12406644262955244,-0.33187356367490134,-0.03440230017836196,-0.906529443012482,0.33119921051406637,0.27024828642635185,0.45125437574258753,1.675653797306426,7.0
-1.2207300694243461,-0.33187356367490134,-0.03593929191689859,-0.005226818748568585,-0.6206332158099457,0.276462076153848,0.49422419065189394,1.675653797306426,6.0
-1.3006338980553513,-0.33187356367490134,-0.012884415838849032,3.4271582014231843,-0.14471700264793966,0.3075310247913287,1.0958015993821837,-1.2762919176098646,7.0
1.6181172760885363,-0.33187356367490134,-0.02671734148567877,-1.19226708989835,0.5977122898847897,0.3323861837013133,1.0671550561093126,0.06550158917026755,81.0
-1.1302729049364157,-0.6750945594891726,-0.032865308439825325,-1.049398266455416,-0.7665808545129608,0.33859997342880943,1.6186010141120781,-1.2762919176098646,42.0
1.4025277007256354,1.0361974109154213,0.013244443716273804,9.136296419757219e-15,0.1789060223022244,0.35724134261129786,0.544355641379418,-0.06867776150774567,7.0
-0.566423246294983,-0.33187356367490134,0.01785541893188372,-0.005226818748568585,1.7462567509824307,0.363455132338794,0.043041134104176725,-1.343381592948871,102.0
1.4809239099485085,-0.33187356367490134,-0.04823522582519169,-0.005226818748568585,1.7462567509824307,0.363455132338794,0.043041134104176725,-1.343381592948871,74.0
0.3140264880542063,-0.33187356367490134,-0.051309209302264965,-0.005226818748568585,0.8515342702378595,0.36966892206629015,0.573002184652289,0.8705776932383468,21.0
0.31553410746233845,-0.33187356367490134,-0.03132831670128868,-1.5732506190795075,0.8515342702378595,0.36966892206629015,0.573002184652289,0.8705776932383468,11.0
0.33362554035992453,-0.33187356367490134,0.09681698731238819,-0.3826770903883904,-0.563523270230505,0.3758827117937863,0.9668921546542644,1.0718467192553667,64.0
0.3351331597680567,-0.33187356367490134,-0.03593929191689859,-1.0017753253077712,-0.563523270230505,0.3758827117937863,0.9668921546542644,1.0718467192553667,42.0
0.3396560179924532,-0.33187356367490134,0.09681698731238819,-0.906529443012482,-0.563523270230505,0.3758827117937863,0.9668921546542644,1.0718467192553667,22.0
0.3321179209517924,-0.33187356367490134,-0.012884415838849032,-0.5255459138313244,-0.563523270230505,0.3758827117937863,0.9668921546542644,1.0718467192553667,37.0
0.4572503318267627,-0.33187356367490134,0.01785541893188372,2.0460929081414885,0.9847908099232212,0.38209650152128244,0.923922339744958,0.9376673685773534,14.0
1.476401051724112,-0.33187356367490134,-0.03132831670128868,-0.005226818748568585,0.9847908099232212,0.38209650152128244,0.923922339744958,0.9376673685773534,11.0
0.34568649562498194,-0.33187356367490134,-0.012884415838849032,1.04601114404095,0.6675133344818839,0.3883102912487786,0.7520430801077324,0.4009499658653006,17.0
-0.775982344025355,-0.33187356367490134,-0.03901327539397187,-1.5732506190795075,0.6675133344818839,0.3883102912487786,0.7520430801077324,0.4009499658653006,67.0
-1.107658613814433,-0.33187356367490134,-0.02518034974714213,-0.6684147372742585,0.6675133344818839,0.3883102912487786,0.7520430801077324,0.4009499658653006,20.0
1.0829123862016148,-0.33187356367490134,-0.032865308439825325,-0.005226818748568585,-0.9506017902689364,0.40073787070377087,-0.49408155226215333,-1.209202242270858,22.0
0.7783732657589156,-0.33187356367490134,0.09681698731238819,1.2841258497791737,-0.9506017902689364,0.40073787070377087,-0.49408155226215333,-1.209202242270858,17.0
-0.6719566048642351,-0.33187356367490134,-0.032865308439825325,-1.19226708989835,-0.9506017902689364,0.40073787070377087,-0.49408155226215333,-1.209202242270858,7.0
0.7798808851670479,-0.33187356367490134,-0.012884415838849032,1.2841258497791737,-0.9506017902689364,0.40073787070377087,-0.49408155226215333,-1.209202242270858,17.0
-1.6413558842932225,-0.33187356367490134,0.02554037762456689,-0.005226818748568585,1.1307384486262364,0.406951660431267,1.7833186379310861,-1.1421125669318513,32.0
1.0557752368552356,-0.33187356367490134,-0.02671734148567877,-1.0970212076030605,0.05834058163451624,0.4193792398862593,-0.9094564297187818,1.340205420611393,47.0
-0.05383264753004402,-0.33187356367490134,-0.02671734148567877,-0.6207917961266138,0.05834058163451624,0.4193792398862593,-0.9094564297187818,1.340205420611393,11.0
-0.24680793177096222,-0.33187356367490134,-0.002125473669092583,1.7603552612556204,0.8071154236760724,0.45044818852373997,-1.0240426028102656,0.26677061518728734,17.0
-0.5272251416835465,-0.33187356367490134,0.09681698731238819,0.33166702682627985,-1.4709368499927298,0.46287576797873226,0.4584160115608053,-0.0015880861687390592,17.0
-0.19554887189446832,-0.33187356367490134,-0.01595839931592231,-0.005226818748568585,1.3845604289793063,0.47530334743372454,0.7233965368348614,1.6085641219674194,17.0
-0.6131594479470803,-0.33187356367490134,-0.043624250609581784,-0.005226818748568585,1.8858588401766192,0.4815171371612207,-0.6158293611718548,1.675653797306426,22.0
1.5759039326608353,-0.33187356367490134,-0.009810432361775754,1.2841258497791737,-0.5191044236687177,0.5001585063437092,-0.5728595462625484,0.9376673685773534,17.0
0.1316045396702133,-0.33187356367490134,-0.03901327539397187,-0.3826770903883904,-0.3033557403686083,0.5063722960712053,-1.4107709369940233,1.340205420611393,72.0
0.42408270484785493,-0.33187356367490134,-0.03593929191689859,-0.005226818748568585,-0.20182694822738037,0.5125860857987014,0.923922339744958,0.9376673685773534,5.0
0.7256065864742895,-0.33187356367490134,-0.029791324962752046,-0.33505414924074567,-0.5317955226863712,0.5187998755261976,-1.5181954742672892,-1.209202242270858,24.0
-0.5196870446428856,-0.33187356367490134,-0.03440230017836196,-0.005226818748568585,-0.5317955226863712,0.5187998755261976,-1.5181954742672892,-1.209202242270858,20.0
-1.089567180916847,-0.33187356367490134,-0.012884415838849032,-0.005226818748568585,0.43907355216412103,0.5312274549811898,-0.8091935282637336,1.00475704391636,11.0
-1.0337852628159567,-0.33187356367490134,0.09681698731238819,-0.005226818748568585,1.0038274584497016,0.5374412447086859,-1.582650196631249,1.6085641219674194,21.0
-0.9222214266141758,-0.33187356367490134,-0.012884415838849032,1.04601114404095,-0.4175756315274898,0.5498688241636782,0.1862738504685314,-1.209202242270858,20.0
-0.9237290460223081,-0.33187356367490134,-0.012884415838849032,1.04601114404095,-0.4175756315274898,0.5498688241636782,0.1862738504685314,-1.209202242270858,20.0
-0.5558699104380578,-0.33187356367490134,0.020929402408956976,1.9984699669938437,-0.4175756315274898,0.5498688241636782,0.1862738504685314,-1.209202242270858,14.0
1.284933386891326,-0.33187356367490134,0.03937330327139664,2.6175682019132247,-0.4175756315274898,0.5498688241636782,0.1862738504685314,-1.209202242270858,90.0
-0.47747370121518473,-0.33187356367490134,0.02861436110164017,1.9984699669938437,1.7208745529471239,0.5498688241636782,0.23640530119605555,-1.209202242270858,14.0
1.2879486257075903,-0.33187356367490134,0.03322533631725008,2.6175682019132247,1.7208745529471239,0.5498688241636782,0.23640530119605555,-1.209202242270858,90.0
-0.9327747624711011,-0.33187356367490134,-0.012884415838849032,1.04601114404095,1.7208745529471239,0.5498688241636782,0.23640530119605555,-1.209202242270858,20.0
-0.9357900012873654,-0.33187356367490134,-0.012884415838849032,1.04601114404095,0.9974819089408747,0.5560826138911744,-1.1959218624474912,0.26677061518728734,20.0
0.8929523407769608,-0.33187356367490134,-0.032865308439825325,-0.9541523841601266,1.3274504833998655,0.580937772801159,-0.49408155226215333,-1.209202242270858,70.0
-1.1091662332225654,-0.33187356367490134,-0.04516124234811842,-0.7160376784219031,1.3274504833998655,0.580937772801159,-0.49408155226215333,-1.209202242270858,49.0
-1.149871957242134,-0.33187356367490134,-0.03593929191689859,-0.906529443012482,1.3274504833998655,0.580937772801159,-0.49408155226215333,-1.209202242270858,24.0
-0.6810023213130282,-0.33187356367490134,-0.04823522582519169,-0.005226818748568585,-0.17009920068324663,0.6120067214386397,7.131919487031961e-05,-0.5383054888807919,22.0
1.520122014559945,-0.33187356367490134,-0.03593929191689859,-0.14456238465016696,-1.388444706377982,0.6182205111661359,-0.8879715222641287,-0.06867776150774567,20.0
0.6185656084969053,-0.33187356367490134,-0.040550267132508505,-0.005226818748568585,1.5114714191558412,0.6244343008936319,1.0886399635639659,1.340205420611393,22.0
0.6170579890887731,-0.33187356367490134,-0.040550267132508505,-0.005226818748568585,1.5114714191558412,0.6244343008936319,1.0886399635639659,1.340205420611393,22.0
-0.1849955360375431,-0.33187356367490134,-0.006736448884702478,-1.0970212076030605,-1.4011358053956355,0.6306480906211281,0.8021745308352565,-0.06867776150774567,46.0
0.22055408475001154,-0.33187356367490134,-0.009810432361775754,1.4746176143697522,-1.4011358053956355,0.6306480906211281,0.8021745308352565,-0.06867776150774567,17.0
-1.3338015250342592,-0.33187356367490134,-0.03593929191689859,-0.005226818748568585,0.49618349774356174,0.6492894598036165,1.1101248710186191,-1.2762919176098646,79.0
0.5853979815179975,-0.33187356367490134,-0.02364335800860549,-1.049398266455416,-0.6142876663011189,0.7052135673510818,-0.7232538984451208,-1.209202242270858,43.0
-0.5015956117452995,-0.33187356367490134,-0.043624250609581784,-0.3826770903883904,0.09006832917864997,0.717641146806074,-0.30787902098849224,1.1389363945943731,32.0
-0.37646320087032914,-0.33187356367490134,-0.03132831670128868,0.42691290912156926,-0.6587065128629062,0.7300687262610663,-1.2961847639025394,1.340205420611393,64.0
1.5789191714770998,-0.33187356367490134,-0.002125473669092583,0.5697817325645033,1.543199166699975,0.7362825159885625,0.3008600235600151,-0.8737538655758249,12.0
0.7346523029230826,-0.33187356367490134,-0.02825433322421541,0.09355232108805646,-1.039439483392511,0.7424963057160586,0.5515172771976358,-0.20285711218575886,17.0
0.3471941150331141,-0.33187356367490134,0.010170460239200527,-0.005226818748568585,1.2005394932233306,0.7611376748985471,-1.224568405720362,-1.209202242270858,78.0
1.2170905135253782,-0.33187356367490134,0.010170460239200527,-0.005226818748568585,1.2005394932233306,0.7611376748985471,-1.224568405720362,-1.209202242270858,78.0
-1.288572942790294,-0.33187356367490134,-0.03593929191689859,-1.2875129721936394,-0.043188210506711705,0.7673514646260432,1.51833811265703,-1.2762919176098646,102.0
-1.0036328746533132,-0.33187356367490134,0.09681698731238819,-0.14456238465016696,-0.7729264040217876,0.7735652543535394,-0.7733853491726449,-1.209202242270858,20.0
-0.37947843968659345,-0.33187356367490134,0.02554037762456689,0.8078964383027267,-0.7729264040217876,0.7735652543535394,-0.7733853491726449,-1.209202242270858,90.0
-1.6473863619257512,-0.33187356367490134,-0.03593929191689859,-0.8589065018648372,-0.7729264040217876,0.7735652543535394,-0.7733853491726449,-1.209202242270858,11.0
1.521629633968077,-0.33187356367490134,-0.04208725887104515,-0.005226818748568585,0.9784452604143945,0.7797790440810355,0.7377198084712969,-1.209202242270858,99.0
-1.6262796902119008,-0.33187356367490134,-0.008273440623239117,-0.005226818748568585,-1.1917326716043528,0.7859928338085317,-0.9739111520827415,-0.6053951642197984,32.0
-1.540345383948367,-0.33187356367490134,-0.012884415838849032,1.2841258497791737,-1.1917326716043528,0.7859928338085317,-0.9739111520827415,-0.6053951642197984,17.0
-1.2327910246894036,-0.33187356367490134,0.09681698731238819,-1.3827588544889287,-1.1917326716043528,0.7859928338085317,-0.9739111520827415,-0.6053951642197984,102.0
0.7527437358206687,-0.33187356367490134,-0.02825433322421541,-0.04931650235487759,-0.8808007456718423,0.7922066235360278,-0.9452646088098705,0.8034880178993402,20.0
-0.9418204789198942,-0.33187356367490134,-0.020569374531532226,0.8078964383027267,-0.8808007456718423,0.7922066235360278,-0.9452646088098705,0.8034880178993402,7.0
-0.5814994403763047,-0.33187356367490134,-0.032865308439825325,-1.049398266455416,-0.8808007456718423,0.7922066235360278,-0.9452646088098705,0.8034880178993402,76.0
1.4356953277045432,-0.33187356367490134,-0.002125473669092583,1.522240555517397,-0.8808007456718423,0.7922066235360278,-0.9452646088098705,0.8034880178993402,17.0
0.06828452452866202,-0.33187356367490134,-0.03593929191689859,0.5697817325645033,0.565984542340656,0.8170617824460124,0.1647889430138782,0.8034880178993402,17.0
-0.23926983473030133,-0.33187356367490134,-0.017495391054458947,-0.005226818748568585,-1.1980782211131795,0.8232755721735086,-0.529889731353242,1.00475704391636,27.0
0.5748446456610723,-0.6750945594891726,0.010170460239200527,9.136296419757219e-15,-1.1980782211131795,0.8232755721735086,-0.529889731353242,1.00475704391636,7.0
-1.4785329882149478,-0.33187356367490134,-0.03132831670128868,-0.005226818748568585,-1.1980782211131795,0.8232755721735086,-0.529889731353242,1.00475704391636,11.0
-1.1453490990177375,-0.33187356367490134,0.09681698731238819,-0.005226818748568585,-0.01780601247140472,0.8357031516285008,1.0241852412000063,-0.06867776150774567,24.0
-1.7182444741079634,-0.33187356367490134,0.004022493285053972,1.665109378960331,0.914989765326127,0.848130731083493,0.42976946828793433,0.8705776932383468,26.0
0.8733532884712426,-0.33187356367490134,-0.005199457146165839,1.7603552612556204,0.914989765326127,0.848130731083493,0.42976946828793433,0.8705776932383468,17.0
-1.7001530412103774,-0.33187356367490134,-0.02671734148567877,-0.3826770903883904,1.0482463050114887,0.8605583105384853,1.059993420291095,-1.2762919176098646,7.0
-0.22871649887337614,-0.33187356367490134,-0.005199457146165839,1.9984699669938437,-1.2805703647279272,0.8729858899934776,-1.0455275102649189,-1.343381592948871,17.0
-0.861916650288889,-0.33187356367490134,-0.02825433322421541,0.09355232108805646,-1.2805703647279272,0.8729858899934776,-1.0455275102649189,-1.343381592948871,20.0
0.30799601042167757,-0.33187356367490134,-0.03593929191689859,-1.0970212076030605,-1.2805703647279272,0.8729858899934776,-1.0455275102649189,-1.343381592948871,63.0
-1.1001205167737724,-0.33187356367490134,-0.005199457146165839,-0.005226818748568585,0.12814162623161046,0.8854134694484699,1.13877141429149,-1.2762919176098646,52.0
-1.2689738904845758,-0.6750945594891726,0.0009485098079806943,0.8078964383027267,1.2703405378204249,0.9226962078134467,1.13877141429149,-1.2762919176098646,17.0
1.1507552595675625,-0.33187356367490134,-0.03132831670128868,-1.0970212076030605,-0.30970128987743506,0.9475513667234313,-0.8951331580823464,0.8034880178993402,50.0
1.0045161769787416,-0.33187356367490134,0.005559485023590611,-0.14456238465016696,-0.30970128987743506,0.9475513667234313,-0.8951331580823464,0.8034880178993402,7.0
1.0226076098763277,-0.33187356367490134,-0.03440230017836196,-0.005226818748568585,0.9720997109055678,0.9661927359059198,0.923922339744958,-0.13576743684675227,11.0
1.0346685651413852,-0.33187356367490134,0.09681698731238819,-0.287431208093101,-0.9442562407601097,0.9724065256334159,-0.959587880446306,-1.2762919176098646,20.0
-0.07946217746829097,-0.33187356367490134,-0.04823522582519169,-1.2875129721936394,-1.1790415725866994,0.9910478948159044,-1.1672753191746204,0.7363983425603335,65.0
0.9999933187543452,-0.33187356367490134,-0.040550267132508505,0.33166702682627985,-1.1790415725866994,0.9910478948159044,-1.1672753191746204,0.7363983425603335,20.0
-1.5388377645402347,-0.33187356367490134,-0.032865308439825325,-1.5256276779318627,-1.1790415725866994,0.9910478948159044,-1.1672753191746204,0.7363983425603335,22.0
0.8100332733296913,-0.33187356367490134,0.09681698731238819,2.855682907651448,-1.1790415725866994,0.9910478948159044,-1.1672753191746204,0.7363983425603335,14.0
-0.8589014114726246,-0.33187356367490134,-0.01595839931592231,1.236502908631529,-1.1790415725866994,0.9910478948159044,-1.1672753191746204,0.7363983425603335,25.0
-1.496624421112534,-0.33187356367490134,-0.020569374531532226,0.2364211445309905,-1.1790415725866994,0.9910478948159044,-1.1672753191746204,0.7363983425603335,85.0
-1.392598681951414,-0.33187356367490134,-0.014421407577385671,0.9031423205980161,-1.1790415725866994,0.9910478948159044,-1.1672753191746204,0.7363983425603335,17.0
-0.7217080453325968,-0.33187356367490134,-0.02364335800860549,-1.3351359133412841,0.2042882203375314,0.9972616845434005,-0.665960811899379,-1.209202242270858,25.0
-0.270929842301077,-0.6750945594891726,-0.020569374531532226,1.2841258497791737,-0.43661228005397,1.022116843453385,0.8308210741081274,1.00475704391636,17.0
1.0648209533040287,-0.33187356367490134,-0.02825433322421541,-1.2875129721936394,0.8832620177819933,1.022116843453385,0.9454072471996112,1.00475704391636,101.0
0.4301131824803836,-0.33187356367490134,0.01631842719334708,2.236584672732067,0.8832620177819933,1.022116843453385,0.9454072471996112,1.00475704391636,14.0
0.8778761466956391,-0.33187356367490134,0.09681698731238819,-1.5256276779318627,0.8832620177819933,1.022116843453385,0.9454072471996112,1.00475704391636,67.0
0.6261037055375661,-0.33187356367490134,-0.03440230017836196,-0.14456238465016696,0.8832620177819933,1.022116843453385,0.9454072471996112,1.00475704391636,20.0
0.8869218631444321,-0.33187356367490134,0.09681698731238819,2.141338790436778,-0.7411986564776538,1.0283306331808812,0.6589418144709018,1.4743847712894063,17.0
0.25372171172891933,-0.33187356367490134,-0.03593929191689859,-0.005226818748568585,-0.2589368938068211,1.0345444229083773,-0.10735321807839569,1.8098331479844392,23.0
-0.9388052401036298,-0.6750945594891726,-0.01595839931592231,2.712814084208514,0.489837948234735,1.0407582126358734,-1.2675382206296686,-0.6724848395588051,17.0
1.2969943421563832,-0.33187356367490134,-0.02825433322421541,-0.14456238465016696,0.15986937377574417,1.0469720023633695,1.2820041306558447,1.340205420611393,17.0
0.329102682135528,-0.33187356367490134,-0.03901327539397187,-0.5255459138313244,1.2957227358557317,1.059399581818362,0.3509914742875393,0.9376673685773534,43.0
1.2351819464229643,-0.33187356367490134,-0.03593929191689859,-1.0970212076030605,-0.6269787653187724,1.065613371545858,-0.27207084189740355,0.13259126450927414,11.0
1.2351819464229643,-0.33187356367490134,0.09681698731238819,-1.0970212076030605,-0.6269787653187724,1.065613371545858,-0.27207084189740355,0.13259126450927414,11.0
0.6411798996188879,-0.33187356367490134,-0.012884415838849032,0.09355232108805646,-0.7221620079511736,1.071827161273354,-0.8736482506276932,1.340205420611393,20.0
-1.246359599362593,-0.33187356367490134,-0.03593929191689859,-1.0970212076030605,-0.7221620079511736,1.071827161273354,-0.8736482506276932,1.340205420611393,11.0
0.537154160457768,-0.33187356367490134,0.03937330327139664,2.712814084208514,-0.7221620079511736,1.071827161273354,-0.8736482506276932,1.340205420611393,14.0
-1.1619329125071913,-0.33187356367490134,0.014781435454810442,0.33166702682627985,-0.7221620079511736,1.071827161273354,-0.8736482506276932,1.340205420611393,62.0
-0.6749718436804995,-0.33187356367490134,-0.02364335800860549,-0.005226818748568585,-0.360465685948049,1.0904685304558426,-0.9739111520827415,-0.6053951642197984,70.0
1.1160800131805224,-0.33187356367490134,-0.03593929191689859,-1.0017753253077712,1.6891468054029901,1.0966823201833387,-0.37233374335245184,1.675653797306426,99.0
1.138694304302505,-0.33187356367490134,-0.04823522582519169,-1.0970212076030605,0.9594086118879143,1.1153236893658272,-0.8306784357183868,1.4743847712894063,64.0
0.3894074584608149,-0.33187356367490134,-0.012884415838849032,0.42691290912156926,0.9594086118879143,1.1153236893658272,-0.8306784357183868,1.4743847712894063,17.0
-1.0156938299183706,-0.33187356367490134,0.09681698731238819,-1.2398900310459946,-0.7158164584423469,1.1215374790933232,-0.665960811899379,-1.209202242270858,71.0
1.1417095431187694,-0.33187356367490134,-0.02518034974714213,-0.8589065018648372,-0.7158164584423469,1.1215374790933232,-0.665960811899379,-1.209202242270858,8.0
0.6728399071896636,-0.33187356367490134,-0.040550267132508505,-1.6208735602271522,-0.6396698643364259,1.1277512688208196,1.4252368470201993,1.675653797306426,6.0
-1.3805377266863565,-0.33187356367490134,-0.01595839931592231,0.9983882028933054,-0.6396698643364259,1.1277512688208196,1.4252368470201993,1.675653797306426,17.0
0.6758551460059279,-0.33187356367490134,0.09681698731238819,-1.6208735602271522,-0.6396698643364259,1.1277512688208196,1.4252368470201993,1.675653797306426,6.0
0.6788703848221922,-0.33187356367490134,0.09681698731238819,-1.6208735602271522,-0.6396698643364259,1.1277512688208196,1.4252368470201993,1.675653797306426,6.0
0.6668094295571348,-0.33187356367490134,-0.03593929191689859,-1.7161194425224415,-0.6396698643364259,1.1277512688208196,1.4252368470201993,1.675653797306426,22.0
0.6698246683733992,-0.33187356367490134,0.09681698731238819,-1.7161194425224415,-0.6396698643364259,1.1277512688208196,1.4252368470201993,1.675653797306426,22.0
-1.6956301829859808,-0.33187356367490134,-0.029791324962752046,-0.5255459138313244,-0.6396698643364259,1.1277512688208196,1.4252368470201993,1.675653797306426,12.0
0.6637941907408705,-0.33187356367490134,-0.029791324962752046,-0.4779229726836797,-0.6396698643364259,1.1277512688208196,1.4252368470201993,1.675653797306426,20.0
0.6788703848221922,-0.33187356367490134,-0.040550267132508505,-1.6208735602271522,-0.6396698643364259,1.1277512688208196,1.4252368470201993,1.675653797306426,6.0
1.1598009760163555,-0.33187356367490134,-0.03593929191689859,-0.005226818748568585,-0.6523609633540793,1.1588202174583002,1.3751053962926751,1.00475704391636,6.0
-1.5539139586215565,-0.33187356367490134,-0.04977221756372833,-1.6684965013747968,-0.6523609633540793,1.1588202174583002,1.3751053962926751,1.00475704391636,6.0
1.3693600737467275,-0.33187356367490134,-0.032865308439825325,-0.6684147372742585,-1.312298112272061,1.1712477969132924,-0.12883812553304888,-0.5383054888807919,5.0
-0.9719728670825376,-0.33187356367490134,-0.029791324962752046,-0.9541523841601266,-1.312298112272061,1.1712477969132924,-0.12883812553304888,-0.5383054888807919,24.0
-1.228268166465007,-0.33187356367490134,0.09681698731238819,-0.33505414924074567,-1.312298112272061,1.1712477969132924,-0.12883812553304888,-0.5383054888807919,30.0
1.6196248954966683,-0.33187356367490134,0.02554037762456689,-0.6207917961266138,-1.312298112272061,1.1712477969132924,-0.12883812553304888,-0.5383054888807919,94.0
-0.45184417127693777,-0.33187356367490134,0.002485501546517333,1.6174864378126863,-1.312298112272061,1.1712477969132924,-0.12883812553304888,-0.5383054888807919,17.0
0.5039865334788601,-0.33187356367490134,0.09681698731238819,0.33166702682627985,-1.312298112272061,1.1712477969132924,-0.12883812553304888,-0.5383054888807919,20.0
1.1688466924651486,-0.33187356367490134,-0.01595839931592231,-0.9541523841601266,-1.312298112272061,1.1712477969132924,-0.12883812553304888,-0.5383054888807919,60.0
1.346745782624745,-0.33187356367490134,0.02554037762456689,-0.906529443012482,-1.312298112272061,1.1712477969132924,-0.12883812553304888,-0.5383054888807919,86.0
-1.080521464468054,-0.33187356367490134,0.010170460239200527,-0.005226818748568585,-1.312298112272061,1.1712477969132924,-0.12883812553304888,-0.5383054888807919,34.0
1.2020143194440565,-0.33187356367490134,-0.02825433322421541,-0.9541523841601266,-1.312298112272061,1.1712477969132924,-0.12883812553304888,-0.5383054888807919,76.0
1.5819344102933641,1.0361974109154213,-0.029791324962752046,-0.9541523841601266,-1.312298112272061,1.1712477969132924,-0.12883812553304888,-0.5383054888807919,95.0
1.5427363056819277,-0.33187356367490134,0.002485501546517333,2.236584672732067,-1.083858329954298,1.1836753763682848,-1.1601136833564025,-0.0015880861687390592,17.0
1.2321667076066998,-0.33187356367490134,-0.02825433322421541,-0.4303000315360351,-1.083858329954298,1.1836753763682848,-1.1601136833564025,-0.0015880861687390592,91.0
-0.9478509565524228,-0.33187356367490134,-0.009810432361775754,-0.4779229726836797,-1.083858329954298,1.1836753763682848,-1.1601136833564025,-0.0015880861687390592,92.0
-1.366969152013167,-0.33187356367490134,-0.0005884819305559443,0.33166702682627985,1.365523780452826,1.1898891660957809,-0.40814192244354053,-0.9408435409148315,17.0
-0.984033822347595,-0.33187356367490134,0.09681698731238819,-1.5732506190795075,1.365523780452826,1.1898891660957809,-0.40814192244354053,-0.9408435409148315,102.0
0.21000074889308631,-0.33187356367490134,-0.03593929191689859,-0.23980826694545632,1.365523780452826,1.1898891660957809,-0.40814192244354053,-0.9408435409148315,82.0
1.260811476361211,-0.33187356367490134,0.09681698731238819,-0.7160376784219031,1.3782148794704796,1.2085305352782694,1.0958015993821837,-1.2762919176098646,67.0
1.693498246495145,-0.33187356367490134,0.01785541893188372,-0.4303000315360351,-1.185387122095526,1.2147443250057655,0.2793751161053619,-0.47121581354178527,98.0
1.7326963511065814,-0.33187356367490134,-0.017495391054458947,-0.3826770903883904,-1.185387122095526,1.2147443250057655,0.2793751161053619,-0.47121581354178527,24.0
1.5050458204786232,-0.33187356367490134,-0.03593929191689859,-1.0970212076030605,-1.185387122095526,1.2147443250057655,0.2793751161053619,-0.47121581354178527,82.0
1.2698571928100042,-0.33187356367490134,0.09681698731238819,-1.4780047367842182,-1.185387122095526,1.2147443250057655,0.2793751161053619,-0.47121581354178527,12.0
-1.166455770731588,-0.33187356367490134,-0.03593929191689859,-1.0970212076030605,-1.185387122095526,1.2147443250057655,0.2793751161053619,-0.47121581354178527,79.0
-0.38701653672725433,1.0361974109154213,-0.03593929191689859,-1.0970212076030605,-1.185387122095526,1.2147443250057655,0.2793751161053619,-0.47121581354178527,22.0
-0.05835550575444054,-0.33187356367490134,-0.03593929191689859,-1.2875129721936394,-1.185387122095526,1.2147443250057655,0.2793751161053619,-0.47121581354178527,64.0
0.4195598466234584,-0.33187356367490134,0.09681698731238819,2.3794534961750013,-1.185387122095526,1.2147443250057655,0.2793751161053619,-0.47121581354178527,14.0
-0.6372813584771951,-0.33187356367490134,-0.02825433322421541,-0.3826770903883904,-0.10664370559497917,1.2644546428257346,1.002700333745353,1.340205420611393,92.0
-1.1905776812617028,-0.33187356367490134,-0.02671734148567877,-1.4780047367842182,-0.10664370559497917,1.2644546428257346,1.002700333745353,1.340205420611393,47.0
-1.1709786289559845,-0.33187356367490134,-0.0036624654076292218,1.236502908631529,-0.10664370559497917,1.2644546428257346,1.002700333745353,1.340205420611393,52.0
-0.32972699921823173,-0.33187356367490134,0.010170460239200527,3.6652729071614076,0.25505261640814536,1.2706684325532307,1.6544091932031668,1.541474446628413,14.0
-1.184547203629174,-0.33187356367490134,-0.032865308439825325,-1.2875129721936394,0.61674893841127,1.2893098017357192,-1.174436954992838,0.7363983425603335,20.0
-0.059863125162572715,-0.33187356367490134,-0.04208725887104515,0.09355232108805646,0.6104033889024432,1.3017373811907114,-1.1028205968106606,1.541474446628413,17.0
-0.6222051643958734,-0.33187356367490134,-0.017495391054458947,-0.14456238465016696,-0.5000677751422374,1.3514476990106805,1.2390343157465382,0.9376673685773534,24.0
-1.0458462180810142,-0.33187356367490134,0.09681698731238819,0.9983882028933054,-1.337680310307368,1.363875278465673,0.3295065668328861,-0.5383054888807919,22.0
0.03813213636601855,-0.33187356367490134,-0.032865308439825325,-0.005226818748568585,0.31850811149641284,1.370089068193169,-0.057221767350871554,0.4009499658653006,7.0
-0.9176985683897794,-0.33187356367490134,-0.032865308439825325,-1.4780047367842182,-1.363062508342675,1.376302857920665,-0.5513746388078952,-0.5383054888807919,63.0
0.8477237585329956,-0.33187356367490134,-0.03440230017836196,-1.0017753253077712,-1.363062508342675,1.376302857920665,-0.5513746388078952,-0.5383054888807919,70.0
1.3648372155223312,-0.33187356367490134,-0.043624250609581784,-1.19226708989835,-0.5064133246510643,1.3825166476481612,-1.3749627579029347,-0.3370364628637721,11.0
-0.14278219260984223,-0.33187356367490134,-0.0005884819305559443,2.0937158492891332,0.37561805707585355,1.3887304373756575,-0.14316139716948437,-1.209202242270858,17.0
-0.19404125248633614,1.0361974109154213,-0.017495391054458947,1.04601114404095,1.8287488945971786,1.4260131757406342,-1.224568405720362,-1.209202242270858,17.0
-0.9026223743084576,-0.33187356367490134,-0.04977221756372833,-0.09693944350252227,-0.2652824433156478,1.4384407551956266,1.1745795933825787,1.6085641219674194,17.0
1.398004842501239,-0.33187356367490134,-0.03901327539397187,0.2364211445309905,-0.2652824433156478,1.4384407551956266,1.1745795933825787,1.6085641219674194,17.0
0.60801227263998,-0.33187356367490134,-0.02518034974714213,-0.33505414924074567,-0.2652824433156478,1.4384407551956266,1.1745795933825787,1.6085641219674194,20.0
1.399512461909371,-0.33187356367490134,-0.03901327539397187,0.2364211445309905,-0.2652824433156478,1.4384407551956266,1.1745795933825787,1.6085641219674194,17.0
0.5612760709878827,-0.33187356367490134,-0.04208725887104515,-0.005226818748568585,-0.2652824433156478,1.4384407551956266,1.1745795933825787,1.6085641219674194,22.0
0.3592550702981715,-0.33187356367490134,0.09681698731238819,-0.0016935612072329082,-1.0013661863395504,1.4446545449231227,1.6329242857485136,-0.6053951642197984,13.0
-0.8423175979831706,-0.33187356367490134,0.09681698731238819,-1.2398900310459946,-1.0013661863395504,1.4446545449231227,1.6329242857485136,-0.6053951642197984,45.0
-1.1197195690794906,-0.33187356367490134,-0.005199457146165839,1.1888799674838841,-1.0013661863395504,1.4446545449231227,1.6329242857485136,-0.6053951642197984,26.0
1.3226238720946302,-0.33187356367490134,-0.043624250609581784,-0.005226818748568585,0.07103168065216973,1.4508683346506188,0.895275796472087,-0.9408435409148315,81.0
0.363777928522568,1.0361974109154213,-0.03593929191689859,9.136296419757219e-15,1.289377186346905,1.457082124378115,1.461045026111288,-1.1421125669318513,67.0
0.5386617798659001,-0.33187356367490134,-0.03593929191689859,-1.5732506190795075,-0.46199447808927696,1.4632959141056112,1.081478327745748,1.4072950959503996,85.0
1.3934819842768424,-0.33187356367490134,-0.051309209302264965,-0.04931650235487759,-0.46199447808927696,1.4632959141056112,1.081478327745748,1.4072950959503996,17.0
-0.236254595914037,-0.33187356367490134,-0.0005884819305559443,1.8556011435509097,-0.46199447808927696,1.4632959141056112,1.081478327745748,1.4072950959503996,17.0
0.9788866470404948,-0.33187356367490134,0.09681698731238819,-0.005226818748568585,1.841439993614832,1.4881510730155958,1.13877141429149,-1.2762919176098646,75.0
-1.0081557328777098,-0.33187356367490134,-0.03132831670128868,-1.0017753253077712,1.993733181826674,1.5130062319255804,-0.5943444537172016,0.7363983425603335,12.0
1.1296485878537121,-0.33187356367490134,0.02554037762456689,1.522240555517397,0.4454191016729478,1.5192200216530765,1.081478327745748,1.4072950959503996,14.0
-0.870962366737682,-0.33187356367490134,0.09681698731238819,-0.005226818748568585,0.4454191016729478,1.5192200216530765,1.081478327745748,1.4072950959503996,44.0
1.6256553731291972,-0.33187356367490134,0.008633468500663887,-0.9541523841601266,0.5723300918494827,1.5378613908355647,0.3366682026511038,1.00475704391636,102.0
1.5487667833144563,-0.33187356367490134,-0.051309209302264965,-0.287431208093101,0.40100025511116055,1.544075180563061,1.6973790081124733,-0.2699467875247655,17.0
1.1628162148326198,-0.33187356367490134,-0.040550267132508505,-0.005226818748568585,0.40100025511116055,1.544075180563061,1.6973790081124733,-0.2699467875247655,102.0
0.01702546465216813,-0.33187356367490134,0.01785541893188372,1.9984699669938437,0.40100025511116055,1.544075180563061,1.6973790081124733,-0.2699467875247655,14.0
0.737667541739347,-0.33187356367490134,-0.032865308439825325,-1.0970212076030605,0.40100025511116055,1.544075180563061,1.6973790081124733,-0.2699467875247655,85.0
0.9969780799380809,-0.33187356367490134,-0.032865308439825325,1.1412570263362396,-0.8744551961630155,1.5565027600180532,-0.7948702566272982,0.8034880178993402,17.0
-0.6056213509064194,-0.33187356367490134,-0.005199457146165839,-0.005226818748568585,-0.8744551961630155,1.5565027600180532,-0.7948702566272982,0.8034880178993402,17.0
1.6030410820072145,-0.33187356367490134,-0.02825433322421541,-0.005226818748568585,-0.836381899110055,1.5627165497455493,0.143304035559225,-0.4041261382027787,7.0
0.5281084440089749,-0.6750945594891726,0.002485501546517333,2.1889617315844228,-0.6333243148275991,1.5813579189280378,1.7117022797489088,0.06550158917026755,17.0
-0.7985966351473377,-0.33187356367490134,0.09681698731238819,-0.005226818748568585,-0.6333243148275991,1.5813579189280378,1.7117022797489088,0.06550158917026755,7.0
1.2246286105660389,-0.33187356367490134,-0.020569374531532226,-0.005226818748568585,1.041900755502662,1.5937854983830302,-0.16464630462413757,-0.06867776150774567,17.0
-0.3206812827694387,-0.33187356367490134,-0.037476283655435226,-0.6207917961266138,0.4073458046199873,1.5999992881105263,0.923922339744958,0.9376673685773534,87.0
-0.22570126005711177,-0.33187356367490134,0.013244443716273804,2.712814084208514,0.8198065226937258,1.6062130778380224,0.014394590831305787,-0.6053951642197984,14.0
-0.22419364064897962,-0.33187356367490134,0.013244443716273804,2.712814084208514,0.8198065226937258,1.6062130778380224,0.014394590831305787,-0.6053951642197984,14.0
-0.09303075214148053,-0.33187356367490134,-0.020569374531532226,-0.9541523841601266,0.8198065226937258,1.6062130778380224,0.014394590831305787,-0.6053951642197984,82.0
0.5446922574984288,-0.33187356367490134,0.09681698731238819,-0.09693944350252227,0.8198065226937258,1.6062130778380224,0.014394590831305787,-0.6053951642197984,20.0
1.6558077612918405,-0.33187356367490134,-0.02518034974714213,-1.0970212076030605,-0.32239238889508853,1.6124268675655185,0.6088103637433777,1.4743847712894063,94.0
-1.5765282497435391,-0.33187356367490134,-0.03440230017836196,0.09355232108805646,-0.32239238889508853,1.6124268675655185,0.6088103637433777,1.4743847712894063,20.0
0.5326313022333714,-0.33187356367490134,0.010170460239200527,-0.5731688549789691,1.7589478500000844,1.631068236748007,1.4682066619295058,1.6085641219674194,24.0
-1.5478834809890278,-0.33187356367490134,-0.017495391054458947,0.8555193794503714,0.04564948261686275,1.6434958162029993,0.358153110105757,1.2731157452723865,17.0
1.6844525300463518,-0.33187356367490134,-0.040550267132508505,-1.3351359133412841,1.0799740525556225,1.6621371853854876,-1.5325187459037246,-0.06867776150774567,21.0
1.6919906270870126,-0.33187356367490134,-0.03593929191689859,-0.005226818748568585,1.7081834539294702,1.668350975112984,0.40828456083328113,1.541474446628413,41.0
1.1794000283220738,-0.6750945594891726,-0.06975311016470462,-1.3351359133412841,-0.7792719535306143,1.67456476484048,0.6732650861073373,0.4680396412043072,23.0
1.6995287241276735,-0.33187356367490134,-0.006736448884702478,1.236502908631529,-0.2081724977362071,1.6869923442954722,-1.3248313071754105,0.9376673685773534,17.0
1.7025439629439378,-0.33187356367490134,-0.020569374531532226,0.33166702682627985,-0.2081724977362071,1.6869923442954722,-1.3248313071754105,0.9376673685773534,20.0
-1.401644398400207,-0.33187356367490134,-0.009810432361775754,0.09355232108805646,1.2195761417498108,1.6932061340229683,-0.7733853491726449,-1.209202242270858,31.0
1.0376838039576495,-0.33187356367490134,0.09681698731238819,-0.14456238465016696,1.2195761417498108,1.6932061340229683,-0.7733853491726449,-1.209202242270858,20.0
