frequency,angle,chord_length,velocity,thickness,sound_pressure_level
-0.05837030765459507,-0.10721434618268154,-0.07217184516389916,-0.07668324337408403,-0.05021606644232135,120.162
-0.05837030765459507,-0.09988444041235038,-0.07217194843096765,-0.07582787338826262,-0.0502160664420775,124.353
-0.05840631400885621,-0.09098384054837685,-0.07217198285332382,-0.07668324337408403,-0.050216066438908656,121.315
-0.058412379250349394,-0.09517235813142322,-0.07217194843096765,-0.07689641128853163,-0.05021606643723562,128.809
-0.058399189756943574,-0.08208324068440331,-0.07213478339903885,-0.07689641128853163,-0.0502160664411125,131.796
-0.058412379250349394,-0.10075704824215172,-0.07217198285332382,-0.07689641128853163,-0.05021606644222888,126.266
-0.058297139661978845,-0.10302582859963517,-0.07217194843096765,-0.0077905166121363155,-0.05021606644233154,116.677
-0.05840881712439308,-0.08522462887168808,-0.07217198285332382,-0.07582787338826262,-0.05021553374070866,130.638
-0.05835779207691071,-0.10512008739115834,-0.07217201727567998,-0.07668324337408403,-0.05021606644264774,133.587
-0.058412379250349394,-0.10320035016559544,-0.07217189679743341,-0.07686133302412886,-0.05021606644220852,129.691
-0.058110368733458484,-0.10546913052307888,-0.07217189679743341,-0.07582787338826262,-0.05021606644241187,112.768
-0.05840881712439308,0.02193161262791492,-0.07217189679743341,-0.07689641128853163,-0.05021606644153074,128.169
-0.058403040703923374,-0.10546913052307888,-0.07217189679743341,-0.07625420921715784,-0.05021606644238521,131.864
-0.05840631400885621,-0.0977901816208272,-0.07217201727567998,-0.07625420921715784,-0.05021606644227462,126.152
-0.058399189756943574,-0.1124499931614895,-0.07217198285332382,-0.07582787338826262,-0.05021606644267782,128.825
-0.058412379250349394,-0.09970991884639013,-0.07217189679743341,-0.07668324337408403,-0.05021606644161818,132.149
-0.058297139661978845,-0.10302582859963517,-0.07217194843096765,-0.07582787338826262,-0.0502160664424113,116.411
-0.05832217081734755,-0.10302582859963517,-0.07217194843096765,-0.07689641128853163,-0.05021606644275489,115.691
-0.05835779207691071,-0.08557367200360862,-0.07217201727567998,-0.07625420921715784,-0.05021585503646484,123.46
-0.058387636916004175,-0.09290357777393976,-0.07217201727567998,-0.07668324337408403,-0.05021606644136133,126.54
-0.05826440661265053,-0.09028575428453578,-0.07217203448685806,-0.07582787338826262,-0.0502160664416341,120.538
-0.05835779207691071,-0.07370620551831056,-0.07217203448685806,-0.07582787338826262,-0.05021606644075527,124.127
-0.05822589714285252,-0.09988444041235038,-0.07217194843096765,-0.07668324337408403,-0.050216066441928005,110.868
-0.05832217081734755,-0.1124499931614895,-0.07217189679743341,-0.07668324337408403,-0.05021606644255182,122.175
-0.05837993502204457,-0.0977901816208272,-0.07217201727567998,-0.07668324337408403,-0.05021606644225429,129.965
-0.05837993502204457,-0.1124499931614895,-0.07217203448685806,-0.0077905166121363095,-0.05021606644275225,130.026
-0.058387636916004175,-0.1124499931614895,0.08065778883005036,-0.07668324337408403,-0.05021606644275225,124.156
-0.058403040703923374,-0.10983216967208552,-0.07217184516389916,-0.07582787338826262,-0.05021606644247264,127.122
-0.058341425552246556,-0.10302582859963517,-0.07217194843096765,-0.07668324337408403,-0.05021606644233154,117.137
-0.058399189756943574,-0.07370620551831056,-0.07217203448685806,-0.07689641128853163,-0.0502160664427512,125.127
-0.05835779207691071,-0.07370620551831056,-0.07217189679743341,-0.07625420921715784,-0.050216066442574814,125.16
-0.058412379250349394,15.418224161642536,-0.07217198285332382,-0.07668324337408403,-0.05021606644160758,135.38
-0.05832217081734755,-0.10773791088056232,-0.07217194843096765,-0.07668324337408403,-0.05021606644251253,121.499
-0.05837030765459507,-0.09046027585049606,-0.07217194843096765,-0.07668324337408403,-0.05021606643723562,106.88
-0.05840881712439308,-0.10075704824215172,-0.07217198285332382,-0.07625420921715784,-0.050216066442296946,129.343
-0.05841074259788298,-0.1089595618422842,-0.07217189679743341,-0.07668324337408403,-0.05021606644246328,122.147
-0.05841459354486278,-0.08208324068440331,-0.07217203448685806,-0.07625420921715784,-0.05021606644121644,109.951
-0.058387636916004175,-0.09691757379102588,-0.07217198285332382,-0.07668324337408403,-0.05021606644160758,123.82
-0.05840881712439308,-0.1089595618422842,-0.07217189679743341,-0.07668324337408403,-0.05021606644275489,125.157
-0.05840631400885621,-0.10320035016559544,-0.07217189679743341,-0.07582787338826262,-0.050216066442298826,131.8
-0.05837030765459507,-0.07370620551831056,-0.07217194843096765,-0.07668324337408403,-0.050216066441928005,117.478
-0.058394376073218825,-0.1124499931614895,-0.07217184516389916,-0.07582787338826262,-0.05021606644253961,125.951
-0.05835779207691071,-0.1124499931614895,-0.07217184516389916,-0.07582787338826262,-0.05021606644253961,125.201
-0.05826440661265053,-0.10546913052307888,-0.07217189679743341,-0.07582787338826262,-0.05021606644241187,112.848
-0.05832217081734755,-0.09046027585049606,-0.07217194843096765,-0.07582787338826262,-0.05021606643819612,108.034
-0.058387636916004175,-0.0780692446673172,-0.07217201727567998,-0.07582787338826262,-0.050216066439546916,120.575
-0.058399189756943574,-0.08522462887168808,-0.07217198285332382,-0.07582787338826262,-0.05021606643863283,124.438
-0.058412379250349394,-0.1124499931614895,-0.07217189679743341,-0.07668324337408403,-0.05021606644255182,121.055
-0.058297139661978845,-0.07370620551831056,-0.07217203448685806,-0.07582787338826262,0.16018567141481252,123.127
-0.05822589714285252,-0.1124499931614895,-0.07217184516389916,-0.07625420921715784,-0.05019481278085003,113.076
-0.05841074259788298,-0.09587044439526428,-0.07217203448685806,-0.07668324337408403,-0.050216066442365044,121.154
-0.058387636916004175,-0.1124499931614895,-0.07217198285332382,-0.07668324337408403,-0.05021606644275489,133.261
-0.05841074259788298,-0.09517235813142322,-0.07217194843096765,-0.07689641128853163,-0.05021606644038795,128.939
-0.05837993502204457,-0.1124499931614895,-0.07217201727567998,-0.07668324337408403,-0.05021606644271767,132.918
-0.05841363080811783,-0.09098384054837685,-0.07217198285332382,-0.07689641128853163,-0.05021606643880887,125.857
-0.058341425552246556,-0.09988444041235038,7.755691284331936,-0.07668324337408403,-0.050216066441928005,114.258
-0.058399189756943574,-0.10669078148480075,-0.07217198285332382,-0.07625420921715784,-0.050216066442582655,131.129
-0.05826440661265053,-0.1089595618422842,-0.07217189679743341,-0.07582787338826262,-0.05021606644275489,115.996
-0.058297139661978845,-0.1124499931614895,-0.07217184516389916,-0.07625420921715784,-0.05021606644252368,117.976
-0.058394376073218825,-0.10546913052307888,-0.07066641241854564,-0.07668324337408403,-0.05021606644234222,128.339
-0.058403040703923374,-0.10302582859963517,-0.07217194843096765,-0.07668324337408403,-0.05021606644233154,132.757
-0.05817776030560501,-0.1124499931614895,-0.07217184516389916,-0.07668324337408403,-0.047065580497537486,109.619
-0.058399189756943574,-0.1124499931614895,-0.07217184516389916,0.011589859831470962,-0.050216066442477836,127.365
-0.05832217081734755,-0.1124499931614895,-0.07217189679743341,-0.07625420921715784,-0.050216066442574814,122.41
-0.05837030765459507,-0.07370620551831056,-0.07217184516389916,-0.07625420921715784,-0.0502160664423625,122.439
-0.05840631400885621,-0.08557367200360862,-0.07217201727567998,-0.07582787338826262,-0.05021606644027869,129.645
-0.05840631400885621,-0.09691757379102588,-0.07217198285332382,-0.07668324337408403,-0.05021606644160758,131.92
-0.05835779207691071,-0.10983216967208552,-0.07217184516389916,-0.07582787338826262,-0.05021606644247264,123.392
-0.05840881712439308,-0.09290357777393976,-0.07217201727567998,-0.07668324337408403,-0.05021606644136133,131.96
-0.058297139661978845,-0.09046027585049606,-0.07217194843096765,-0.07668324337408403,-0.05021606643723562,103.38
-0.05826440661265053,-0.1124499931614895,-0.07217184516389916,-0.07668324337408403,-0.05021606644249794,114.779
-0.058403040703923374,-0.10075704824215172,-0.07217198285332382,-0.07582787338826262,-0.05021606644233796,134.478
-0.05840881712439308,-0.08557367200360862,-0.07217201727567998,-0.07582787338826262,-0.05021606644027869,127.285
-0.058341425552246556,-0.09290357777393976,-0.07217201727567998,-0.07668324337408403,-0.05021606644275489,115.52
-0.05837030765459507,-0.09028575428453578,-0.07217203448685806,-0.07668324337408403,-0.050216066441553756,129.027
-0.058387636916004175,-0.09988444041235038,-0.07217194843096765,-0.07567406869049664,-0.0502160664420775,130.893
-0.05841074259788298,-0.0977901816208272,-0.07217201727567998,-0.07668324337408403,-0.05015305375164052,120.015
-0.05822589714285252,-0.1124499931614895,-0.07217198285332382,-0.07668324337408403,-0.05021606644265379,119.561
-0.05835779207691071,-0.10512008739115834,-0.07217201727567998,-0.07582787338826262,-0.05021606644265716,133.728
-0.05840881712439308,-0.0780692446673172,-0.07217201727567998,-0.00779051661213632,-0.05021606643932184,128.444
-0.05840631400885621,-0.09028575428453578,-0.07217203448685806,-0.07668324337408403,-0.050216066441553756,128.867
-0.05832217081734755,-0.10983216967208552,-0.07217184516389916,-0.07668324337408403,-0.05021606644241995,116.241
-0.05840631400885621,-0.09517235813142322,-0.07217194843096765,-0.07668324337408403,-0.050216066440573075,126.465
-0.05832217081734755,-0.10669078148480075,-0.07217198285332382,-0.07668324337408403,-0.050216066442559784,122.371
-0.05832217081734755,-0.1124499931614895,-0.07217189679743341,-0.07582787338826262,-0.05021606644258908,124.304
-0.05837030765459507,-0.1089595618422842,14.990228393005454,-0.07668324337408403,-0.05021606644246328,121.397
-0.058412379250349394,-0.09046027585049606,-0.07217194843096765,-0.07582787338826262,-0.05021606643819612,128.484
-0.058341425552246556,-0.10773791088056232,-0.07217194843096765,-0.07582787338826262,-0.050216066442561005,126.534
-0.05835779207691071,-0.0977901816208272,0.30057056755325867,-0.07625420921715784,-0.05021606644227462,128.402
-0.058387636916004175,-0.10512008739115834,-0.07217201727567998,-0.07582787338826262,-0.05021606644265716,124.318
-0.05840881712439308,-0.10407295799539676,-0.07217203448685806,-0.07668324337408403,-0.050216066442706674,116.366
-0.05837993502204457,-0.10407295799539676,-0.07217203448685806,-0.07597088477390469,-0.050216066442706674,128.916
-0.05840631400885621,-0.1124499931614895,-0.07217189679743341,-0.07625420921715784,-0.050216066442574814,126.16
-0.05840881712439308,-0.1124499931614895,-0.07217184516389916,-0.07689641128853163,-0.050216066442477836,127.315
-0.058399189756943574,-0.10302582859963517,-0.07217194843096765,-0.07582787338826262,-0.0502160664424113,133.201
-0.05837993502204457,-0.1124499931614895,-0.07217203448685806,-0.07689641128853163,-0.0502160664427512,130.697
-0.058341425552246556,-0.08557367200360862,-0.07217201727567998,-0.07625420921715784,-0.050216066440205855,120.92
-0.058403040703923374,-0.09290357777393976,-0.07217201727567998,-0.07668324337408403,-0.05021606644136133,133.79
-0.05834620072650152,-0.1124499931614895,-0.07217201727567998,-0.07668324337408403,-0.05021606644271767,135.938
-0.05837993502204457,-0.10546913052307888,-0.07217184516389916,-0.07668324337408403,-0.05021606644224153,120.963
-0.05835779207691071,-0.10721434618268154,-0.07217184516389916,-0.07668324337408403,-0.05021606644232135,118.922
-0.058412379250349394,-0.10983216967208552,-0.07217184516389916,-0.07668324337408403,-0.05021606644241995,121.851
-0.058403040703923374,-0.08522462887168808,-0.07217198285332382,-0.07582787338826262,-0.05021606643863283,124.188
-0.05837030765459507,-0.10721434618268154,-0.07217184516389916,-0.07567406869049664,-0.05021606644238796,124.024
-0.05841074259788298,-0.10302582859963517,-0.07217194843096765,-0.07582787338826262,-0.0502160664424113,124.121
-0.05837030765459507,-0.1124499931614895,-0.07217201727567998,-0.07625420921715784,-0.050216066442720524,133.956
-0.05826440661265053,-0.1124499931614895,-0.07217194843096765,-0.07625420921715784,-0.05021606644262873,121.903
-0.05837993502204457,-0.10546913052307888,-0.07217184516389916,-0.07582787338826262,-0.05021606644231942,124.395
-0.058394376073218825,-0.1089595618422842,-0.07217189679743341,-0.07582787338826262,-0.050216066442514216,128.816
-0.05835779207691071,-0.10546913052307888,-0.07217189679743341,-0.07582787338826262,-0.05021606330309507,124.108
-0.058394376073218825,-0.09970991884639013,-0.07217189679743341,-0.07689641128853163,-0.05021606644153074,120.509
-0.058394376073218825,-0.10407295799539676,-0.07217203448685806,-0.07689641128853163,-0.05021606644270445,127.408
-0.058403040703923374,-0.10546913052307888,-0.004345367438648058,-0.07668324337408403,-0.05021606644234222,130.469
-0.05841074259788298,-0.10721434618268154,-0.07217184516389916,-0.07582787338826262,-0.05021606644238796,127.564
-0.058341425552246556,-0.08557367200360862,-0.07217201727567998,-0.07582787338826262,-0.05021606644027869,122.675
-0.05817776030560501,-0.1124499931614895,-0.07217201727567998,-0.07582787338826262,-0.050216066442722564,125.22
-0.05841459354486278,-0.09290357777393976,-0.07217201727567998,-0.007790516612136325,-0.05021606644145417,125.941
-0.058110368733458484,-0.1124499931614895,-0.07217203448685806,-0.07668324337408403,-0.05021606644275225,124.986
-0.058394376073218825,-0.10721434618268154,-0.07217184516389916,-0.07582787338826262,-0.05021606644238796,127.634
-0.05835779207691071,-0.09970991884639013,-0.07217189679743341,-0.07668324337408403,-0.05021606644161818,114.309
-0.05832217081734755,-0.10983216967208552,-0.07217184516389916,-0.07582787338826262,-0.05021606644247264,119.632
-0.05826440661265053,-0.10669078148480075,-0.07217198285332382,-0.07689641128853163,0.1601858775883108,117.432
-0.05835779207691071,-0.08557367200360862,-0.07217201727567998,-0.07582787338826262,-0.05021606644027869,125.715
-0.05840631400885621,-0.10075704824215172,-0.07217198285332382,-0.07668324337408403,-0.05021606644224302,133.355
-0.058399189756943574,-0.10546913052307888,-0.07217189679743341,-0.07745496519094495,-0.05021606644241187,131.708
-0.05826440661265053,-0.1124499931614895,-0.07217198285332382,-0.07625420921715784,-0.05021606644266744,124.45
-0.05841363080811783,-0.07370620551831056,-0.07065150509894672,-0.07668324337408403,-0.050216066440613986,117.386
-0.05831023288171018,-0.1124499931614895,-0.07217201727567998,-0.07582787338826262,-0.050216066442722564,134.43
-0.05832217081734755,-0.10320035016559544,-0.07217189679743341,-0.07668324337408403,-0.05021606644220852,115.311
-0.058394376073218825,-0.1124499931614895,-0.07217189679743341,-0.07689641128853163,-0.05021606644253386,128.805
-0.058403040703923374,-0.10669078148480075,-0.07217198285332382,-0.07625420921715784,-0.050216066442582655,129.119
-0.05835779207691071,-0.1089595618422842,-0.07217189679743341,-0.07625420921715784,-0.05021606644249472,123.742
-0.05837993502204457,-0.10546913052307888,-0.07217189679743341,-0.07582787338826262,-0.05021606643723562,126.218
-0.058394376073218825,-0.10721434618268154,-0.07217184516389916,-0.07625420921715784,-0.0502160664423625,127.329
-0.05835779207691071,-0.09517235813142322,-0.07217194843096765,-0.07668324337408403,-0.050216066440573075,113.525
-0.058387636916004175,-0.1089595618422842,-0.07217189679743341,-0.07582787338826262,-0.0501948201068119,127.796
-0.058297139661978845,-0.09587044439526428,-0.07217203448685806,-0.07668324337408403,-0.04593540122057319,120.324
-0.05837030765459507,-0.09587044439526428,-0.07217203448685806,-0.07689641128853163,-0.05021574514703683,130.086
-0.05826440661265053,-0.10983216967208552,-0.07217184516389916,-0.07668324337408403,-0.05021606644241995,112.251
-0.05840881712439308,-0.1124499931614895,-0.07217184516389916,-0.07668324337408403,-0.05021606644249794,126.959
-0.058403040703923374,-0.09587044439526428,-0.07217203448685806,-0.07689641128853163,-0.050216066442354046,130.746
-0.05837993502204457,-0.09970991884639013,-0.07217189679743341,-0.07689641128853163,-0.05021606644153074,115.309
-0.058399189756943574,-0.09970991884639013,-0.07217189679743341,-0.07689641128853163,-0.05020538414382453,119.099
-0.058341425552246556,-0.1124499931614895,-0.07217201727567998,-0.07689641128853163,-0.05021606644271574,134.11
-0.058399189756943574,-0.09046027585049606,-0.07217194843096765,0.013073940248511228,-0.05021606643723562,114.67
-0.05837030765459507,-0.10407295799539676,-0.07217203448685806,-0.07668324337408403,-0.050216066442706674,131.236
-0.058403040703923374,-0.07370620551831056,-0.07217184516389916,-0.07668324337408403,-0.05021606644241995,128.831
-0.05835779207691071,-0.0977901816208272,-0.07217201727567998,-0.07689641128853163,-0.05021606644224045,122.086
-0.05840881712439308,-0.10983216967208552,-0.07217184516389916,-0.07668324337408403,-0.050184459103599595,126.661
-0.058387636916004175,-0.1124499931614895,-0.07217194843096765,-0.07582787338826262,-0.0502160664426409,129.667
-0.05840631400885621,-0.08557367200360862,-0.07217201727567998,-0.07689641128853163,-0.05021606644003528,124.685
-0.058297139661978845,-0.1124499931614895,-0.07217203448685806,-0.07668324337408403,-0.05021606644275225,136.826
-0.05832217081734755,-0.09587044439526428,-0.07217203448685806,-0.007790516612136315,-0.0502160664423812,128.412
-0.05832217081734755,-0.09970991884639013,-0.07217189679743341,-0.07668324337408403,-0.05021606644161818,111.959
-0.05835779207691071,-0.1124499931614895,-0.07217201727567998,-0.07689641128853163,-0.05021606644271574,135.49
-0.058297139661978845,-0.09517235813142322,-0.07217194843096765,-0.07582787338826262,-0.050216066440956754,112.039
-0.05832217081734755,-0.08208324068440331,-0.07217203448685806,-0.07686133302412886,-0.050216066441260844,123.126
-0.058394376073218825,-0.08557367200360862,-0.07217201727567998,-0.07668324337408403,-0.05021606644010436,126.743
-0.05841363080811783,-0.08208324068440331,-0.07217203448685806,-0.07689641128853163,-0.0502160664411125,116.956
-0.05832217081734755,-0.09970991884639013,-0.07217189679743341,-0.07582787338826262,-0.050216066441799684,115.298
-0.058403040703923374,-0.07370620551831056,-0.07217198285332382,-0.07689641128853163,-0.05021606644255379,131.362
-0.05837993502204457,-0.08522462887168808,-0.07217198285332382,-0.07668324337408403,-0.05021606643776486,110.894
-0.05837993502204457,-0.10721434618268154,-0.07217184516389916,-0.07582787338826262,-0.05021606644238796,125.524
-0.058297139661978845,-0.09988444041235038,-0.07217194843096765,-0.04717972468332354,-0.0502160664420775,116.603
-0.058387636916004175,-0.0977901816208272,-0.07217201727567998,-0.07689641128853163,-0.05021606644224045,129.296
-0.05837030765459507,-0.09517235813142322,-0.07217194843096765,-0.07689641128853163,-0.05021606644038795,114.729
-0.05832217081734755,-0.1124499931614895,-0.07217203448685806,-0.07582787338826262,-0.05021606644275489,136.837
-0.05832217081734755,-0.1124499931614895,22.291848439874094,-0.07689641128853163,-0.050216066442477836,115.645
-0.05835779207691071,-0.1089595618422842,-0.07217189679743341,-0.07668324337408403,-0.05021606644246328,121.627
-0.05837993502204457,-0.10512008739115834,-0.07217201727567998,-0.07582787338826262,-0.05021606644265716,129.848
-0.058387636916004175,-0.10075704824215172,-0.07217198285332382,-0.07625420921715784,-0.050216066442296946,133.653
-0.05841844449184258,-0.1124499931614895,-0.07217189679743341,-0.07689641128853163,-0.05021606644253386,123.445
-0.05837993502204457,-0.1124499931614895,-0.07217189679743341,-0.07668324337408403,-0.05021606644255182,125.305
-0.05840631400885621,-0.10721434618268154,-0.07217184516389916,-0.07689641128853163,-0.050216066442289216,128.698
-0.058394376073218825,-0.09691757379102588,-0.07217198285332382,-0.07668324337408403,-0.05021606644160758,127.71
-0.05826440661265053,-0.10320035016559544,-0.07217189679743341,-0.07582787338826262,-0.050216066442298826,114.9
-0.058403040703923374,-0.07370620551831056,-0.07217203448685806,-0.07668324337408403,-0.050216066440613986,137.076
-0.058387636916004175,-0.10721434618268154,-0.07217184516389916,-0.07625420921715784,-0.0502160664423625,124.439
-0.05837030765459507,-0.08522462887168808,-0.07217198285332382,-0.07668324337408403,-0.05021606643776486,110.264
-0.05837993502204457,-0.1089595618422842,-0.07217189679743341,-0.07582787338826262,-0.050216066442514216,126.896
-0.058403040703923374,-0.09098384054837685,-0.07217198285332382,-0.07668324337408403,-0.050216066438908656,122.315
-0.05841074259788298,-0.07370620551831056,-0.07217203448685806,-0.07582787338826262,-0.05021606644075527,117.927
-0.05840631400885621,-0.09587044439526428,-0.07217203448685806,-0.07689641128853163,-0.05021606643723562,129.006
-0.058297139661978845,-0.1124499931614895,-0.07217184516389916,-0.07582787338826262,-0.05021606644253961,119.541
-0.05837030765459507,-0.09970991884639013,-0.07217189679743341,-0.07689641128853163,-0.05021606644153074,114.709
-0.05841363080811783,-0.08557367200360862,-0.07217201727567998,-0.07625420921715784,-0.050216066440205855,124.17
-0.058297139661978845,-0.09046027585049606,-0.07217194843096765,-0.07582787338826262,-0.04594575803752158,107.284
-0.058297139661978845,-0.1089595618422842,-0.07217189679743341,-0.07582787338826262,-0.050216066442514216,120.786
-0.058341425552246556,-0.10302582859963517,-0.07217194843096765,-0.07689641128853163,-0.05021606644229306,116.181
-0.058297139661978845,-0.10320035016559544,-0.07217189679743341,-0.07668324337408403,-0.05021606644220852,112.541
-0.05837030765459507,-0.1124499931614895,-0.07217203448685806,-0.07582787338826262,-0.05021606644275489,133.707
-0.058394376073218825,-0.08208324068440331,-0.07217203448685806,-0.07689641128853163,-0.0502160664411125,128.306
-0.058403040703923374,-0.10302582859963517,-0.07217194843096765,-0.07625420921715784,-0.05021606644238077,133.097
-0.05832217081734755,-0.1124499931614895,-0.07217198285332382,-0.07689641128853163,-0.05021606644265021,124.393
-0.05841074259788298,-0.07370620551831056,-0.07217201727567998,-0.07582787338826262,-0.05021606644145417,129.281
-0.05835779207691071,-0.1124499931614895,-0.07217194843096765,-0.07582787338826262,-0.05021606644275489,129.377
-0.05832217081734755,-0.09046027585049606,-0.07217194843096765,-0.07508043652368053,-0.05021606643723562,104.13
-0.058399189756943574,-0.09691757379102588,-0.07217198285332382,20.72994611388039,-0.05021606644181221,135.433
-0.05840881712439308,-0.10721434618268154,-0.07214223705883832,-0.07689641128853163,-0.050216066442289216,127.548
-0.058399189756943574,-0.1124499931614895,-0.07217194843096765,-0.07689641128853163,-0.05021606644259378,130.987
-0.05837993502204457,-0.09691757379102588,-0.07217198285332382,-0.07582787338826262,-0.05021606644181221,124.233
-0.05835779207691071,-0.1124499931614895,-0.07217201727567998,-0.07582787338826262,-0.050216066442722564,135.07
-0.05840881712439308,-0.10546913052307888,-0.07217184516389916,-0.07668324337408403,-0.05021606644224153,130.173
-0.058394376073218825,-0.09098384054837685,-0.07217198285332382,-0.07668324337408403,-0.05013212557171764,121.165
-0.05840881712439308,-0.09046027585049606,-0.07217194843096765,-0.07582787338826262,-0.05021606643819612,121.664
-0.058341425552246556,-0.07370620551831056,-0.07217203448685806,-0.07582787338826262,-0.05021606644075527,123.917
-0.05832217081734755,-0.1124499931614895,-0.07217198285332382,-0.07625420921715784,-0.05021606644266744,128.36
-0.05841738548142314,-0.08557367200360862,-0.07217201727567998,-0.07668324337408403,-0.05021606644010436,122.893
-0.058341425552246556,-0.1124499931614895,-0.07217184516389916,-0.07582787338826262,-0.05021606644253961,123.061
-0.05835779207691071,-0.09290357777393976,-0.07217201727567998,-0.007790516612136314,-0.05021606644136133,119.67
-0.058403040703923374,-0.09517235813142322,-0.07217194843096765,-0.07668324337408403,-0.050216066440573075,126.345
-0.05826440661265053,-0.08208324068440331,-0.07217203448685806,-0.07582787338826262,-0.050216066441260844,115.466
-0.058341425552246556,-0.10546913052307888,-0.07217189679743341,-0.07567406869049664,-0.05021606644230867,118.859
-0.058297139661978845,-0.10512008739115834,-0.07217201727567998,-0.07582787338826262,-0.05021606644275489,129.308
-0.05826440661265053,-0.1124499931614895,-0.07217201727567998,-0.07582787338826262,-0.050216066442722564,130.89
-0.05826440661265053,-0.10546913052307888,-0.07217189679743341,-0.07625420921715784,-0.05021606644238521,112.524
-0.05840631400885621,-0.09587044439526428,-0.07217203448685806,-0.07582787338826262,-0.05021606644239279,125.726
-0.05840881712439308,-0.08208324068440331,-0.07217203448685806,-0.07582787338826262,-0.050216066441260844,119.806
-0.058394376073218825,-0.09028575428453578,-0.07217203448685806,0.13031629319469218,-0.0502160664416341,133.048
-0.05841074259788298,-0.1089595618422842,-0.07217189679743341,-0.07625420921715784,-0.05021606644249472,122.292
-0.05832217081734755,-0.08208324068440331,-0.07217203448685806,-0.07625420921715784,-0.05021606643723562,118.941
-0.058297139661978845,-0.07370620551831056,-0.07217189679743341,-0.07582787338826262,-0.050216066442298826,116.92
-0.058387636916004175,-0.09587044439526428,-0.07217203448685806,-0.07689641128853163,-0.050216066442354046,131.036
-0.05835779207691071,-0.08557367200360862,-0.07217201727567998,-0.07689641128853163,-0.05021606644003528,118.045
-0.058412379250349394,-0.10721434618268154,-0.07217184516389916,-0.07689641128853163,-0.050216066442289216,123.118
-0.058110368733458484,-0.10773791088056232,-0.07217194843096765,-0.07582787338826262,-0.050216066442561005,110.364
-0.05835779207691071,-0.09028575428453578,-0.07217203448685806,-0.07668324337408403,-0.050216066441553756,127.847
-0.05840631400885621,-0.10075704824215172,-0.07217198285332382,-0.07582787338826262,-0.05021606644233796,131.448
-0.05835779207691071,-0.09028575428453578,-0.07217203448685806,-0.007790516612136314,-0.0502160664416341,133.758
-0.05841363080811783,-0.09098384054837685,-0.07217198285332382,-0.07625420921715784,-0.05021606643928956,133.294
-0.058412379250349394,-0.09970991884639013,-0.07217189679743341,-0.07689641128853163,-0.05021606644153074,130.239
-0.058387636916004175,-0.08208324068440331,-0.07217203448685806,-0.07689641128853163,-0.0502160664411125,126.846
-0.058341425552246556,-0.07370620551831056,-0.07217189679743341,-0.07668324337408403,-0.05021606644255182,123.465
-0.05840881712439308,-0.10075704824215172,-0.07217198285332382,-0.07668324337408403,-0.05021606644224302,130.955
-0.058297139661978845,-0.07370620551831056,-0.07217189679743341,-0.07668324337408403,-0.05021606644255182,117.465
-0.058341425552246556,-0.1124499931614895,-0.07217189679743341,14.912944511249366,-0.050216066442574814,123.41
-0.058110368733458484,-0.07370620551831056,-0.07217184516389916,-0.07582787338826262,-0.05021606644247264,106.582
-0.058394376073218825,-0.10721434618268154,-0.07217184516389916,-0.07689641128853163,-0.050216066442289216,124.838
-0.05837993502204457,-0.0977901816208272,-0.07217201727567998,-0.07625420921715784,-0.05021606644227462,133.042
-0.058403040703923374,-0.08557367200360862,-0.07217201727567998,-0.07668324337408403,-0.05021606644010436,128.423
-0.058297139661978845,-0.08557367200360862,-0.07217201727567998,-0.07668324337408403,-0.05021606644010436,109.663
-0.05837993502204457,-0.09517235813142322,-0.07217194843096765,-0.07668324337408403,-0.050216066440573075,117.925
-0.05841074259788298,-0.07370620551831056,-0.07217203448685806,-0.07668324337408403,-0.050216066440613986,123.416
-0.05840881712439308,-0.10302582859963517,-0.07217194843096765,-0.07625420921715784,-0.05021606644238077,129.367
-0.058397264283453675,-0.1124499931614895,-0.07217203448685806,-0.07582787338826262,-0.05021606644275489,137.007
-0.058394376073218825,-0.10721434618268154,-0.07217184516389916,-0.07668324337408403,-0.05021606644232135,125.802
-0.05832217081734755,-0.09587044439526428,-0.07217203448685806,-0.07689641128853163,-0.050216066442354046,124.426
-0.058412379250349394,-0.09970991884639013,-0.07217189679743341,-0.07625420921715784,-0.05021606644173021,136.284
-0.05837030765459507,-0.10320035016559544,-0.07217189679743341,-0.07582787338826262,-0.050216066442298826,123.74
-0.058341425552246556,-0.1124499931614895,-0.07217194843096765,-0.07689641128853163,-0.05021606644259378,123.807
-0.05841074259788298,-0.08522462887168808,-0.07217198285332382,-0.07582787338826262,-0.05021606643863283,134.058
-0.05837993502204457,-0.1124499931614895,-0.07217194843096765,-0.07689641128853163,-0.05021606644259378,128.907
-0.058394376073218825,-0.10669078148480075,-0.07217198285332382,-0.07689641128853163,-0.05021606644255379,134.022
-0.05841074259788298,-0.10546913052307888,-0.07217189679743341,-0.07686133302412886,-0.05021606644230867,126.149
-0.05835779207691071,-0.10320035016559544,-0.07217189679743341,-0.07668324337408403,-0.05021606644220852,118.441
-0.058403040703923374,-0.1124499931614895,-0.07217184516389916,-0.07686133302412886,-0.05021606644253961,126.201
-0.05841074259788298,-0.10320035016559544,-0.07217189679743341,-0.07582787338826262,-0.05012145478497494,127.7
-0.058394376073218825,-0.08557367200360862,-0.07217201727567998,-0.07626770085731274,-0.050216066440205855,130.0
-0.05835779207691071,-0.0977901816208272,-0.07217201727567998,-0.07668324337408403,-0.05021606644225429,123.965
-0.058387636916004175,-0.09098384054837685,-0.07217198285332382,-0.07582787338826262,-0.050216066439579175,124.748
-0.05837030765459507,-0.1124499931614895,-0.07217194843096765,-0.07625420921715784,-0.05021606644262873,127.763
-0.058399189756943574,-0.1124499931614895,-0.07217198285332382,-0.07689641128853163,-0.05021606644265021,131.313
-0.058387636916004175,-0.1124499931614895,-0.07217184516389916,0.011589859831470962,-0.050216066442477836,122.365
-0.058394376073218825,-0.09517235813142322,-0.07217194843096765,-0.07582787338826262,-0.050216066442793014,122.679
-0.058394376073218825,-0.10669078148480075,-0.07217198285332382,-0.07625420921715784,-0.05021585608303082,132.769
-0.058297139661978845,-0.10407295799539676,-0.07217203448685806,-0.07689641128853163,-0.05021606644270445,132.898
-0.05837993502204457,-0.0780692446673172,-0.07217201727567998,-0.07668324337408403,-0.05021606643932184,117.724
-0.05822589714285252,-0.10546913052307888,-0.07217184516389916,-0.07582787338826262,-0.05021606644231942,110.905
-0.05835779207691071,-0.09970991884639013,-0.07217189679743341,-0.07689641128853163,-0.05021606644153074,113.229
-0.05826440661265053,-0.10721434618268154,-0.07217184516389916,-0.07625420921715784,-0.0502160664423625,113.799
-0.05837030765459507,-0.1124499931614895,-0.07217203448685806,-0.07668324337408403,-0.05021606644275225,131.836
-0.058394376073218825,-0.07370620551831056,-0.07217194843096765,-0.07668324337408403,-0.05021606644251253,130.829
-0.058412379250349394,-0.09290357777393976,-0.07217201727567998,-0.07668324337408403,-0.05021606644136133,128.99
-0.05840881712439308,-0.09046027585049606,-0.07217194843096765,-0.07668324337408403,-0.05021606643723562,114.9
-0.05835779207691071,-0.10983216967208552,-0.07217184516389916,-0.07668324337408403,-0.05021606644241995,119.111
-0.05835779207691071,-0.09098384054837685,-0.07217198285332382,-0.07668324337408403,-0.050216066438908656,113.055
-0.058394376073218825,-0.10546913052307888,-0.07217184516389916,-0.07668324337408403,-0.05021606644224153,126.343
-0.058403040703923374,-0.08557367200360862,-0.07217201727567998,-0.07582787338826262,-0.05021606644027869,131.515
-0.05826440661265053,-0.10407295799539676,-0.07217203448685806,-0.07582787338826262,-0.050216066442712266,131.518
-0.05841844449184258,-0.1089595618422842,-0.07217189679743341,-0.07582787338826262,-0.050216066442514216,127.006
-0.058387636916004175,-0.10983216967208552,-0.07217184516389916,-0.07582787338826262,-0.05021606644247264,126.632
-0.058403040703923374,-0.10721434618268154,-0.07217184516389916,-0.07668324337408403,-0.05021606644232135,129.552
-0.05840631400885621,-0.10546913052307888,-0.07217189679743341,-0.07582787338826262,-0.05021606644241187,129.038
-0.058341425552246556,-0.10546913052307888,-0.07217189679743341,-0.07625420921715784,-0.05021606644238521,120.654
-0.05840881712439308,-0.09028575428453578,-0.07217203448685806,-0.07582787338826262,-0.0502160664416341,126.898
-0.05840631400885621,-0.1124499931614895,-0.07217194843096765,-0.07689641128853163,-0.05021606644259378,125.997
-0.05832217081734755,-0.10407295799539676,-0.07217203448685806,-0.07668324337408403,-0.050216066442706674,135.426
-0.05840631400885621,-0.0977901816208272,-0.07217201727567998,-0.07689641128853163,-0.05021606644224045,125.856
-0.058399189756943574,-0.10320035016559544,-0.07217189679743341,-0.04717972468332354,-0.050216066442298826,134.0
-0.058297139661978845,-0.1124499931614895,-0.07217194843096765,-0.07668324337408403,-0.05021606644260911,121.313
-0.05840881712439308,-0.09691757379102588,-0.07217198285332382,9.095646092534936,-0.05021606644160758,133.79
-0.05837993502204457,-0.10546913052307888,-0.07217189679743341,-0.07668324337408403,-0.050216066442793014,121.659
-0.058297139661978845,-0.09970991884639013,-0.07217189679743341,-0.07625420921715784,-0.05021606644173021,111.534
-0.05817776030560501,-0.1124499931614895,-0.07217184516389916,-0.07625420921715784,-0.05021606644252368,111.076
-0.058341425552246556,-0.1124499931614895,-0.07217189679743341,-0.07582787338826262,-0.04913767962309848,125.824
-0.058399189756943574,-0.10407295799539676,-0.07217203448685806,-0.07668324337408403,-0.050216066442706674,122.956
-0.058399189756943574,-0.10075704824215172,-0.07217198285332382,-0.07668324337408403,-0.05021606644224302,134.515
-0.05838090027994196,-0.0780692446673172,-0.07217201727567998,-0.07582787338826262,-0.050216066439546916,118.385
-0.05841363080811783,-0.07370620551831056,-0.07217198285332382,-0.07668324337408403,-0.050216066438908656,129.675
-0.05832217081734755,-0.10546913052307888,-0.07217184516389916,-0.07582787338826262,-0.05021606644231942,117.785
-0.05835779207691071,-0.10546913052307888,-0.07217184516389916,-0.07582787338826262,-0.05021606644231942,121.775
-0.058399189756943574,-0.09517235813142322,-0.07217194843096765,-0.07625420921715784,-0.050216066440809885,124.665
-0.05817776030560501,-0.10546913052307888,-0.07217184516389916,-0.07582787338826262,-0.05021606644231942,107.405
-0.05835779207691071,-0.10773791088056232,-0.07217194843096765,-0.07582787338826262,-0.050216066442561005,127.054
-0.058394376073218825,-0.07370620551831056,-0.07217203448685806,-0.07582787338826262,-0.05021606644075527,140.987
-0.05837993502204457,-0.10669078148480075,-0.07217198285332382,-0.07668324337408403,-0.050216066442559784,132.301
-0.05837993502204457,-0.07370620551831056,-0.07217201727567998,-0.07668324337408403,-0.05021606644010436,123.443
-0.05837030765459507,-0.1124499931614895,-0.07217194843096765,-0.07668324337408403,-0.05021606644260911,126.863
-0.05840631400885621,-0.0780692446673172,-0.07217201727567998,-0.07668324337408403,-0.05021606643932184,120.324
-0.058403040703923374,-0.1124499931614895,-0.07217198285332382,-0.07625420921715784,-0.05021606644266744,127.92
-0.058399189756943574,-0.10302582859963517,-0.07217194843096765,-0.07689641128853163,-0.05021606644229306,128.241
-0.05817776030560501,-0.1124499931614895,-0.07217201727567998,-0.07625420921715784,-0.050216066442720524,125.376
-0.05835779207691071,-0.09517235813142322,-0.07217194843096765,-0.07625420921715784,-0.050216066440809885,115.085
-0.05841363080811783,-0.09290357777393976,-0.07217201727567998,-0.07582787338826262,-0.05021606644145417,127.101
-0.058399189756943574,-0.1124499931614895,-0.07217189679743341,-0.04599246034969133,-0.05021606644253386,130.595
-0.058341425552246556,-0.1124499931614895,-0.07217201727567998,-0.07582787338826262,-0.050216066442722564,134.43
-0.058399189756943574,-0.10546913052307888,-0.07217184516389916,-0.07582787338826262,-0.05021606644231942,131.015
-0.058399189756943574,-0.10721434618268154,-0.07217184516389916,-0.07668324337408403,-0.05021606644232135,128.312
-0.05837993502204457,-0.09587044439526428,-0.07217203448685806,-0.07689641128853163,-0.050216066442354046,130.496
-0.058387636916004175,-0.1124499931614895,-0.07217189679743341,-0.07668324337408403,-0.05021606644255182,127.095
-0.05840631400885621,-0.07370620551831056,-0.07217203448685806,-0.07668324337408403,-0.050216066440613986,137.026
-0.05841459354486278,-0.0780692446673172,-0.07217201727567998,-0.07582787338826262,-0.05017409077442542,118.005
-0.05835779207691071,-0.10546913052307888,-0.07217184516389916,-0.07668324337408403,-0.05021606644224153,118.743
-0.05835779207691071,-0.1124499931614895,-0.07217184516389916,-0.07668324337408403,-0.05021606644249794,120.319
-0.058297139661978845,-0.09517235813142322,-0.07217194843096765,-0.07689641128853163,-0.05021606644038795,108.689
-0.058387636916004175,-0.1124499931614895,-0.07217184516389916,-0.07668324337408403,-0.05021606644249794,124.049
-0.058412379250349394,-0.07370620551831056,-0.07217194843096765,-0.07668324337408403,-0.05021606644233154,125.347
-0.05835779207691071,-0.1124499931614895,-0.07217203448685806,-0.07689641128853163,-0.0502160664427512,135.227
-0.058403040703923374,-0.1124499931614895,-0.07217198285332382,-0.07668324337408403,-0.05021606644265379,128.401
-0.05841074259788298,-0.09098384054837685,-0.07217198285332382,-0.07686133302412886,-0.050216066438908656,128.265
-0.05840881712439308,-0.1124499931614895,-0.07217194843096765,-0.07625420921715784,-0.05021606644262873,120.573
-0.05840881712439308,-0.08557367200360862,-0.07217201727567998,-0.07626770085731274,-0.050216066440205855,127.22
-0.058341425552246556,-0.0780692446673172,-0.07217201727567998,-0.07582787338826262,-0.050216066439546916,113.045
-0.05840631400885621,-0.08208324068440331,-0.07217203448685806,-0.07689641128853163,-0.0502160664411125,136.886
-0.058394376073218825,-0.10983216967208552,-0.07217184516389916,-0.07582787338826262,-0.05021606644247264,125.872
-0.058297139661978845,-0.08557367200360862,-0.07217201727567998,-0.07582787338826262,-0.05021606016339713,115.215
-0.05832217081734755,-0.08522462887168808,-0.07217198285332382,-0.07668324337408403,-0.05021606643776486,106.224
-0.058387636916004175,-0.10320035016559544,-0.07217189679743341,-0.07582787338826262,-0.050216066442298826,130.46
-0.05837030765459507,-0.1124499931614895,-0.07217194843096765,-0.07689641128853163,-0.05021606644259378,125.867
-0.058387636916004175,-0.09290357777393976,-0.07217201727567998,-0.07582787338826262,-0.05021606644145417,135.191
-0.05822589714285252,-0.10669078148480075,-0.07217198285332382,-0.07625420921715784,-0.05021606644275489,115.659
-0.058387636916004175,-0.10320035016559544,-0.07217189679743341,-0.07668324337408403,-0.05021606644220852,123.081
-0.058297139661978845,-0.1124499931614895,-0.07217201727567998,-0.07582787338826262,-0.050216066442722564,133.04
-0.058394376073218825,-0.09046027585049606,-0.07217194843096765,-0.07668324337408403,-0.05021606643723562,112.16
-0.05837030765459507,-0.10669078148480075,-0.07217198285332382,-0.07689641128853163,-0.05021606644255379,130.392
-0.058403040703923374,-0.1124499931614895,-0.07217194843096765,-0.07582787338826262,-0.0502160664426409,125.817
-0.058387636916004175,-0.1089595618422842,-0.07217189679743341,-0.07625420921715784,-0.05021606644249472,126.752
-0.058297139661978845,-0.10983216967208552,-0.07217184516389916,-0.07582787338826262,-0.05021606644247264,118.122
-0.05840631400885621,-0.1124499931614895,-0.07217189679743341,-0.07689641128853163,-0.05021606644253386,129.465
-0.058403040703923374,-0.09970991884639013,-0.07217189679743341,-0.07689641128853163,-0.05021574514703683,123.209
-0.05840631400885621,-0.09970991884639013,-0.07217189679743341,-0.07582787338826262,-0.050216066441799684,133.768
-0.05822589714285252,-0.09988444041235038,-0.07217194843096765,-0.07582787338826262,-0.0502160664420775,110.313
-0.05841074259788298,-0.10546913052307888,-0.07217184516389916,-0.07668324337408403,-0.05021606644224153,128.633
-0.058394376073218825,-0.1124499931614895,-0.07217184516389916,-0.07625420921715784,-0.05021606644252368,126.086
-0.058403040703923374,-0.09587044439526428,-0.07217203448685806,-0.07582787338826262,-0.05021606644239279,127.206
-0.058341425552246556,-0.10546913052307888,-0.07217189679743341,-0.07668324337408403,-0.05021606644275489,119.159
-0.05837993502204457,-0.08557367200360862,-0.07217201727567998,-0.07582787338826262,-0.05021606644027869,129.285
-0.058341425552246556,-0.1124499931614895,-0.07217184516389916,-0.07689641128853163,-0.050216066442477836,118.145
-0.05841074259788298,-0.08557367200360862,-0.07217201727567998,-0.07582787338826262,-0.05021606644027869,126.805
-0.05841363080811783,-0.08522462887168808,-0.07217198285332382,-0.07668324337408403,-0.05021606643776486,124.644
-0.058387636916004175,-0.1089595618422842,-0.07217189679743341,-0.07668324337408403,-0.05021606330309507,125.837
-0.058399189756943574,-0.1124499931614895,-0.07217184516389916,-0.07668324337408403,-0.05021606644249794,127.899
-0.05841363080811783,-0.09517235813142322,-0.07217194843096765,-0.07668324337408403,-0.050216066440573075,128.335
-0.05837993502204457,-0.09587044439526428,-0.07217203448685806,-0.07668324337408403,-0.050216066442365044,131.274
-0.058403040703923374,-0.1124499931614895,-0.07217201727567998,-0.07625420921715784,-0.050216066442720524,124.336
-0.05837030765459507,-0.1124499931614895,-0.07217189679743341,-0.07582787338826262,-0.05021606644258908,128.354
-0.05841363080811783,-0.08557367200360862,-0.07217201727567998,-0.07689641128853163,-0.05021606644003528,121.225
-0.058394376073218825,-0.1124499931614895,-0.07217194843096765,-0.07582787338826262,-0.0502160664426409,128.927
-0.05832217081734755,-0.09517235813142322,-0.07217194843096765,-0.07668324337408403,-0.05021585398989886,111.135
-0.058297139661978845,-0.1124499931614895,-0.07217201727567998,-0.07668324337408403,-0.05021606644271767,131.918
-0.058399189756943574,-0.10075704824215172,-0.07217198285332382,-0.07625420921715784,-0.050216066442296946,137.233
-0.058387636916004175,-0.1124499931614895,-0.07217201727567998,-0.07582787338826262,-0.050216066442722564,129.68
-0.05840631400885621,-0.09988444041235038,-0.07217194843096765,-0.07668324337408403,-0.050216066441928005,133.198
-0.05840631400885621,-0.10721434618268154,-0.07217184516389916,-0.07625420921715784,-0.0502160664423625,129.569
-0.05837030765459507,-0.09970991884639013,-0.07217189679743341,0.0721403408467138,-0.05021606644173021,118.994
-0.05837993502204457,-0.09988444041235038,-0.07217194843096765,-0.07582787338826262,-0.05021606644275489,128.643
-0.05840881712439308,-0.08522462887168808,-0.07217198285332382,-0.07668324337408403,-0.05021606643776486,115.304
-0.05837030765459507,-0.10983216967208552,-0.07217184516389916,-0.07668324337408403,-0.05021606644241995,120.981
-0.058399189756943574,-0.09290357777393976,-0.07217201727567998,-0.07582787338826262,-0.05021606644145417,136.941
-0.05837030765459507,-0.09098384054837685,-0.07217198285332382,-0.07625420921715784,-0.05021606643928956,117.054
-0.058394376073218825,-0.1124499931614895,-0.07217201727567998,-0.07668324337408403,-0.05021606644271767,129.148
-0.05840881712439308,-0.1124499931614895,-0.07217194843096765,-0.07689641128853163,-0.05021606644259378,121.617
-0.05822589714285252,-0.1124499931614895,-0.07217184516389916,-0.07582787338826262,-0.05021606644253961,115.391
-0.058403040703923374,-0.09970991884639013,-0.07217189679743341,-0.07582787338826262,-0.050216066441799684,130.748
-0.058297139661978845,-0.1089595618422842,-0.07217189679743341,-0.07668324337408403,-0.0438836054750444,116.417
-0.058341425552246556,-0.09517235813142322,-0.07217194843096765,-0.07689641128853163,-0.05021606644038795,111.459
-0.05838983195578267,-0.07370620551831056,-0.07217203448685806,-0.07668324337408403,-0.050216066440613986,126.446
-0.058341425552246556,-0.09691757379102588,-0.07217198285332382,-0.07668324337408403,-0.05021606644160758,116.22
-0.05835779207691071,-0.09517235813142322,-0.07217194843096765,-0.07689641128853163,-0.05021606644038795,112.209
-0.05837993502204457,-0.09290357777393976,-0.07217201727567998,-0.07582787338826262,-0.05021606644145417,133.311
-0.058387636916004175,-0.08557367200360862,-0.07217201727567998,-0.07625420921715784,-0.050216066440205855,128.2
-0.05822589714285252,-0.1089595618422842,-0.07217189679743341,-0.07582787338826262,-0.050216066442514216,113.086
-0.05841363080811783,-0.09098384054837685,-0.07217198285332382,-0.07582787338826262,-0.050216066439579175,131.568
-0.058341425552246556,-0.10407295799539676,-0.07217203448685806,-0.07668324337408403,-0.050216066442706674,134.996
-0.05817776030560501,-0.10407295799539676,-0.07217203448685806,-0.07582787338826262,-0.050216066442712266,127.688
-0.05837993502204457,-0.1124499931614895,-0.07217201727567998,-0.07689641128853163,-0.05021606644271574,133.01
-0.05840631400885621,-0.10669078148480075,-0.07217198285332382,-0.07668324337408403,-0.050216066442559784,127.251
-0.05841844449184258,-0.1124499931614895,-0.07217201727567998,-0.07668324337408403,-0.05021606644271767,128.518
-0.058394376073218825,-0.09587044439526428,-0.07217203448685806,-0.07689641128853163,-0.050216066442354046,131.446
-0.058297139661978845,-0.10773791088056232,-0.07217194843096765,-0.07582787338826262,-0.050216066442561005,121.944
-0.05835779207691071,-0.1124499931614895,-0.07217184516389916,-0.07625420921715784,-0.05021606644252368,123.236
-0.05835779207691071,-0.10546913052307888,-0.07217189679743341,-0.07689641128853163,-0.05021606644230867,120.229
-0.05837030765459507,-0.1124499931614895,-0.07217198285332382,-0.07668324337408403,-0.05021606644265379,132.611
-0.05835779207691071,-0.10546913052307888,-0.07217189679743341,-0.07668324337408403,-0.05021606644234222,120.419
-0.058387636916004175,-0.1124499931614895,-0.07217194843096765,-0.07625420921715784,-0.05021606644262873,130.183
-0.05840881712439308,-0.1124499931614895,-0.07217189679743341,-0.07668324337408403,-0.05021606644255182,126.195
-0.058387636916004175,-0.08557367200360862,-0.07217201727567998,-0.07668324337408403,-0.05021606644010436,124.843
-0.05837030765459507,-0.10669078148480075,-0.07217198285332382,-0.07582787338826262,-0.050216066442600044,133.894
-0.05832217081734755,-0.10407295799539676,-0.07217203448685806,-0.07582787338826262,-0.050216066442712266,135.468
-0.05840881712439308,-0.09098384054837685,-0.07217198285332382,-0.07689641128853163,-0.05021606643880887,118.667
-0.058297139661978845,-0.10983216967208552,-0.07217184516389916,-0.07668324337408403,-0.05021606643723562,114.751
-0.05837030765459507,-0.10407295799539676,-0.07217203448685806,-0.07582787338826262,-0.050216066442712266,130.828
-0.05841074259788298,-0.09046027585049606,-0.07217194843096765,-0.07582787338826262,-0.05021606643819612,127.094
-0.058387636916004175,-0.1124499931614895,-0.07217203448685806,-0.07689641128853163,-0.0502160664427512,129.267
-0.058341425552246556,-0.10721434618268154,-0.07217184516389916,-0.07689641128853163,-0.050216066442289216,115.608
-0.05832217081734755,-0.10669078148480075,-0.07217198285332382,-0.07582787338826262,-0.050216066442600044,127.054
-0.058387636916004175,-0.10512008739115834,-0.07217201727567998,-0.07668324337408403,-0.05021606644264774,130.197
-0.05832217081734755,-0.10302582859963517,-0.07217194843096765,-0.07668324337408403,-0.05021606644233154,117.037
-0.05837993502204457,-0.09046027585049606,-0.07217194843096765,-0.07582787338826262,-0.05021606643819612,117.504
-0.05835779207691071,-0.1124499931614895,-0.07217198285332382,-0.07625420921715784,-0.049158089752860734,131.78
-0.058399189756943574,-0.1124499931614895,-0.07217194843096765,-0.07668324337408403,-0.05021606644260911,130.033
-0.058394376073218825,-0.10302582859963517,-0.07217194843096765,-0.07625420921715784,-0.05021606644238077,130.777
-0.058403040703923374,-0.10773791088056232,-0.07217194843096765,-0.07582787338826262,-0.050216066442561005,127.394
-0.058357445491682536,-0.09517235813142322,-0.07217194843096765,-0.07582787338826262,-0.050216066440956754,131.279
-0.05841363080811783,-0.09028575428453578,-0.07217203448685806,-0.07567406869049664,-0.0502160664416341,119.698
-0.058341425552246556,-0.10669078148480075,-0.07217198285332382,-0.07689641128853163,-0.05021606644255379,124.852
-0.05837993502204457,-0.10512008739115834,-0.07217201727567998,-0.07668324337408403,-0.05021606644264774,132.587
-0.058399189756943574,-0.10721434618268154,-0.07217184516389916,-0.07625420921715784,-0.0502160664423625,129.329
-0.058394376073218825,-0.1124499931614895,-0.07217201727567998,-0.07625420921715784,-0.050216066442720524,127.076
-0.05841459354486278,-0.09587044439526428,-0.07217203448685806,-0.07668324337408403,-0.050216066442365044,116.074
-0.05841074259788298,-0.0977901816208272,-0.07217201727567998,-0.07689641128853163,-0.05021606644224045,120.076
-0.05837993502204457,-0.10721434618268154,-0.07217184516389916,-0.07625420921715784,-0.0502160664423625,123.069
-0.05837030765459507,-0.09517235813142322,-0.07217194843096765,-0.07625420921715784,-0.050216066440809885,118.365
-0.058403040703923374,-0.09517235813142322,-0.07217194843096765,-0.07582787338826262,-0.05021606643723562,128.879
-0.05835779207691071,-0.10320035016559544,-0.07217189679743341,-0.07582787338826262,-0.050216066442298826,123.12
-0.058341425552246556,-0.1089595618422842,-0.07217189679743341,-0.07625420921715784,-0.05021606644249472,122.232
-0.05837993502204457,-0.09517235813142322,-0.07217194843096765,-0.07625420921715784,-0.050216066440809885,119.505
-0.05841363080811783,-0.0780692446673172,-0.07217201727567998,-0.07582787338826262,-0.050216066439546916,119.115
-0.058403040703923374,-0.0977901816208272,-0.07217201727567998,-0.07668324337408403,-0.05021606644225429,128.435
-0.05837030765459507,-0.09290357777393976,-0.07217201727567998,-0.07668324337408403,-0.05021606644136133,122.17
-0.05822589714285252,-0.1124499931614895,-0.07217184516389916,-0.07668324337408403,-0.05021606644249794,112.139
-0.05822589714285252,-0.1124499931614895,-0.07217198285332382,-0.07689641128853163,-0.05021606644265021,115.893
-0.05822589714285252,-0.1124499931614895,-0.07217203448685806,-0.07668324337408403,-0.05021606644275225,133.376
-0.058399189756943574,-0.08557367200360862,-0.07217201727567998,-0.07582787338826262,-0.05021606644027869,131.865
-0.058297139661978845,-0.1124499931614895,-0.07217201727567998,-0.07689641128853163,-0.05021606644271574,130.34
-0.058297139661978845,-0.08522462887168808,-0.07217198285332382,-0.07668324337408403,-0.05021606643776486,104.204
-0.05837993502204457,-0.1124499931614895,-0.07217184516389916,-0.07582787338826262,-0.05021606644253961,127.461
-0.05826440661265053,-0.1124499931614895,-0.07217203448685806,-0.07689641128853163,-0.0502160664427512,137.207
-0.058387636916004175,-0.07370620551831056,-0.07217203448685806,-0.07668324337408403,-0.050216066440613986,122.216
-0.058403040703923374,-0.10075704824215172,-0.07217198285332382,-0.07689641128853163,-0.05021606644222888,132.886
-0.058297139661978845,-0.1124499931614895,-0.07217203448685806,-0.07689641128853163,-0.0502160664427512,138.537
-0.05835779207691071,-0.09587044439526428,-0.07217203448685806,-0.07625420921715784,-0.050215744100470854,133.252
-0.05837993502204457,-0.0977901816208272,-0.07217201727567998,-0.07689641128853163,-0.05021606643723562,127.686
-0.058297139661978845,-0.10669078148480075,-0.07217198285332382,-0.07689641128853163,-0.05021606644255379,120.702
-0.058387636916004175,-0.10546913052307888,-0.07217189679743341,-0.07582787338826262,-0.05021606644241187,129.468
-0.05817776030560501,-0.10546913052307888,-0.07217189679743341,-0.07582787338826262,-0.05021606644241187,114.258
-0.058387636916004175,-0.10721434618268154,-0.07217184516389916,-0.07689641128853163,-0.050216066442289216,122.088
-0.058394376073218825,-0.10302582859963517,-0.07217194843096765,-0.07668324337408403,-0.05021606644233154,127.117
-0.058412379250349394,-0.1124499931614895,-0.07217184516389916,-0.07689641128853163,-0.05021606644275489,122.765
-0.05837993502204457,-0.08208324068440331,-0.07217203448685806,-0.07625420921715784,-0.05021606644121644,125.261
-0.058403040703923374,-0.1124499931614895,-0.07217194843096765,-0.07625420921715784,-0.05021606644262873,126.713
-0.05803334979386246,-0.1124499931614895,-0.07217203448685806,-0.07582787338826262,-0.05021606434966105,123.217
-0.058394376073218825,-0.09517235813142322,-0.07217194843096765,-0.07625420921715784,-0.05021606643723562,121.635
-0.058387636916004175,-0.09970991884639013,-0.07217189679743341,-0.07582787338826262,-0.050216066441799684,125.728
-0.05840631400885621,-0.10773791088056232,-0.07217194843096765,-0.07582787338826262,-0.050216066442561005,127.404
-0.058387636916004175,-0.1124499931614895,-0.07217184516389916,-0.07625420921715784,-0.05021606644252368,126.986
-0.058403040703923374,-0.1124499931614895,-0.07217184516389916,-0.07668324337408403,-0.05021606644249794,129.099
-0.05841459354486278,-0.08557367200360862,-0.07217201727567998,-0.07668324337408403,-0.05021606644010436,121.783
-0.05837030765459507,-0.0977901816208272,-0.07217201727567998,-0.07668324337408403,-0.05021606644225429,127.465
-0.058394376073218825,-0.10075704824215172,-0.07217198285332382,-0.07582787338826262,-0.05021606644233796,137.658
-0.05841363080811783,-0.09970991884639013,-0.07217189679743341,-0.07625420921715784,-0.05020559450358671,136.384
-0.058412379250349394,-0.08557367200360862,-0.07217201727567998,-0.07689641128853163,-0.05021606644003528,122.845
-0.058297139661978845,-0.10773791088056232,-0.07217194843096765,-0.07668324337408403,-0.05021606644251253,119.209
-0.058341425552246556,-0.1124499931614895,-0.07217201727567998,-0.07668324337408403,-0.05021606644271767,135.308
-0.05837993502204457,-0.09587044439526428,-0.07217203448685806,-0.07582787338826262,-0.05021606644239279,134.976
-0.05840631400885621,-0.1089595618422842,-0.07217189679743341,-0.07582787338826262,-0.050216066442514216,127.356
-0.058297139661978845,-0.09028575428453578,-0.07217203448685806,-0.07582787338826262,-0.0502160664416341,125.398
-0.05826440661265053,-0.10512008739115834,-0.07217201727567998,-0.07582787338826262,-0.05021606644265716,125.268
-0.058387636916004175,-0.1124499931614895,-0.07217194843096765,-0.07668324337408403,-0.05021606644260911,131.013
-0.058341425552246556,-0.0780692446673172,-0.07217201727567998,-0.07668324337408403,-0.05021606643932184,108.684
-0.05835779207691071,-0.09290357777393976,-0.07217201727567998,-0.07582787338826262,-0.05021606644145417,127.141
-0.05832217081734755,-0.09988444041235038,-0.07217194843096765,-0.07668324337408403,-0.050216066441928005,113.288
-0.058394376073218825,-0.09517235813142322,-0.07217194843096765,-0.07689641128853163,-0.05021606644038795,118.619
-0.05841074259788298,-0.10302582859963517,-0.07217194843096765,-0.07668324337408403,-0.05021606644233154,127.637
-0.05840881712439308,-0.09098384054837685,-0.07217198285332382,-0.07625420921715784,-0.05021606643928956,133.774
-0.058399189756943574,-0.1124499931614895,-0.07217184516389916,-0.07625420921715784,-0.05021606644252368,126.966
-0.05817776030560501,-0.1124499931614895,-0.07217203448685806,-0.07625420921715784,-0.05021606644275379,131.453
-0.05837993502204457,-0.1124499931614895,-0.07217189679743341,-0.07745496519094495,-0.05021606644258908,128.244
-0.05837993502204457,-0.09028575428453578,-0.07217203448685806,-0.07668324337408403,-0.050216066441553756,129.567
-0.05817776030560501,-0.1124499931614895,-0.07217203448685806,-0.07668324337408403,-0.05021606644275225,129.116
-0.058387636916004175,-0.09098384054837685,-0.07217198285332382,-0.07689641128853163,-0.05021606643880887,114.477
-0.058387636916004175,-0.10669078148480075,-0.07217198285332382,-0.07689641128853163,-0.048070286979034774,133.402
-0.05835779207691071,-0.09988444041235038,-0.07217194843096765,-0.07582787338826262,-0.0502160664420775,116.783
-0.058403040703923374,-0.10546913052307888,-0.07217189679743341,-0.07582787338826262,-0.05021606644241187,130.688
-0.05826440661265053,-0.1124499931614895,-0.07217194843096765,-0.07668324337408403,-0.05021606644260911,120.553
-0.05837993502204457,-0.09098384054837685,-0.07217198285332382,-0.07582787338826262,-0.050216066439579175,122.218
-0.058387636916004175,-0.1124499931614895,-0.07217198285332382,-0.07625420921715784,-0.04698133716889359,132.05
-0.05840631400885621,-0.1124499931614895,-0.07217198285332382,-0.07582787338826262,-0.05021606644267782,124.155
-0.05837030765459507,-0.10773791088056232,-0.07217194843096765,-0.07582787338826262,-0.050216066442561005,128.334
-0.05840881712439308,-0.09587044439526428,-0.07217203448685806,-0.07625420921715784,-0.0502160664423812,123.082
-0.058412379250349394,-0.10546913052307888,-0.07217184516389916,-0.07582787338826262,-0.05021606644231942,128.175
-0.05841459354486278,-0.08208324068440331,-0.07217203448685806,-0.07689641128853163,-0.0502160664411125,116.146
-0.058403040703923374,-0.1124499931614895,-0.07217184516389916,-0.07625420921715784,-0.05021606644252368,128.086
-0.058399189756943574,-0.09587044439526428,-0.07217203448685806,-0.07625420921715784,-0.0502160664423812,130.332
-0.05840881712439308,-0.07370620551831056,-0.07217203448685806,-0.07668324337408403,-0.050194184841261404,129.776
-0.05837993502204457,-0.10407295799539676,-0.07217203448685806,-0.07625420921715784,-0.050216066442709935,125.054
-0.05837030765459507,-0.0780692446673172,-0.07217201727567998,-0.07668324337408403,-0.05021606643932184,116.184
-0.05841074259788298,-0.09098384054837685,-0.07217198285332382,-0.07582787338826262,-0.050216066439579175,139.428
-0.05822589714285252,-0.10512008739115834,-0.07217201727567998,-0.07668324337408403,-0.05021606644264774,116.967
-0.05835779207691071,-0.1124499931614895,-0.07217189679743341,-0.07668324337408403,-0.05021606644255182,124.625
-0.05826440661265053,-0.1124499931614895,-0.07217184516389916,-0.07625420921715784,-0.05021606644252368,116.476
-0.058297139661978845,-0.09970991884639013,-0.07217189679743341,-0.07668324337408403,-0.05021606644161818,110.839
-0.05841074259788298,-0.09098384054837685,-0.07217198285332382,-0.07689641128853163,-0.05021606643880887,123.207
-0.058394376073218825,-0.1124499931614895,-0.07217184516389916,-0.07668324337408403,-0.05021606644249794,125.499
-0.05840631400885621,-0.10407295799539676,-0.07217203448685806,-0.07689641128853163,-0.05021606644270445,120.078
-0.05840631400885621,-0.1124499931614895,-0.07217194843096765,-0.07625420921715784,-0.05021606644262873,123.583
-0.05837993502204457,-0.09517235813142322,-0.07217194843096765,-0.07689641128853163,-0.05021606644038795,116.859
-0.05840881712439308,-0.09691757379102588,-0.07217198285332382,-0.07582787338826262,-0.05021606644181221,138.523
-0.05837993502204457,-0.09517235813142322,-0.07217194843096765,-0.07582787338826262,-0.05012156048813903,120.779
-0.05837993502204457,-0.07370620551831056,-0.07217203448685806,-0.07582787338826262,-0.05021606644075527,127.197
-0.05837030765459507,-0.08208324068440331,-0.07217203448685806,-0.07582787338826262,-0.05021606225652909,126.746
-0.058387636916004175,-0.10075704824215172,-0.07217198285332382,-0.07668324337408403,-0.05021606644224302,127.375
-0.058394376073218825,-0.0780692446673172,-0.07217201727567998,-0.07668324337408403,-0.05021606643932184,118.634
-0.058403040703923374,-0.08208324068440331,-0.07217203448685806,-0.007790516612136303,-0.0502160664411546,135.324
-0.05840631400885621,-0.0977901816208272,-0.07217201727567998,-0.07668324337408403,-0.05021606644225429,126.045
-0.058394376073218825,-0.08557367200360862,-0.07217201727567998,-0.07582787338826262,-0.05021606644027869,130.845
-0.05837030765459507,-0.08557367200360862,-0.07217201727567998,-0.0077905166121363025,-0.05021606644010436,122.413
-0.05835779207691071,-0.10721434618268154,-0.07217184516389916,-0.07689641128853163,-0.04496136226201835,118.108
-0.05837993502204457,-0.10075704824215172,-0.07217198285332382,-0.07689641128853163,-0.05021606644222888,120.446
-0.058403040703923374,-0.09028575428453578,-0.07217203448685806,-0.07668324337408403,-0.050216066441553756,130.217
-0.05837030765459507,-0.1124499931614895,-0.07217198285332382,-0.07625420921715784,-0.05021606644266744,133.04
-0.058387636916004175,-0.10721434618268154,-0.07217184516389916,-0.07582787338826262,-0.05021606644238796,126.514
-0.058403040703923374,-0.10302582859963517,-0.07217194843096765,-0.07689641128853163,-0.05021606644229306,131.491
-0.05822589714285252,-0.10669078148480075,-0.07217198285332382,-0.07668324337408403,-0.050216066442559784,115.321
-0.05841459354486278,-0.09098384054837685,-0.07217198285332382,-0.07689641128853163,-0.05021606643880887,124.987
-0.05839015928627595,-0.1124499931614895,-0.07217189679743341,-0.07625420921715784,-0.050216066442574814,127.91
-0.05837030765459507,-0.09098384054837685,-0.07217198285332382,-0.07582787338826262,-0.050216066439579175,121.318
-0.05832217081734755,-0.1124499931614895,-0.07217184516389916,-0.07582787338826262,-0.05021606644253961,121.301
-0.05822589714285252,-0.10407295799539676,-0.07217203448685806,-0.07582787338826262,-0.050216066442712266,127.398
-0.05840124324708716,-0.10075704824215172,-0.07217198285332382,-0.07582787338826262,-0.05021606644233796,136.758
-0.058394376073218825,-0.09587044439526428,-0.07217203448685806,-0.07582787338826262,-0.05021606644239279,131.656
-0.05832217081734755,-0.09970991884639013,-0.07217189679743341,-0.07689641128853163,-0.05021606644153074,111.029
-0.058383862987963976,-0.08557367200360862,-0.07217201727567998,-0.07625420921715784,-0.050216066440205855,127.04
-0.05837993502204457,-0.10669078148480075,-0.07217198285332382,-0.07625420921715784,-0.050216066442582655,133.649
-0.05837030765459507,-0.08557367200360862,-0.07217201727567998,-0.07582787338826262,-0.05021606644027869,127.625
-0.058399189756943574,-0.09098384054837685,-0.07217198285332382,-0.07582787338826262,-0.050216066439579175,127.928
-0.05841363080811783,-0.10546913052307888,-0.07217189679743341,-0.07689641128853163,-0.05021606644230867,120.189
-0.058341425552246556,-0.1124499931614895,-0.07217198285332382,-0.07689641128853163,-0.05021606644265021,126.933
-0.058399189756943574,-0.1089595618422842,-0.07217189679743341,-0.07625420921715784,-0.05021606644249472,129.002
-0.05837993502204457,-0.10721434618268154,-0.07217184516389916,-0.07689641128853163,-0.050216066442289216,120.088
-0.058394376073218825,-0.1124499931614895,-0.07217194843096765,-0.07625420921715784,-0.05021606644262873,129.953
-0.05837030765459507,-0.09517235813142322,-0.07217194843096765,-0.07582787338826262,-0.050216066440956754,119.639
-0.05841459354486278,-0.08522462887168808,-0.07217198285332382,-0.07668324337408403,-0.05021606643776486,123.514
-0.05840631400885621,-0.09098384054837685,-0.07217198285332382,-0.07625420921715784,-0.05021606643928956,124.244
-0.05835779207691071,-0.10302582859963517,-0.07217194843096765,-0.07582787338826262,-0.0502160664424113,123.311
-0.05837993502204457,-0.08557367200360862,-0.07217201727567998,-0.07689641128853163,-0.05021606644003528,120.835
-0.058394376073218825,-0.1124499931614895,-0.07217194843096765,-0.07668324337408403,-0.05021606644260911,131.023
-0.05837030765459507,-0.10075704824215172,-0.07217198285332382,-0.07625420921715784,-0.050216066442296946,124.273
-0.058399189756943574,-0.08208324068440331,-0.07217203448685806,-0.07625420921715784,-0.05021606644121644,126.001
-0.058403040703923374,-0.10721434618268154,-0.07217184516389916,-0.07689641128853163,-0.050216066442289216,128.708
-0.058403040703923374,-0.0780692446673172,-0.07217201727567998,-0.07668324337408403,-0.05021606643932184,119.174
-0.058297139661978845,-0.1124499931614895,-0.07217194843096765,-0.07582787338826262,-0.0502160664426409,125.427
-0.058341425552246556,-0.10546913052307888,-0.07217184516389916,-0.07668324337408403,-0.05021606644224153,115.863
-0.05841459354486278,-0.08208324068440331,-0.07217203448685806,-0.07582787338826262,-0.050216066441260844,112.506
-0.05826440661265053,-0.07370620551831056,-0.07217203448685806,-0.07582787338826262,-0.05021606644075527,121.657
-0.05832217081734755,-0.09988444041235038,-0.07217194843096765,-0.07582787338826262,-0.0502160664420775,118.343
-0.05841074259788298,-0.10721434618268154,-0.07217184516389916,-0.07689641128853163,-0.050216066442289216,125.398
-0.05831812732301877,-0.1124499931614895,-0.07217201727567998,-0.07668324337408403,-0.05021606644271767,126.508
-0.058110368733458484,-0.1124499931614895,-0.07217203448685806,-0.07625420921715784,-0.05021606644275379,125.683
-0.05822589714285252,-0.1124499931614895,-0.07217189679743341,-0.07582787338826262,-0.05021606644258908,118.134
-0.05837993502204457,-0.1089595618422842,-0.07217189679743341,-0.07668324337408403,-0.05021606644246328,122.797
-0.05837993502204457,-0.1089595618422842,-0.07217189679743341,-0.07689641128853163,-0.050216066442438735,123.037
-0.058403040703923374,-0.09691757379102588,-0.07217198285332382,-0.07668324337408403,-0.05021606644160758,130.94
-0.05837993502204457,-0.09970991884639013,-0.07217189679743341,-0.07582787338826262,-0.050216066441799684,122.708
-0.058341425552246556,-0.10721434618268154,-0.07217184516389916,-0.07625420921715784,-0.0502160664423625,118.689
-0.05835779207691071,-0.08208324068440331,-0.07217203448685806,-0.07689641128853163,-0.0502160664411125,123.466
-0.05841074259788298,-0.1124499931614895,-0.07217189679743341,-0.07625420921715784,-0.050216066442574814,121.66
-0.058403040703923374,-0.1089595618422842,-0.07217189679743341,-0.07582787338826262,-0.050216066442514216,128.216
-0.058394376073218825,-0.09098384054837685,-0.07217198285332382,-0.07625420921715784,-0.05021606643928956,124.214
-0.05837030765459507,-0.10669078148480075,-0.07217198285332382,-0.07668324337408403,-0.050216066442559784,130.791
-0.058341425552246556,-0.09290357777393976,-0.07217201727567998,-0.07582787338826262,-0.05021606644145417,122.471
-0.058403040703923374,-0.1124499931614895,-0.07217189679743341,-0.07668324337408403,-0.05021606644255182,130.205
-0.05836761199170921,-0.09517235813142322,-0.07217194843096765,-0.07582787338826262,-0.050216066440956754,116.849
-0.058399189756943574,-0.1124499931614895,-0.07217184516389916,-0.07582787338826262,-0.05021606644253961,125.201
-0.05841074259788298,-0.10721434618268154,-0.07217184516389916,-0.07625420921715784,-0.0502160664423625,126.159
-0.058387636916004175,-0.09098384054837685,-0.07217198285332382,-0.07625420921715784,-0.05021606643928956,121.824
-0.05841074259788298,-0.0780692446673172,-0.07217201727567998,-0.07668324337408403,-0.05021606643932184,130.614
-0.058403040703923374,-0.10669078148480075,-0.07217198285332382,-0.07668324337408403,-0.050216066442559784,129.991
-0.058394376073218825,-0.10075704824215172,-0.07217198285332382,-0.07625420921715784,-0.050216066442296946,136.883
-0.05841074259788298,-0.09970991884639013,-0.07217189679743341,-0.07689641128853163,-0.05021606644153074,130.269
-0.058399189756943574,-0.09028575428453578,-0.07217203448685806,-0.07668324337408403,-0.050216066441553756,130.947
-0.058399189756943574,-0.1124499931614895,-0.07217198285332382,-0.07625420921715784,-0.05021606644266744,129.8
-0.058387636916004175,-0.10075704824215172,-0.07217198285332382,-0.07689641128853163,-0.05021606644222888,124.346
-0.058394376073218825,-0.1124499931614895,-0.07217198285332382,-0.07625420921715784,-0.05021606644266744,131.43
-0.058399189756943574,-0.10669078148480075,-0.07217198285332382,-0.07689641128853163,21.405433110878437,133.012
-0.05839085245673231,-0.09517235813142322,-0.07217194843096765,-0.07625420921715784,-0.050216066440809885,131.605
-0.05841459354486278,-0.09046027585049606,-0.07217194843096765,-0.07668324337408403,-0.05021606643723562,114.75
-0.058403040703923374,-0.1124499931614895,-0.07217198285332382,-0.07689641128853163,-0.05021606644265021,129.053
-0.05837993502204457,-0.1124499931614895,-0.07217203448685806,-0.07625420921715784,-0.05021606644275379,127.623
-0.05826440661265053,-0.09988444041235038,-0.07217194843096765,-0.07668324337408403,-0.050216066441928005,111.588
-0.05841074259788298,-0.09517235813142322,-0.07217194843096765,-0.07582787338826262,-0.050216066440956754,135.079
-0.05840631400885621,-0.10669078148480075,-0.07217198285332382,-0.07625420921715784,-0.050216066442582655,126.599
-0.058341425552246556,-0.1124499931614895,-0.07217198285332382,-0.07582787338826262,-0.05021606644267782,130.935
-0.058399189756943574,-0.09098384054837685,-0.07217198285332382,-0.07689641128853163,-0.05021606643880887,119.777
-0.058387636916004175,-0.09691757379102588,-0.07217198285332382,-0.07582787338826262,-0.05021606644181221,128.763
-0.058297139661978845,-0.10512008739115834,-0.07217201727567998,-0.07668324337408403,-0.05021606644264774,125.717
-0.05841459354486278,-0.09517235813142322,-0.07217194843096765,-0.07625420921715784,-0.050216066440809885,131.955
-0.058297139661978845,-0.10407295799539676,-0.07217203448685806,-0.07582787338826262,-0.050216066442712266,134.498
-0.05837030765459507,-0.10302582859963517,-0.07217194843096765,-0.07668324337408403,-0.05021606644233154,120.497
-0.05822589714285252,-0.1124499931614895,-0.07217198285332382,-0.07625420921715784,-0.05021606644266744,121.93
-0.05841074259788298,-0.08208324068440331,-0.07217203448685806,-0.07668324337408403,-0.0502160664411546,115.444
-0.058285779368388434,-0.10773791088056232,-0.07217194843096765,-0.07582787338826262,-0.050216066442561005,113.034
-0.058399189756943574,-0.09587044439526428,-0.07217203448685806,-0.07582787338826262,-0.05021606644239279,129.556
-0.05817776030560501,-0.10773791088056232,-0.07217194843096765,-0.07668324337408403,-0.05021606644251253,108.649
-0.05832217081734755,-0.08208324068440331,-0.07217203448685806,-0.07668324337408403,-0.0502160664411546,119.854
-0.05826440661265053,-0.1124499931614895,-0.07217201727567998,-0.07625420921715784,-0.050216066442720524,130.156
-0.05835779207691071,-0.09691757379102588,-0.07217198285332382,-0.07582787338826262,-0.05021606644181221,123.263
-0.05840881712439308,-0.1124499931614895,-0.07217194843096765,-0.07668324337408403,-0.05021606644260911,119.513
-0.05835779207691071,-0.10302582859963517,-0.07217194843096765,-0.07625420921715784,-0.05021606644238077,121.587
-0.058394376073218825,-0.09290357777393976,-0.07217201727567998,-0.07668324337408403,-0.05021606644136133,130.05
-0.05840631400885621,-0.08557367200360862,-0.07217201727567998,-0.07625420921715784,-0.050216066440205855,129.33
-0.05835779207691071,-0.10407295799539676,-0.07217203448685806,-0.07668324337408403,-0.050216066442706674,133.436
-0.058399189756943574,-0.1124499931614895,-0.07217189679743341,-0.07625420921715784,-0.050216066442574814,128.29
-0.058412379250349394,-0.09970991884639013,-0.07217189679743341,-0.07582787338826262,-0.050216066441799684,139.808
-0.05841363080811783,-0.08557367200360862,-0.07217201727567998,-0.07582787338826262,-0.05021606644027869,124.835
-0.058399189756943574,-0.09970991884639013,-0.07217189679743341,-0.07582787338826262,-0.050216066441799684,126.838
-0.058394376073218825,-0.1124499931614895,-0.07217201727567998,-0.07689641128853163,-0.05021606644271574,129.27
-0.058412379250349394,-0.09691757379102588,-0.07217198285332382,-0.07582787338826262,-0.05021606644181221,136.583
-0.058403040703923374,-0.1124499931614895,-0.07217198285332382,-0.07582787338826262,-0.05021606644267782,126.805
-0.058110368733458484,-0.10407295799539676,-0.07217203448685806,-0.07625420921715784,-0.050216066442709935,124.394
-0.058341425552246556,-0.09517235813142322,-0.07217194843096765,-0.07582787338826262,-0.050216066440956754,115.079
-0.05841363080811783,-0.09988444041235038,-0.07217194843096765,-0.07668324337408403,-0.050216066441928005,127.488
-0.05835779207691071,-0.0780692446673172,-0.07217201727567998,-0.07668324337408403,-0.05021606643932184,113.004
-0.058403040703923374,-0.1124499931614895,-0.07217201727567998,-0.07582787338826262,-0.050216066442722564,130.96
-0.058403040703923374,-0.09517235813142322,-0.07217194843096765,-0.07689641128853163,-0.05021606644038795,125.539
-0.05841459354486278,-0.09970991884639013,-0.07217189679743341,-0.07625420921715784,-0.05021606644173021,135.234
-0.058394376073218825,-0.1124499931614895,-0.07217194843096765,-0.07689641128853163,-0.05021606644259378,131.467
-0.05826440661265053,-0.10407295799539676,-0.07217203448685806,-0.07689641128853163,-0.05021606644270445,127.008
-0.05837030765459507,-0.08557367200360862,-0.07217201727567998,-0.07689641128853163,-0.05021606644003528,119.945
-0.05837030765459507,-0.10512008739115834,-0.07217201727567998,-0.07582787338826262,-0.05021606644265716,131.978
-0.05803334979386246,-0.1124499931614895,-0.07217189679743341,-0.07582787338826262,-0.05021606644258908,114.474
-0.058387636916004175,-0.10721434618268154,-0.07217184516389916,-0.07668324337408403,-0.05021606644232135,122.782
-0.05837030765459507,-0.10407295799539676,-0.07217203448685806,-0.07689641128853163,-0.05021606644270445,132.588
-0.05837030765459507,-0.1124499931614895,-0.07217184516389916,-0.07668324337408403,-0.05021606644249794,121.399
-0.05803334979386246,-0.10407295799539676,-0.07217203448685806,-0.07582787338826262,-0.050216066442712266,119.708
-0.05841074259788298,-0.1124499931614895,-0.07217189679743341,-0.07689641128853163,-0.05021606644253386,123.635
-0.05840881712439308,-0.10320035016559544,-0.07217189679743341,-0.07668324337408403,-0.05021606644220852,132.251
-0.05840631400885621,-0.1089595618422842,-0.07217189679743341,-0.07689641128853163,-0.050216066442438735,129.057
-0.05835779207691071,-0.09970991884639013,-0.07217189679743341,-0.07625420921715784,-0.05021606644173021,117.134
-0.05835779207691071,-0.10302582859963517,-0.07217194843096765,-0.07689641128853163,-0.05021606644229306,118.291
-0.058297139661978845,-0.08208324068440331,-0.07217203448685806,-0.07582787338826262,-0.050216066441260844,119.916
-0.058412379250349394,-0.09517235813142322,-0.07217194843096765,-0.07625420921715784,-0.050216066440809885,132.355
-0.05840631400885621,-0.08208324068440331,-0.07217203448685806,-0.07582787338826262,-0.050216066441260844,122.606
-0.05837993502204457,-0.10075704824215172,-0.07217198285332382,-0.07668324337408403,-0.05021606644224302,122.235
-0.05832217081734755,-0.10773791088056232,-0.07217194843096765,-0.07582787338826262,-0.050216066442561005,124.364
-0.05840881712439308,-0.1124499931614895,-0.07217184516389916,-0.07625420921715784,-0.05021606644252368,126.416
-0.05841459354486278,-0.08208324068440331,-0.07217203448685806,-0.07668324337408403,-0.0502160664411546,114.044
-0.05835779207691071,-0.09587044439526428,-0.07217203448685806,-0.07582787338826262,-0.05021606644239279,136.166
-0.05832217081734755,-0.10546913052307888,-0.07217184516389916,-0.07668324337408403,-0.05021606644224153,113.733
-0.05817776030560501,-0.1124499931614895,-0.07217201727567998,-0.07668324337408403,-0.05021606644271767,123.988
-0.05841074259788298,-0.1124499931614895,-0.07217189679743341,-0.07668324337408403,-0.05021606644255182,123.565
-0.05837030765459507,-0.10512008739115834,-0.07217201727567998,-0.07668324337408403,-0.05021606644264774,133.847
-0.058387636916004175,-0.10546913052307888,-0.07217189679743341,-0.07668324337408403,-0.05021606644234222,125.319
-0.05837993502204457,-0.09046027585049606,-0.07217194843096765,-0.07668324337408403,-0.05021606643723562,109.52
-0.05835779207691071,-0.1089595618422842,-0.07217189679743341,-0.07689641128853163,-0.050216066442438735,121.527
-0.058110368733458484,-0.10407295799539676,-0.07217203448685806,-0.07582787338826262,-0.050216066442712266,124.208
-0.05835779207691071,-0.1124499931614895,-0.07217198285332382,-0.07668324337408403,-0.05021606644265379,130.961
-0.058399189756943574,-0.1124499931614895,-0.07217194843096765,-0.07582787338826262,-0.0502160664426409,127.307
-0.05835779207691071,-0.08522462887168808,-0.07217198285332382,-0.07668324337408403,-0.05021606643776486,109.254
-0.05837030765459507,-0.0977901816208272,-0.07217201727567998,-0.07625420921715784,-0.05021606644227462,131.542
-0.058394376073218825,-0.1124499931614895,-0.07217203448685806,-0.07689641128853163,-0.0502160664427512,127.947
-0.058412379250349394,-0.1124499931614895,-0.07217189679743341,-0.07625420921715784,-0.050216066442574814,119.54
-0.058403040703923374,-0.10546913052307888,-0.07217184516389916,-0.07582787338826262,-0.05021606644231942,131.755
-0.05837993502204457,-0.1124499931614895,-0.07217201727567998,-0.07582787338826262,-0.050216066442722564,131.06
-0.05837030765459507,-0.09970991884639013,-0.07217189679743341,-0.07582787338826262,-0.050216066441799684,122.088
-0.058387636916004175,-0.09046027585049606,-0.07217194843096765,-0.07582787338826262,-0.05021606643819612,120.534
-0.05822589714285252,-0.09028575428453578,-0.07217203448685806,-0.07582787338826262,-0.0502160664416341,114.418
-0.05840881712439308,-0.09098384054837685,-0.07217198285332382,-0.07582787338826262,-0.050216066439579175,140.158
-0.05835779207691071,-0.10407295799539676,-0.07217203448685806,-0.07625420921715784,-0.050216066442709935,132.354
-0.05826440661265053,-0.10407295799539676,-0.07217203448685806,-0.07625420921715784,-0.050216066442709935,132.184
-0.058412379250349394,-0.09098384054837685,-0.07217198285332382,-0.0077905166121363025,-0.050216066439579175,137.068
-0.058403040703923374,-0.1124499931614895,-0.07217189679743341,-0.07625420921715784,-0.050216066442574814,127.53
-0.05840631400885621,-0.1124499931614895,-0.07217184516389916,-0.07668324337408403,-0.05021606644249794,128.629
-0.05822589714285252,-0.1124499931614895,-0.07217201727567998,-0.07689641128853163,-0.05021606644271574,122.45
-0.05832217081734755,-0.1124499931614895,-0.07217194843096765,-0.07689641128853163,-0.05021606644259378,122.397
-0.05840631400885621,-0.08522462887168808,-0.07217198285332382,-0.07582787338826262,-0.05021606643863283,122.288
-0.058341425552246556,-0.09691757379102588,-0.07217198285332382,-0.07582787338826262,-0.05021606644181221,120.243
-0.058403040703923374,-0.10075704824215172,-0.07217198285332382,-0.07668324337408403,-0.05021606644224302,134.625
-0.05837030765459507,-0.08557367200360862,-0.07217201727567998,-0.07625420921715784,-0.050216066440205855,125.63
-0.058341425552246556,-0.10302582859963517,-0.07217194843096765,-0.07625420921715784,-0.05021606644238077,119.737
-0.05841074259788298,-0.10075704824215172,-0.07217198285332382,-0.07689641128853163,-0.05021606644222888,128.296
-0.05817776030560501,-0.1124499931614895,-0.07217201727567998,-0.07689641128853163,-0.05021606644271574,119.07
-0.05832217081734755,-0.1124499931614895,-0.07217189679743341,-0.07689641128853163,-0.05021606644253386,120.505
-0.05803334979386246,-0.10546913052307888,-0.07217189679743341,-0.07582787338826262,-0.05021606644241187,109.638
-0.058403040703923374,-0.09988444041235038,-0.07217194843096765,-0.07582787338826262,-0.0502160664420775,136.023
-0.058341425552246556,-0.10320035016559544,-0.07217189679743341,-0.07668324337408403,-0.05021606644220852,115.801
-0.05837030765459507,-0.10546913052307888,-0.07217184516389916,-0.07582787338826262,-0.05021606644231942,123.775
-0.05840881712439308,-0.0977901816208272,-0.07217201727567998,-0.07689641128853163,-0.05021606644224045,122.966
-0.058387636916004175,-0.0780692446673172,-0.07217201727567998,-0.07668324337408403,-0.05021606643932184,117.604
-0.058341425552246556,-0.1124499931614895,-0.07217203448685806,-0.07625420921715784,-0.05021606644275379,133.223
-0.058403040703923374,-0.09046027585049606,-0.07217194843096765,-0.07582787338826262,-0.05021606643819612,123.054
-0.05826440661265053,-0.1124499931614895,-0.07217194843096765,-0.07689641128853163,-0.05021606644259378,117.957
-0.05837993502204457,-0.1124499931614895,-0.07217194843096765,-0.07625420921715784,-0.05021606644262873,129.673
-0.058297139661978845,-0.1124499931614895,-0.07217201727567998,-0.07625420921715784,-0.050216066442720524,132.796
-0.05835779207691071,-0.1089595618422842,-0.07217189679743341,-0.07582787338826262,-0.050216066442514216,126.116
-0.058399189756943574,-0.1089595618422842,-0.07217189679743341,-0.07668324337408403,-0.05021606644246328,129.147
-0.058399189756943574,-0.07370620551831056,-0.07217203448685806,-0.07582787338826262,20.989946416405164,134.247
-0.05835779207691071,-0.09098384054837685,-0.07217198285332382,-0.07625420921715784,-0.05021606643928956,116.914
-0.05837030765459507,-0.1124499931614895,-0.07217201727567998,-0.07689641128853163,-0.05021606644271574,134.87
-0.058412379250349394,-0.08557367200360862,-0.07217201727567998,-0.07582787338826262,-0.05021606644027869,126.195
-0.05837030765459507,-0.09028575428453578,-0.07217203448685806,-0.07582787338826262,-0.0502160664416341,134.058
-0.05841074259788298,-0.09691757379102588,-0.07217198285332382,-0.07668324337408403,-0.05021606644160758,135.54
-0.058387636916004175,-0.08522462887168808,-0.07217198285332382,-0.07582787338826262,-0.05021606643863283,121.528
-0.058341425552246556,-0.07370620551831056,-0.07217203448685806,-0.07668324337408403,-0.050216066440613986,119.646
-0.05817776030560501,-0.1124499931614895,-0.07217194843096765,-0.07582787338826262,-0.0502160664426409,117.087
-0.05835779207691071,-0.10721434618268154,-0.07217184516389916,-0.07625420921715784,-0.0502160664423625,120.189
-0.05840881712439308,-0.10407295799539676,-0.07217203448685806,-0.07689641128853163,-0.05021606644270445,116.128
-0.05841363080811783,-0.09028575428453578,-0.07217203448685806,-0.07668324337408403,-0.050216066441553756,121.547
-0.05832217081734755,-0.09028575428453578,-0.07217203448685806,-0.07582787338826262,-0.0502160664416341,128.978
