index,frequency,angle,chord_length,velocity,thickness,sound_pressure_level
137,2500.0,3.0,0.3047999999980675,39.59999999999991,0.004957437515258789,120.162
606,2500.0,7.200000000000003,0.1524000000063097,71.30000000000018,0.0075203776359558105,124.353
1447,630.0,12.299999999999997,0.1015999999945052,39.59999999999991,0.04082679748535156,121.315
680,315.0,9.899999999999999,0.1524000000063097,31.699999999999818,0.058411359786987305,128.809
1203,1000.0,17.4,0.0253999999986263,31.699999999999818,0.017663180828094482,131.796
1369,315.0,6.699999999999996,0.1015999999945052,31.699999999999818,0.005929350852966309,126.266
582,6300.0,5.399999999999999,0.1524000000063097,39.59999999999991,0.004850268363952637,116.677
1478,500.0,15.600000000000001,0.1015999999945052,71.30000000000018,5599.0,130.638
793,3150.0,4.200000000000003,0.0507999999972526,39.59999999999991,0.0015268921852111816,133.587
1392,5000.0,8.899999999999999,0.1015999999945052,71.30000000000018,0.010308802127838135,116.723
377,315.0,5.299999999999997,0.2285999999876367,39.59999999999991,0.006143331527709961,129.691
315,16000.0,4.0,0.2285999999876367,71.30000000000018,0.004006028175354004,112.768
443,500.0,7.299999999999997,0.2285999999876367,31.699999999999818,0.013267219066619873,128.169
320,800.0,4.0,0.2285999999876367,55.5,0.004286229610443115,131.864
810,630.0,8.399999999999999,0.0507999999972526,55.5,0.005448579788208008,126.152
1189,1250.0,17.4,0.0253999999986263,39.59999999999991,0.017220616340637207,131.364
1243,1000.0,0.0,0.1015999999945052,71.30000000000018,0.0012106895446777344,128.825
425,315.0,7.299999999999997,0.2285999999876367,39.59999999999991,0.01234811544418335,132.149
554,6300.0,5.399999999999999,0.1524000000063097,71.30000000000018,0.004012048244476318,116.411
595,5000.0,5.399999999999999,0.1524000000063097,31.699999999999818,0.0004006624221801758,115.691
899,3150.0,15.399999999999999,0.0507999999972526,55.5,2222.0,123.46
865,1600.0,11.200000000000003,0.0507999999972526,39.59999999999991,0.015047729015350342,126.54
1129,8000.0,12.700000000000003,0.0253999999986263,71.30000000000018,0.012180805206298828,120.538
1221,3150.0,22.200000000000003,0.0253999999986263,71.30000000000018,0.02141779661178589,124.127
629,10000.0,22.200000000000003,0.1524000000063097,39.59999999999991,0.009091734886169434,110.868
228,5000.0,0.0,0.2285999999876367,39.59999999999991,0.002535104751586914,122.175
719,1600.0,12.600000000000001,68357.3185966668,39.59999999999991,0.058411359786987305,110.78
827,2000.0,8.399999999999999,55.00000000001455,39.59999999999991,0.005662262439727783,129.965
985,2000.0,0.0,0.0253999999986263,2559.0283600493212,0.0004284381866455078,130.026
984,1600.0,0.0,70079.99819328489,39.59999999999991,0.0004284381866455078,124.156
67,800.0,1.5,0.3047999999980675,71.30000000000018,0.003367304801940918,127.122
394,400.0,7.299999999999997,0.2285999999876367,71.30000000000018,0.010440409183502197,139.438
580,4000.0,5.399999999999999,0.1524000000063097,39.59999999999991,0.058411359786987305,117.137
995,1000.0,0.0,0.0253999999986263,31.699999999999818,0.0004394650459289551,125.127
212,3150.0,0.0,0.2285999999876367,55.5,0.002293407917022705,125.16
1396,315.0,8899.0,0.1015999999945052,39.59999999999991,0.01245957612991333,135.38
786,10000.0,4.200000000000003,86201.1302070707,71.30000000000018,0.0014278888702392578,121.238
537,5000.0,22.0,0.1524000000063097,39.59999999999991,0.0029480457305908203,121.499
721,2500.0,22.200000000000003,0.1524000000063097,39.59999999999991,0.058411359786987305,106.88
666,500.0,9.899999999999999,0.1524000000063097,2559.0283600493212,0.02333277463912964,126.835
86,1000.0,1.5,0.3047999999980675,39.59999999999991,0.003921091556549072,127.581
1353,500.0,6.699999999999996,0.1015999999945052,55.5,0.005213916301727295,129.343
273,400.0,2.0,0.2285999999876367,39.59999999999991,0.003465712070465088,122.147
1165,200.0,17.4,0.0253999999986263,55.5,0.016570627689361572,109.951
665,0.0,9.899999999999999,0.1524000000063097,39.59999999999991,0.02333277463912964,128.345
1354,630.0,6.699999999999996,0.1015999999945052,55.5,0.005213916301727295,133.023
631,250.0,9.899999999999999,0.1524000000063097,71.30000000000018,0.019300103187561035,135.329
1036,1600.0,4.799999999999997,0.0253999999986263,39.59999999999991,0.0009074807167053223,125.966
1403,1600.0,8.899999999999999,0.1015999999945052,39.59999999999991,0.01245957612991333,123.82
1002,5000.0,0.0,0.0253999999986263,31.699999999999818,0.0004394650459289551,138.607
274,500.0,2.0,0.2285999999876367,39.59999999999991,0.0004006624221801758,125.157
1054,4000.0,4.799999999999997,0.0253999999986263,31.699999999999818,0.0009307861328125,135.328
363,630.0,5.299999999999997,0.2285999999876367,71.30000000000018,0.005194187164306641,131.8
623,2500.0,22.200000000000003,0.1524000000063097,39.59999999999991,0.009091734886169434,117.478
3,1250.0,0.0,0.3047999999980675,71.30000000000018,0.0026633739471435547,125.951
7,3150.0,0.0,0.3047999999980675,71.30000000000018,0.0026633739471435547,125.201
312,8000.0,4.0,0.2285999999876367,71.30000000000018,0.004006028175354004,112.848
708,5000.0,12.600000000000001,0.1524000000063097,71.30000000000018,0.04831588268280029,108.034
944,1600.0,19.700000000000003,0.0507999999972526,71.30000000000018,0.03411829471588135,120.575
1481,1000.0,15.600000000000001,0.1015999999945052,71.30000000000018,0.04372590780258179,124.438
216,315.0,0.0,0.2285999999876367,39.59999999999991,0.002535104751586914,121.055
1224,6300.0,22.200000000000003,0.0253999999986263,71.30000000000018,2211441188.0,123.127
28,10000.0,0.0,0.3047999999980675,55.5,0.002830803394317627,113.076
1085,400.0,9.5,0.0253999999986263,39.59999999999991,0.004498183727264404,121.154
1273,1600.0,0.0,0.1015999999945052,39.59999999999991,0.0014632940292358398,133.261
681,400.0,9.899999999999999,0.1524000000063097,31.699999999999818,0.02527850866317749,128.939
639,1600.0,9.899999999999999,0.1524000000063097,71.30000000000018,0.019300103187561035,121.789
756,2000.0,0.0,0.0507999999972526,39.59999999999991,0.0007918477058410645,132.918
1459,250.0,12.299999999999997,0.1015999999945052,31.699999999999818,0.041875600814819336,125.857
625,4000.0,7.200000000000003,0.1524000000063097,39.59999999999991,0.009091734886169434,114.258
1309,1000.0,3.29999999999999,0.1015999999945052,55.5,0.00221097469329834,131.129
257,8000.0,2.0,0.2285999999876367,71.30000000000018,0.0004006624221801758,115.996
26,6300.0,0.0,0.3047999999980675,2559.0283600493212,0.002830803394317627,117.976
337,1250.0,4.0,0.2285999999876367,39.59999999999991,0.004738032817840576,128.339
573,800.0,5.399999999999999,0.1524000000063097,39.59999999999991,0.004850268363952637,132.757
48,12500.0,0.0,0.3047999999980675,39.59999999999991,0.0031014084815979004,109.619
107,3150.0,3.0,0.3047999999980675,71.30000000000018,0.004257261753082275,121.514
350,6633.0,4.0,0.2285999999876367,31.699999999999818,0.005090653896331787,130.349
56,1000.0,0.0,0.3047999999980675,3311.0,0.00331270694732666,127.365
813,1250.0,8.399999999999999,0.0507999999972526,55.5,0.005448579788208008,132.252
214,5000.0,0.0,0.2285999999876367,55.5,0.002293407917022705,122.41
121,2500.0,3.0,0.3047999999980675,55.5,0.004524946212768555,122.439
875,630.0,15.399999999999999,0.0507999999972526,71.30000000000018,0.02642691135406494,129.645
1399,630.0,8.899999999999999,0.1015999999945052,39.59999999999991,0.01245957612991333,131.92
73,3150.0,1.5,0.3047999999980675,71.30000000000018,0.003367304801940918,123.392
860,500.0,11.200000000000003,0.0507999999972526,39.59999999999991,0.015047729015350342,131.96
725,6300.0,12.600000000000001,0.1524000000063097,39.59999999999991,0.058411359786987305,103.38
46,8000.0,0.0,68854.6695521237,39.59999999999991,0.0031014084815979004,114.779
1346,800.0,6.699999999999996,0.1015999999945052,71.30000000000018,0.00478285551071167,134.478
874,500.0,15.399999999999999,0.0507999999972526,71.30000000000018,0.02642691135406494,127.285
807,55.0,8.399999999999999,0.0507999999972526,71.30000000000018,0.005295157432556152,121.146
799,800.0,8.399999999999999,0.0507999999972526,2559.0283600493212,0.005295157432556152,127.556
534,2500.0,2.70000000000001,0.1524000000063097,2559.0283600493212,0.0029480457305908203,125.589
1141,2500.0,12.700000000000003,0.0253999999986263,39.59999999999991,0.013025283813476562,129.027
604,1600.0,7.200000000000003,0.1524000000063097,77.0,0.0075203776359558105,130.893
466,10000.0,0.0,0.1524000000063097,2559.0283600493212,0.0015987753868103027,120.247
820,400.0,8.399999999999999,0.0507999999972526,39.59999999999991,662299.0,120.015
1281,10000.0,0.0,0.1015999999945052,39.59999999999991,0.0014632940292358398,119.561
781,3150.0,4.200000000000003,0.0507999999972526,71.30000000000018,0.0014278888702392578,133.728
953,500.0,19.700000000000003,0.0507999999972526,39.59999999999991,0.0364840030670166,128.444
61,3150.0,0.0,0.3047999999980675,2559.0283600493212,0.00331270694732666,119.135
1135,630.0,12.700000000000003,0.0253999999986263,39.59999999999991,0.013025283813476562,128.867
93,5000.0,1.5,0.3047999999980675,39.59999999999991,0.003921091556549072,116.241
667,630.0,9.899999999999999,0.1524000000063097,39.59999999999991,0.02333277463912964,126.465
1329,5000.0,3.29999999999999,0.1015999999945052,39.59999999999991,0.0024513602256774902,122.371
195,5000.0,0.0,0.2285999999876367,71.30000000000018,0.0021434426307678223,124.304
281,2500.0,2.0,22228866.0,39.59999999999991,0.003465712070465088,121.397
696,315.0,12.600000000000001,0.1524000000063097,71.30000000000018,0.04831588268280029,128.484
360,6300.0,4.0,0.2285999999876367,31.699999999999818,0.005090653896331787,112.699
520,4000.0,2.70000000000001,0.1524000000063097,71.30000000000018,0.0024385452270507812,126.534
817,3150.0,8.399999999999999,550087.9999999999,55.5,0.005448579788208008,128.402
778,1600.0,4.200000000000003,0.0507999999972526,71.30000000000018,0.0014278888702392578,124.318
183,1600.0,4.0,0.3047999999980675,39.59999999999991,0.005796372890472412,123.213
1031,500.0,4.799999999999997,0.0253999999986263,39.59999999999991,0.0009074807167053223,116.366
111,8000.0,3.0,0.3047999999980675,71.30000000000018,0.004257261753082275,114.634
43,4000.0,0.0,0.3047999999980675,39.59999999999991,0.0031014084815979004,119.229
1037,2000.0,4.799999999999997,0.0253999999986263,39.59999999999991,0.0009074807167053223,128.916
205,630.0,0.0,0.2285999999876367,55.5,0.002293407917022705,126.16
1044,10000.0,4.799999999999997,0.0253999999986263,39.59999999999991,0.0009074807167053223,126.066
53,500.0,0.0,0.3047999999980675,31.699999999999818,0.00331270694732666,127.315
546,1000.0,5.399999999999999,0.1524000000063097,71.30000000000018,0.004012048244476318,133.201
998,2000.0,0.0,0.0253999999986263,31.699999999999818,0.0004394650459289551,130.697
900,4000.0,15.399999999999999,0.0507999999972526,55.5,0.02719247341156006,120.92
862,800.0,11.200000000000003,0.0507999999972526,39.59999999999991,0.015047729015350342,133.79
758,3150.0,0.0,0.0507999999972526,39.59999999999991,0.0007918477058410645,135.938
184,2000.0,4.0,0.3047999999980675,39.59999999999991,0.005796372890472412,120.963
138,3150.0,3.0,0.3047999999980675,39.59999999999991,0.004957437515258789,118.922
977,5000.0,0.0,0.0253999999986263,55.5,0.0004006624221801758,135.803
81,315.0,1.5,0.3047999999980675,39.59999999999991,0.003921091556549072,121.851
1480,800.0,15.600000000000001,0.1015999999945052,71.30000000000018,0.04372590780258179,124.188
106,2500.0,3.0,0.3047999999980675,77.0,0.004257261753082275,124.024
542,400.0,5.399999999999999,0.1524000000063097,71.30000000000018,0.004012048244476318,124.121
744,2500.0,0.0,0.0507999999972526,55.5,0.000761866569519043,133.956
481,8000.0,0.0,0.1524000000063097,55.5,0.001726686954498291,121.903
166,2000.0,4.0,0.3047999999980675,71.30000000000018,0.004977703094482422,124.395
249,1250.0,2.0,0.2285999999876367,71.30000000000018,0.002930283546447754,128.816
308,3150.0,4.0,0.2285999999876367,71.30000000000018,33.0,124.108
447,1250.0,7.299999999999997,0.2285999999876367,31.699999999999818,0.013267219066619873,120.509
1049,1250.0,4.799999999999997,0.0253999999986263,31.699999999999818,0.0009307861328125,127.408
335,800.0,4.0,0.2285999999876367,39.59999999999991,0.004738032817840576,130.469
98,400.0,3.0,0.3047999999980675,71.30000000000018,0.004257261753082275,127.564
883,4000.0,15.399999999999999,0.0507999999972526,71.30000000000018,0.02642691135406494,122.675
738,12500.0,0.0,0.0507999999972526,71.30000000000018,0.0007404685020446777,125.22
842,200.0,11.200000000000003,0.0507999999972526,71.30000000000018,0.014072000980377197,125.941
994,16000.0,0.0,55.00000000001455,39.59999999999991,0.0004284381866455078,124.986
103,1250.0,3.0,0.3047999999980675,71.30000000000018,0.004257261753082275,127.634
435,3150.0,7.299999999999997,0.2285999999876367,39.59999999999991,0.01234811544418335,114.309
75,5000.0,1.5,0.3047999999980675,71.30000000000018,0.003367304801940918,119.632
1344,8000.0,3.29999999999999,0.1015999999945052,31.699999999999818,0.002514362335205078,117.432
882,3150.0,15.399999999999999,0.0507999999972526,71.30000000000018,0.02642691135406494,125.715
1363,630.0,6.699999999999996,0.1015999999945052,39.59999999999991,0.00578075647354126,133.355
303,1000.0,4.0,0.2285999999876367,71.30000000000018,0.004006028175354004,131.708
1266,8000.0,0.0,0.1015999999945052,55.5,0.0013198256492614746,124.45
1227,250.0,22.200000000000003,0.0253999999986263,39.59999999999991,0.02290278673171997,117.386
734,550000.0,0.0,0.0507999999972526,71.30000000000018,0.0007404685020446777,134.43
389,5000.0,5.299999999999997,0.2285999999876367,39.59999999999991,0.006143331527709961,115.311
236,1250.0,0.0,0.2285999999876367,31.699999999999818,0.0027238130569458008,128.805
1308,800.0,3.29999999999999,0.1015999999945052,55.5,0.00221097469329834,129.119
268,3150.0,2.0,0.2285999999876367,55.5,0.0031352639198303223,123.742
306,2000.0,4.0,0.2285999999876367,71.30000000000018,0.058411359786987305,126.218
118,1250.0,3.0,0.3047999999980675,55.5,0.004524946212768555,127.329
1215,800.0,22.200000000000003,0.0253999999986263,71.30000000000018,0.02141779661178589,123.227
674,3150.0,9.899999999999999,0.1524000000063097,39.59999999999991,0.02333277463912964,113.525
250,1600.0,2.0,0.2285999999876367,71.30000000000018,223311.0,127.796
1097,6300.0,9.5,0.0253999999986263,39.59999999999991,0.004509389400482178,120.324
1109,2500.0,9.5,0.0253999999986263,31.699999999999818,0.058411359786987305,130.086
72,2500.0,1.5,0.3047999999980675,71.30000000000018,0.003367304801940918,124.512
95,8000.0,1.5,0.3047999999980675,39.59999999999991,0.003921091556549072,112.251
853,2500.0,11.200000000000003,0.0507999999972526,71.30000000000018,0.058411359786987305,130.541
34,500.0,0.0,0.3047999999980675,39.59999999999991,0.0031014084815979004,126.959
1104,800.0,9.5,0.0253999999986263,31.699999999999818,0.004613757133483887,130.746
449,2000.0,7.299999999999997,0.2285999999876367,31.699999999999818,0.013267219066619873,115.309
446,1000.0,7.299999999999997,0.2285999999876367,31.699999999999818,112277.0,119.099
772,4000.0,0.0,0.0507999999972526,31.699999999999818,0.0008121132850646973,134.11
717,1000.0,12.600000000000001,0.1524000000063097,3366.0,0.058411359786987305,114.67
1361,0.0,6.699999999999996,0.1015999999945052,39.59999999999991,0.00578075647354126,128.295
1147,10000.0,12.700000000000003,0.0253999999986263,39.59999999999991,0.013025283813476562,116.017
906,400.0,15.399999999999999,0.0507999999972526,39.59999999999991,0.02825927734375,125.353
1038,2500.0,22.200000000000003,0.0253999999986263,39.59999999999991,0.0009074807167053223,131.236
78,0.0,1.5,0.3047999999980675,71.30000000000018,0.003367304801940918,113.492
85,800.0,1.5,0.3047999999980675,39.59999999999991,0.003921091556549072,128.831
840,3150.0,8.399999999999999,0.0507999999972526,31.699999999999818,0.005807757377624512,122.086
83,500.0,1.5,0.3047999999980675,39.59999999999991,0.003921091556549072,126.661
458,1600.0,0.0,0.1524000000063097,71.30000000000018,0.0015987753868103027,129.667
924,630.0,15.399999999999999,0.0507999999972526,31.699999999999818,0.028985321521759033,124.685
677,6300.0,9.899999999999999,0.1524000000063097,39.59999999999991,0.02333277463912964,109.885
990,6300.0,0.0,0.0253999999986263,39.59999999999991,0.0004284381866455078,136.826
1080,5000.0,9.5,0.0253999999986263,2559.0283600493212,0.004328370094299316,128.412
437,5000.0,7.299999999999997,0.2285999999876367,39.59999999999991,0.01234811544418335,111.959
771,3150.0,0.0,0.0507999999972526,31.699999999999818,0.0008121132850646973,135.49
645,6300.0,9.899999999999999,0.1524000000063097,71.30000000000018,0.019300103187561035,112.039
1162,5000.0,17.4,0.0253999999986263,71.30000000000018,0.016103923320770264,123.126
911,1250.0,15.399999999999999,0.0507999999972526,39.59999999999991,0.02825927734375,126.743
1197,250.0,17.4,0.0253999999986263,31.699999999999818,0.017663180828094482,116.956
405,5000.0,7.299999999999997,0.2285999999876367,71.30000000000018,0.010440409183502197,115.298
1334,800.0,3.29999999999999,0.1015999999945052,31.699999999999818,0.002514362335205078,131.362
939,500.0,19.700000000000003,0.0507999999972526,71.30000000000018,0.03411829471588135,126.995
1498,2000.0,15.600000000000001,0.1015999999945052,39.59999999999991,0.0528486967086792,110.894
105,2000.0,3.0,0.3047999999980675,71.30000000000018,0.004257261753082275,125.524
610,6300.0,7.200000000000003,0.1524000000063097,71.30000000000018,0.0075203776359558105,116.603
837,1600.0,8.399999999999999,0.0507999999972526,31.699999999999818,0.005807757377624512,129.296
689,2500.0,9.899999999999999,0.1524000000063097,31.699999999999818,0.02527850866317749,114.729
966,5000.0,0.0,0.0253999999986263,71.30000000000018,0.0004006624221801758,136.837
937,315.0,19.700000000000003,0.0507999999972526,71.30000000000018,0.03411829471588135,121.235
63,5000.0,0.0,33004488.0,31.699999999999818,0.00331270694732666,115.645
282,3150.0,2.0,0.2285999999876367,39.59999999999991,0.003465712070465088,121.627
779,2000.0,4.200000000000003,0.0507999999972526,71.30000000000018,0.0014278888702392578,129.848
1358,1600.0,6.699999999999996,0.1015999999945052,55.5,0.005213916301727295,133.653
239,0.0,0.0,0.2285999999876367,31.699999999999818,0.0027238130569458008,123.445
224,2000.0,0.0,70677.62644055713,39.59999999999991,0.002535104751586914,125.305
146,630.0,3.0,0.3047999999980675,31.699999999999818,0.005295157432556152,128.698
1402,1250.0,8.899999999999999,68357.3185966668,39.59999999999991,0.01245957612991333,127.71
374,8000.0,5.299999999999997,0.2285999999876367,71.30000000000018,0.005194187164306641,114.9
1232,800.0,22.200000000000003,0.0253999999986263,39.59999999999991,0.02290278673171997,137.076
119,1600.0,3.0,0.3047999999980675,55.5,0.004524946212768555,124.439
1499,2500.0,15.600000000000001,0.1015999999945052,39.59999999999991,0.0528486967086792,110.264
251,2000.0,2.0,0.2285999999876367,71.30000000000018,0.002930283546447754,126.896
1448,800.0,12.299999999999997,0.1015999999945052,39.59999999999991,0.04082679748535156,122.315
1212,400.0,22.200000000000003,0.0253999999986263,71.30000000000018,0.02141779661178589,117.927
1103,630.0,9.5,0.0253999999986263,31.699999999999818,0.058411359786987305,129.006
10,6300.0,0.0,0.3047999999980675,71.30000000000018,0.0026633739471435547,119.541
450,2500.0,7.299999999999997,0.2285999999876367,31.699999999999818,0.013267219066619873,114.709
888,250.0,15.399999999999999,0.0507999999972526,55.5,0.02719247341156006,124.17
709,6300.0,12.600000000000001,0.1524000000063097,71.30000000000018,44883355.0,107.284
256,6300.0,2.0,0.2285999999876367,71.30000000000018,0.002930283546447754,120.786
594,4000.0,5.399999999999999,0.1524000000063097,31.699999999999818,0.005254805088043213,116.181
390,6300.0,5.299999999999997,0.2285999999876367,39.59999999999991,0.006143331527709961,112.541
963,2500.0,0.0,43.99999999998545,71.30000000000018,0.0004006624221801758,133.707
1204,1250.0,17.4,0.0253999999986263,31.699999999999818,0.017663180828094482,128.306
558,800.0,5.399999999999999,0.1524000000063097,55.5,0.004332900047302246,133.097
1291,5000.0,0.0,0.1015999999945052,31.699999999999818,0.0015009045600891113,124.393
845,400.0,11.200000000000003,0.0507999999972526,71.30000000000018,0.014072000980377197,129.281
461,3150.0,0.0,0.1524000000063097,71.30000000000018,0.0004006624221801758,129.377
724,5000.0,12.600000000000001,0.1524000000063097,39.59999999999991,0.058411359786987305,104.13
1385,1000.0,8.899999999999999,0.1015999999945052,771133.0,0.010308802127838135,135.433
145,500.0,3.0,43.99999999998545,31.699999999999818,0.005295157432556152,127.548
502,1000.0,0.0,0.1524000000063097,31.699999999999818,0.002094089984893799,130.987
1102,550000.0,9.5,0.0253999999986263,31.699999999999818,0.004613757133483887,126.886
740,1000.0,0.0,0.0507999999972526,55.5,0.000761866569519043,125.586
1388,2000.0,8.899999999999999,66.0,71.30000000000018,0.010308802127838135,124.233
732,3150.0,0.0,0.0507999999972526,2559.0283600493212,0.0007404685020446777,135.07
540,10000.0,2.70000000000001,0.1524000000063097,39.59999999999991,0.0029480457305908203,112.589
178,500.0,4.0,3388.0,39.59999999999991,0.005796372890472412,130.173
1450,1250.0,12.299999999999997,0.1015999999945052,39.59999999999991,882266.0,121.165
698,500.0,12.600000000000001,0.1524000000063097,71.30000000000018,0.04831588268280029,121.664
1222,4000.0,22.200000000000003,0.0253999999986263,71.30000000000018,0.02141779661178589,123.917
1475,250.0,15.600000000000001,0.1015999999945052,71.30000000000018,0.04372590780258179,132.158
1264,5000.0,0.0,0.1015999999945052,55.5,0.0013198256492614746,128.36
904,250.0,15.399999999999999,0.0507999999972526,39.59999999999991,0.02825927734375,122.893
1496,5500.0,15.600000000000001,0.1015999999945052,39.59999999999991,0.0528486967086792,118.214
8,4000.0,0.0,71001.9987472519,71.30000000000018,0.0026633739471435547,123.061
868,3150.0,11.200000000000003,0.0507999999972526,2559.0283600493212,0.015047729015350342,119.67
668,800.0,9.899999999999999,0.1524000000063097,39.59999999999991,0.02333277463912964,126.345
1164,8000.0,17.4,0.0253999999986263,71.30000000000018,0.016103923320770264,115.466
358,4000.0,4.0,0.2285999999876367,77.0,0.005090653896331787,118.859
784,6300.0,4.200000000000003,0.0507999999972526,71.30000000000018,0.0004006624221801758,129.308
736,8000.0,0.0,0.0507999999972526,71.30000000000018,0.0007404685020446777,130.89
330,8000.0,4.0,0.2285999999876367,55.5,0.004286229610443115,112.524
1058,630.0,9.5,0.0253999999986263,71.30000000000018,0.004206538200378418,125.726
1152,500.0,17.4,0.0253999999986263,71.30000000000018,0.016103923320770264,119.806
1121,1250.0,12.700000000000003,0.0253999999986263,7711.0,0.012180805206298828,133.048
259,400.0,2.0,0.2285999999876367,55.5,0.0004006624221801758,122.292
373,6300.0,5.299999999999997,0.2285999999876367,71.30000000000018,0.005194187164306641,116.92
1107,1600.0,9.5,0.0253999999986263,31.699999999999818,0.004613757133483887,131.036
931,3150.0,15.399999999999999,0.0507999999972526,31.699999999999818,0.028985321521759033,118.045
143,315.0,3.0,70357.76161495977,31.699999999999818,0.005295157432556152,123.118
526,16000.0,22.200000000000003,0.1524000000063097,71.30000000000018,0.0024385452270507812,110.364
1142,3150.0,12.700000000000003,0.0253999999986263,39.59999999999991,0.0004006624221801758,127.847
1345,630.0,6.699999999999996,0.1015999999945052,71.30000000000018,0.00478285551071167,131.448
1125,3150.0,12.700000000000003,0.0253999999986263,2559.0283600493212,0.012180805206298828,133.758
1427,250.0,12.299999999999997,0.1015999999945052,55.5,0.036823272705078125,133.294
441,315.0,7.299999999999997,0.2285999999876367,31.699999999999818,0.013267219066619873,130.239
532,1600.0,2.70000000000001,69766.25158176763,39.59999999999991,0.0029480457305908203,130.049
1205,1600.0,17.4,0.0253999999986263,31.699999999999818,0.017663180828094482,126.846
227,4000.0,0.0,0.2285999999876367,39.59999999999991,0.002535104751586914,123.465
1362,500.0,6.699999999999996,0.1015999999945052,39.59999999999991,0.00578075647354126,130.955
229,6300.0,0.0,0.2285999999876367,39.59999999999991,0.002535104751586914,117.465
1330,6300.0,3.29999999999999,0.1015999999945052,39.59999999999991,0.0024513602256774902,120.851
1301,3300.0,3.29999999999999,0.1015999999945052,71.30000000000018,0.002028226852416992,132.114
213,4000.0,0.0,0.2285999999876367,555555.0,0.002293407917022705,123.41
80,16000.0,22.200000000000003,0.3047999999980675,71.30000000000018,0.003367304801940918,106.582
149,1250.0,3.0,0.3047999999980675,31.699999999999818,0.005295157432556152,124.838
815,2000.0,8.399999999999999,68357.31859666681,55.5,0.005448579788208008,133.042
909,800.0,15.399999999999999,0.0507999999972526,39.59999999999991,0.02825927734375,128.423
918,6300.0,15.399999999999999,0.0507999999972526,39.59999999999991,0.02825927734375,109.663
672,2000.0,9.899999999999999,71368.37064938535,39.59999999999991,0.02333277463912964,117.925
1229,400.0,22.200000000000003,0.0253999999986263,39.59999999999991,0.02290278673171997,123.416
556,500.0,5.399999999999999,0.1524000000063097,55.5,0.004332900047302246,129.367
964,3150.0,0.0,0.0253999999986263,71.30000000000018,0.0004006624221801758,137.007
134,1250.0,3.0,0.3047999999980675,39.59999999999991,0.004957437515258789,125.802
1112,5000.0,9.5,0.0253999999986263,31.699999999999818,0.004613757133483887,124.426
824,1000.0,88.0,0.0507999999972526,39.59999999999991,0.005662262439727783,130.195
409,315.0,7.299999999999997,0.2285999999876367,55.5,0.011170625686645508,136.284
369,2500.0,5.299999999999997,0.2285999999876367,71.30000000000018,0.005194187164306641,123.74
508,4000.0,0.0,0.1524000000063097,31.699999999999818,0.002094089984893799,123.807
1477,400.0,15.600000000000001,0.1015999999945052,71.30000000000018,0.04372590780258179,134.058
505,2000.0,0.0,0.1524000000063097,31.699999999999818,0.002094089984893799,128.907
1336,1250.0,3.29999999999999,0.1015999999945052,31.699999999999818,0.002514362335205078,134.022
348,400.0,4.0,0.2285999999876367,33.0,0.005090653896331787,126.149
387,3150.0,5.299999999999997,0.2285999999876367,39.59999999999991,0.006143331527709961,118.441
1,800.0,0.0,0.3047999999980675,71.30000000000018,0.0026633739471435547,126.201
361,400.0,5.299999999999997,0.2285999999876367,71.30000000000018,994422.0,127.7
895,1250.0,15.399999999999999,0.0507999999972526,55.0,0.02719247341156006,130.0
829,3150.0,8.399999999999999,0.0507999999972526,39.59999999999991,0.005662262439727783,123.965
1419,1600.0,12.299999999999997,0.1015999999945052,71.30000000000018,0.033779263496398926,124.748
476,2500.0,0.0,0.1524000000063097,55.5,0.001726686954498291,127.763
1284,1000.0,0.0,0.1015999999945052,31.699999999999818,0.0015009045600891113,131.313
58,1600.0,0.0,0.3047999999980675,3311.0,0.00331270694732666,122.365
638,1250.0,9.899999999999999,0.1524000000063097,71.30000000000018,0.0,122.679
1310,1250.0,3.29999999999999,0.1015999999945052,55.5,2211.0,132.769
1056,6300.0,4.799999999999997,0.0253999999986263,31.699999999999818,0.0009307861328125,132.898
959,2000.0,19.700000000000003,0.0507999999972526,39.59999999999991,0.0364840030670166,117.724
173,10000.0,4.0,0.3047999999980675,71.30000000000018,0.004977703094482422,110.905
451,3150.0,7.299999999999997,0.2285999999876367,31.699999999999818,0.013267219066619873,113.229
126,8000.0,3.0,0.3047999999980675,55.5,0.004524946212768555,113.799
986,2500.0,0.0,0.0253999999986263,39.59999999999991,0.0004284381866455078,131.836
531,1250.0,2.70000000000001,0.1524000000063097,39.59999999999991,0.0029480457305908203,130.829
858,315.0,11.200000000000003,0.0507999999972526,39.59999999999991,0.015047729015350342,128.99
714,500.0,12.600000000000001,0.1524000000063097,39.59999999999991,0.058411359786987305,114.9
91,3150.0,1.5,0.3047999999980675,39.59999999999991,0.003921091556549072,119.111
1454,3150.0,12.299999999999997,0.1015999999945052,39.59999999999991,0.04082679748535156,113.055
182,1250.0,4.0,0.3047999999980675,39.59999999999991,0.005796372890472412,126.343
876,800.0,15.399999999999999,0.0507999999972526,71.30000000000018,0.02642691135406494,131.515
1014,8000.0,4.799999999999997,0.0253999999986263,71.30000000000018,0.0008487105369567871,131.518
787,12500.0,44.0,0.0507999999972526,71.30000000000018,0.0014278888702392578,117.328
415,1250.0,7.299999999999997,0.2285999999876367,55.5,0.011170625686645508,125.724
252,0.0,2.0,0.2285999999876367,71.30000000000018,0.002930283546447754,127.006
70,1600.0,1.5,0.3047999999980675,71.30000000000018,0.003367304801940918,126.632
804,2500.0,8.399999999999999,0.0507999999972526,71.30000000000018,0.005295157432556152,134.226
132,0.0,3.0,0.3047999999980675,39.59999999999991,0.004957437515258789,129.552
301,630.0,4.0,0.2285999999876367,71.30000000000018,0.004006028175354004,129.038
1028,12500.0,4.799999999999997,0.0253999999986263,55.5,0.0008732080459594727,125.094
327,4000.0,4.0,0.2285999999876367,55.5,0.004286229610443115,120.654
1468,2000.0,1133.0,0.1015999999945052,31.699999999999818,0.041875600814819336,110.447
1117,500.0,12.700000000000003,0.0253999999986263,71.30000000000018,0.012180805206298828,126.898
500,630.0,0.0,0.1524000000063097,31.699999999999818,0.002094089984893799,125.997
1041,5000.0,4.799999999999997,0.0253999999986263,39.59999999999991,0.0009074807167053223,135.426
833,630.0,8.399999999999999,68357.31859666681,31.699999999999818,0.005807757377624512,125.856
365,1000.0,5.299999999999997,0.2285999999876367,71.30000000000018,0.005194187164306641,134.0
496,6300.0,0.0,0.1524000000063097,39.59999999999991,0.0004006624221801758,121.313
1398,500.0,8.899999999999999,0.1015999999945052,339966.00000000006,0.01245957612991333,133.79
339,2000.0,4.0,0.2285999999876367,39.59999999999991,0.005788922309875488,121.659
422,6300.0,7.299999999999997,0.2285999999876367,55.5,0.011170625686645508,111.534
165,1600.0,4.0,0.3047999999980675,71.30000000000018,0.004977703094482422,126.645
29,12500.0,0.0,0.3047999999980675,55.5,0.002830803394317627,111.076
517,2000.0,2.70000000000001,0.1524000000063097,71.30000000000018,0.058411359786987305,130.114
194,4000.0,0.0,0.2285999999876367,71.30000000000018,11334454.99999994,125.824
1034,1000.0,4.799999999999997,0.0253999999986263,39.59999999999991,0.0009074807167053223,122.956
1365,1000.0,6.699999999999996,0.1015999999945052,39.59999999999991,0.00578075647354126,134.515
946,55000000.0,19.700000000000003,0.0507999999972526,71.30000000000018,0.03411829471588135,118.385
1443,250.0,12.299999999999997,0.1015999999945052,39.59999999999991,0.04082679748535156,129.675
170,5000.0,4.0,0.3047999999980675,71.30000000000018,0.004977703094482422,117.785
168,3150.0,4.0,0.3047999999980675,71.30000000000018,0.004977703094482422,121.775
653,1000.0,9.899999999999999,0.1524000000063097,55.5,0.020843803882598877,124.665
174,12500.0,4.0,0.3047999999980675,71.30000000000018,0.004977703094482422,107.405
519,3150.0,2.70000000000001,0.1524000000063097,71.30000000000018,0.0024385452270507812,127.054
1217,1250.0,22.200000000000003,0.0253999999986263,71.30000000000018,111177.0,140.987
1325,2000.0,3.29999999999999,0.1015999999945052,39.59999999999991,0.0024513602256774902,132.301
913,2000.0,15.399999999999999,0.0507999999972526,39.59999999999991,0.02825927734375,123.443
492,2500.0,0.0,0.1524000000063097,39.59999999999991,0.0019328594207763672,126.863
954,630.0,19.700000000000003,0.0507999999972526,39.59999999999991,0.0364840030670166,120.324
74,4000.0,1.5,0.3047999999980675,71.30000000000018,0.003367304801940918,121.762
1256,800.0,0.0,0.1015999999945052,55.5,0.0013198256492614746,127.92
588,1000.0,5.399999999999999,0.1524000000063097,31.699999999999818,0.005254805088043213,128.241
751,12500.0,0.0,0.0507999999972526,55.5,0.000761866569519043,125.376
658,3150.0,9.899999999999999,0.1524000000063097,55.5,0.020843803882598877,115.085
843,250.0,11.200000000000003,0.0507999999972526,2559.028360049321,0.014072000980377197,127.101
235,1000.0,0.0,0.2285999999876367,1177.0,0.0027238130569458008,130.595
733,4000.0,0.0,0.0507999999972526,71.30000000000018,0.0007404685020446777,134.43
215,6300.0,0.0,0.2285999999876367,55.5,0.058411359786987305,118.41
163,1000.0,4.0,0.3047999999980675,71.30000000000018,0.004977703094482422,131.015
133,1000.0,22.200000000000003,0.3047999999980675,39.59999999999991,0.004957437515258789,128.312
1108,2000.0,9.5,0.0253999999986263,31.699999999999818,0.004613757133483887,130.496
223,1600.0,0.0,0.2285999999876367,39.59999999999991,0.002535104751586914,127.095
1231,630.0,22.200000000000003,0.0253999999986263,39.59999999999991,0.02290278673171997,137.026
935,200.0,19.700000000000003,0.0507999999972526,71.30000000000018,441188.0,118.005
186,3150.0,4.0,0.3047999999980675,39.59999999999991,0.005796372890472412,118.743
42,3150.0,0.0,0.3047999999980675,39.59999999999991,0.0031014084815979004,120.319
693,6300.0,9.899999999999999,0.1524000000063097,31.699999999999818,0.02527850866317749,108.689
109,0.0,3.0,0.3047999999980675,71.30000000000018,0.004257261753082275,118.134
39,1600.0,0.0,0.3047999999980675,39.59999999999991,0.0031014084815979004,124.049
569,315.0,5.399999999999999,0.1524000000063097,39.59999999999991,0.004850268363952637,125.347
1000,3150.0,0.0,0.0253999999986263,31.699999999999818,0.0004394650459289551,135.227
1270,800.0,0.0,0.1015999999945052,39.59999999999991,0.0014632940292358398,128.401
1445,400.0,12.299999999999997,0.1015999999945052,33.0,0.04082679748535156,128.265
484,16000.0,0.0,0.1524000000063097,55.5,0.001726686954498291,112.803
469,500.0,0.0,0.1524000000063097,55.5,0.001726686954498291,120.573
891,500.0,15.399999999999999,0.0507999999972526,55.0,0.02719247341156006,127.22
948,4000.0,19.700000000000003,0.0507999999972526,71.30000000000018,0.03411829471588135,113.045
25,5000.0,0.0,43.99999999998545,55.5,0.002830803394317627,119.606
1322,1000.0,3.29999999999999,0.1015999999945052,39.59999999999991,0.0024513602256774902,131.971
1201,630.0,17.4,0.0253999999986263,31.699999999999818,0.017663180828094482,136.886
69,1250.0,1.5,0.3047999999980675,2559.0283600493212,0.003367304801940918,125.872
885,6300.0,15.399999999999999,0.0507999999972526,71.30000000000018,65.99999994039536,115.215
1502,5000.0,15.600000000000001,0.1015999999945052,39.59999999999991,0.0528486967086792,106.224
367,1600.0,5.299999999999997,0.2285999999876367,71.30000000000018,0.005194187164306641,130.46
506,2500.0,0.0,0.1524000000063097,31.699999999999818,0.002094089984893799,125.867
851,1600.0,11.200000000000003,0.0507999999972526,2559.0283600493212,0.014072000980377197,135.191
1319,10000.0,3.29999999999999,0.1015999999945052,55.5,0.0004006624221801758,115.659
384,1600.0,5.299999999999997,0.2285999999876367,39.59999999999991,0.006143331527709961,123.081
735,6300.0,0.0,0.0507999999972526,71.30000000000018,0.0007404685020446777,133.04
718,1250.0,12.600000000000001,0.1524000000063097,39.59999999999991,0.058411359786987305,112.16
1339,2500.0,3.29999999999999,0.1015999999945052,31.699999999999818,0.002514362335205078,130.392
455,800.0,0.0,0.1524000000063097,71.30000000000018,0.0015987753868103027,125.817
265,1600.0,2.0,0.2285999999876367,55.5,0.0031352639198303223,126.752
76,6300.0,1.5,0.3047999999980675,71.30000000000018,0.003367304801940918,118.122
915,5500.0,15.399999999999999,0.0507999999972526,39.59999999999991,0.02825927734375,120.513
233,630.0,0.0,0.2285999999876367,31.699999999999818,0.0027238130569458008,129.465
445,800.0,7.299999999999997,0.2285999999876367,31.699999999999818,3377.0,123.209
396,630.0,7.299999999999997,0.2285999999876367,71.30000000000018,0.010440409183502197,133.768
612,10000.0,7.200000000000003,0.1524000000063097,71.30000000000018,0.0075203776359558105,110.313
177,400.0,4.0,0.3047999999980675,2559.0283600493212,0.005796372890472412,128.633
19,1250.0,0.0,0.3047999999980675,55.5,0.002830803394317627,126.086
1314,3150.0,3.29999999999999,0.1015999999945052,55.5,0.00221097469329834,130.629
1059,800.0,9.5,0.0253999999986263,71.30000000000018,0.004206538200378418,127.206
342,4000.0,4.0,0.2285999999876367,39.59999999999991,0.0004006624221801758,119.159
1042,6300.0,4.799999999999997,0.0253999999986263,9966.0,0.0009074807167053223,134.336
880,2000.0,15.399999999999999,0.0507999999972526,71.30000000000018,0.02642691135406494,129.285
596,6300.0,5.399999999999999,0.1524000000063097,31.699999999999818,0.005254805088043213,115.591
62,4000.0,0.0,0.3047999999980675,31.699999999999818,0.00331270694732666,118.145
873,400.0,15.399999999999999,0.0507999999972526,71.30000000000018,0.02642691135406494,126.805
1489,250.0,15.600000000000001,1165.9999999999854,39.59999999999991,0.0528486967086792,124.644
1410,200.0,12.299999999999997,0.1015999999945052,77.0,0.033779263496398926,130.588
279,1600.0,2.0,0.2285999999876367,39.59999999999991,0.003472447395324707,125.837
37,1000.0,0.0,0.3047999999980675,39.59999999999991,0.0031014084815979004,127.899
663,250.0,9.899999999999999,0.1524000000063097,39.59999999999991,0.02333277463912964,128.335
1355,800.0,6.699999999999996,0.1015999999945052,55.5,0.005213916301727295,135.953
1092,2000.0,9.5,0.0253999999986263,39.59999999999991,0.004498183727264404,131.274
978,0.0,0.0,0.0253999999986263,55.5,0.00041228532791137695,136.103
739,800.0,0.0,0.0507999999972526,55.5,0.000761866569519043,124.336
192,2500.0,0.0,0.2285999999876367,71.30000000000018,0.0021434426307678223,128.354
920,250.0,15.399999999999999,0.0507999999972526,31.699999999999818,0.028985321521759033,121.225
457,1250.0,0.0,0.1524000000063097,71.30000000000018,0.0015987753868103027,128.927
676,5000.0,9.899999999999999,0.1524000000063097,39.59999999999991,0.02333277463912964,111.135
761,6300.0,0.0,0.0507999999972526,39.59999999999991,0.0007918477058410645,131.918
1356,1000.0,6.699999999999996,0.1015999999945052,55.5,0.005213916301727295,137.233
729,1600.0,0.0,0.0507999999972526,71.30000000000018,0.0007404685020446777,129.68
413,800.0,7733.0,0.2285999999876367,55.5,0.011170625686645508,128.444
826,1600.0,8.399999999999999,5587.999999999985,39.59999999999991,0.005662262439727783,130.965
617,630.0,7.200000000000003,0.1524000000063097,39.59999999999991,0.009091734886169434,133.198
115,630.0,3.0,0.3047999999980675,55.5,0.004524946212768555,129.569
418,2500.0,7.299999999999997,0.2285999999876367,55.5,0.011170625686645508,118.994
1432,880000.0,12.299999999999997,0.1015999999945052,55.5,0.036823272705078125,125.114
970,12500.0,0.0,0.0253999999986263,71.30000000000018,0.0004006624221801758,133.207
605,2000.0,7.200000000000003,0.1524000000063097,71.30000000000018,0.0004006624221801758,128.643
1492,500.0,15.600000000000001,0.1015999999945052,39.59999999999991,0.0528486967086792,115.304
90,2500.0,1.5,0.3047999999980675,39.59999999999991,0.003921091556549072,120.981
849,1000.0,11.200000000000003,0.0507999999972526,71.30000000000018,0.014072000980377197,136.941
1149,250.0,22.200000000000003,0.0253999999986263,71.30000000000018,0.016103923320770264,113.796
1437,2500.0,12.299999999999997,0.1015999999945052,55.5,0.036823272705078125,117.054
754,1250.0,22.200000000000003,0.0507999999972526,39.59999999999991,0.0007918477058410645,129.148
499,500.0,0.0,0.1524000000063097,31.699999999999818,0.002094089984893799,121.617
12,10000.0,0.0,0.3047999999980675,71.30000000000018,0.0026633739471435547,115.391
397,800.0,7.299999999999997,0.2285999999876367,71.30000000000018,0.010440409183502197,130.748
285,6300.0,2.0,0.2285999999876367,39.59999999999991,0.003465712070465088,116.417
1234,11225500.0,22.200000000000003,0.0253999999986263,39.59999999999991,0.02290278673171997,126.446
1407,4000.0,8.899999999999999,0.1015999999945052,39.59999999999991,0.01245957612991333,116.22
690,3150.0,9.899999999999999,0.1524000000063097,31.699999999999818,0.02527850866317749,112.209
852,2000.0,11.200000000000003,0.0507999999972526,71.30000000000018,0.014072000980377197,133.311
160,0.0,4.0,0.3047999999980675,71.30000000000018,0.004977703094482422,130.715
896,1600.0,15.399999999999999,0.0507999999972526,55.5,0.02719247341156006,128.2
1193,3150.0,17.4,0.0253999999986263,39.59999999999991,0.017220616340637207,123.564
258,10000.0,2.0,0.2285999999876367,71.30000000000018,0.002930283546447754,113.086
336,1000.0,4.0,0.2285999999876367,2559.0283600493212,0.004738032817840576,129.969
1411,250.0,12.299999999999997,0.1015999999945052,71.30000000000018,0.033779263496398926,131.568
1040,4000.0,4.799999999999997,0.0253999999986263,39.59999999999991,0.0009074807167053223,134.996
516,1600.0,2.70000000000001,0.1524000000063097,71.30000000000018,0.0024385452270507812,130.644
1016,12500.0,4.799999999999997,0.0253999999986263,71.30000000000018,0.0008487105369567871,127.688
769,2000.0,0.0,0.0507999999972526,31.699999999999818,0.0008121132850646973,133.01
1320,630.0,3.29999999999999,71000.6256352618,39.59999999999991,0.0024513602256774902,127.251
762,0.0,0.0,0.0507999999972526,39.59999999999991,0.0007918477058410645,128.518
1106,1250.0,9.5,0.0253999999986263,31.699999999999818,0.004613757133483887,131.446
522,6300.0,2.70000000000001,0.1524000000063097,71.30000000000018,0.0024385452270507812,121.944
23,3150.0,0.0,0.3047999999980675,55.5,0.002830803394317627,123.236
357,3150.0,4.0,0.2285999999876367,31.699999999999818,0.005090653896331787,120.229
1275,2500.0,0.0,0.1015999999945052,39.59999999999991,0.0014632940292358398,132.611
341,3150.0,4.0,0.2285999999876367,39.59999999999991,0.004738032817840576,120.419
432,1600.0,7.299999999999997,0.2285999999876367,39.59999999999991,0.01234811544418335,121.059
474,1600.0,0.0,0.1524000000063097,55.5,0.001726686954498291,130.183
218,500.0,0.0,68357.31859666681,39.59999999999991,0.002535104751586914,126.195
912,1600.0,15.399999999999999,0.0507999999972526,39.59999999999991,0.02825927734375,124.843
1300,2500.0,3.29999999999999,0.1015999999945052,71.30000000000018,0.002028226852416992,133.894
1012,5000.0,4.799999999999997,2255.0,71.30000000000018,0.0008487105369567871,135.468
1462,500.0,12.299999999999997,0.1015999999945052,31.699999999999818,0.041875600814819336,118.667
1009,2500.0,4.799999999999997,0.0253999999986263,71.30000000000018,0.0008487105369567871,130.828
1071,630.0,9.5,0.0253999999986263,55.5,0.004328370094299316,125.452
1093,2500.0,9.5,0.0253999999986263,39.59999999999991,0.004498183727264404,131.234
697,400.0,12.600000000000001,0.1524000000063097,71.30000000000018,0.04831588268280029,127.094
997,1600.0,0.0,0.0253999999986263,31.699999999999818,0.0004394650459289551,129.267
154,4000.0,3.0,0.3047999999980675,31.699999999999818,0.005295157432556152,115.608
1303,5000.0,3.29999999999999,0.1015999999945052,71.30000000000018,0.002028226852416992,127.054
1501,4000.0,15.600000000000001,0.1015999999945052,39.59999999999991,0.0528486967086792,106.604
790,1600.0,4.200000000000003,0.0507999999972526,2559.0283600493212,0.0015268921852111816,130.197
581,5000.0,5.399999999999999,0.1524000000063097,39.59999999999991,0.004850268363952637,117.037
704,2000.0,12.600000000000001,1122.0,71.30000000000018,0.04831588268280029,117.504
1262,3150.0,0.0,0.1015999999945052,55.5,0.0013198256492614746,131.78
488,1000.0,0.0,0.1524000000063097,39.59999999999991,0.0019328594207763672,130.033
560,1250.0,5.399999999999999,0.1524000000063097,55.5,0.004332900047302246,130.777
802,1600.0,8.399999999999999,68771.10308018173,71.30000000000018,0.005295157432556152,133.846
513,800.0,2.70000000000001,68357.31859666681,71.30000000000018,0.0024385452270507812,127.394
634,0.0,9.899999999999999,0.1524000000063097,71.30000000000018,0.019300103187561035,131.279
1114,250.0,12.700000000000003,0.0253999999986263,77.0,0.012180805206298828,119.698
1341,4000.0,3.29999999999999,0.1015999999945052,31.699999999999818,0.002514362335205078,124.852
791,2000.0,4.200000000000003,0.0507999999972526,39.59999999999991,0.0015268921852111816,132.587
117,1000.0,3.0,0.3047999999980675,55.5,0.004524946212768555,129.329
741,1250.0,0.0,0.0507999999972526,55.5,0.000761866569519043,127.076
1082,200.0,9.5,0.0253999999986263,39.59999999999991,0.004498183727264404,116.074
831,400.0,8.399999999999999,0.0507999999972526,31.699999999999818,0.005807757377624512,120.076
120,2000.0,3.0,0.3047999999980675,55.5,0.004524946212768555,123.069
657,2500.0,9.899999999999999,0.1524000000063097,55.5,0.020843803882598877,118.365
636,800.0,9.899999999999999,0.1524000000063097,71.30000000000018,0.058411359786987305,128.879
370,3150.0,5.299999999999997,0.2285999999876367,71.30000000000018,0.005194187164306641,123.12
269,4000.0,2.0,0.2285999999876367,55.5,0.0031352639198303223,122.232
656,2000.0,9.899999999999999,0.1524000000063097,55.5,0.020843803882598877,119.505
936,250.0,19.700000000000003,0.0507999999972526,71.30000000000018,0.058411359786987305,119.115
823,800.0,8.399999999999999,0.0507999999972526,39.59999999999991,0.005662262439727783,128.435
867,2500.0,22.200000000000003,0.0507999999972526,39.59999999999991,0.015047729015350342,122.17
47,10000.0,0.0,0.3047999999980675,39.59999999999991,0.0031014084815979004,112.139
1294,10000.0,0.0,0.1015999999945052,31.699999999999818,0.0015009045600891113,115.893
992,10000.0,0.0,0.0253999999986263,39.59999999999991,0.0004284381866455078,133.376
877,1000.0,15.399999999999999,0.0507999999972526,71.30000000000018,0.02642691135406494,131.865
774,6300.0,0.0,0.0507999999972526,2559.0283600493212,0.0008121132850646973,130.34
1503,6300.0,15.600000000000001,0.1015999999945052,39.59999999999991,0.0528486967086792,104.204
5,2000.0,0.0,0.3047999999980675,71.30000000000018,0.0026633739471435547,127.461
1004,8000.0,0.0,0.0253999999986263,31.699999999999818,0.0004394650459289551,137.207
1305,8000.0,3.29999999999999,0.1015999999945052,71.30000000000018,0.002028226852416992,121.234
264,0.0,2.0,0.2285999999876367,55.5,0.0031352639198303223,128.762
1235,1600.0,22.200000000000003,0.0253999999986263,39.59999999999991,0.02290278673171997,122.216
1373,800.0,6.699999999999996,0.1015999999945052,31.699999999999818,0.005929350852966309,132.886
444,630.0,7733.0,0.2285999999876367,31.699999999999818,0.013267219066619873,126.189
1003,6300.0,0.0,68357.31859666681,31.699999999999818,0.0004394650459289551,138.537
1078,3150.0,9.5,0.0253999999986263,55.5,3388.0,133.252
838,2000.0,8.399999999999999,0.0507999999972526,31.699999999999818,0.058411359786987305,127.686
1343,6300.0,3.29999999999999,0.1015999999945052,31.699999999999818,0.002514362335205078,120.702
305,6600.0,4.0,0.2285999999876367,71.30000000000018,0.004006028175354004,129.468
1178,4000.0,17.4,0.0253999999986263,2559.0283600493212,0.016570627689361572,121.771
314,12500.0,4.0,68357.31859666681,71.30000000000018,0.004006028175354004,114.258
150,1600.0,3.0,0.3047999999980675,31.699999999999818,0.005295157432556152,122.088
575,1250.0,5.399999999999999,0.1524000000063097,39.59999999999991,0.004850268363952637,127.117
51,315.0,0.0,0.3047999999980675,31.699999999999818,0.0004006624221801758,122.765
1175,2000.0,22.200000000000003,0.0253999999986263,55.5,0.016570627689361572,125.261
727,11000000.0,0.0,0.0507999999972526,71.30000000000018,0.0007404685020446777,129.45
834,800.0,8.399999999999999,0.0507999999972526,1177.0,0.005807757377624512,128.246
1116,0.0,12.700000000000003,0.0253999999986263,71.30000000000018,0.012180805206298828,125.048
471,800.0,0.0,68357.31859666681,55.5,0.001726686954498291,126.713
972,20000.0,0.0,0.0253999999986263,71.30000000000018,22.0,123.217
654,1250.0,9.899999999999999,0.1524000000063097,55.5,0.058411359786987305,121.635
400,1600.0,7.299999999999997,0.2285999999876367,71.30000000000018,0.010440409183502197,125.728
512,630.0,22.200000000000003,0.1524000000063097,71.30000000000018,0.0024385452270507812,127.404
321,1000.0,4.0,0.2285999999876367,55.5,0.004286229610443115,132.134
20,1600.0,0.0,0.3047999999980675,55.5,0.002830803394317627,126.986
685,1000.0,9.899999999999999,0.1524000000063097,31.699999999999818,0.02527850866317749,122.149
36,800.0,0.0,0.3047999999980675,39.59999999999991,0.0031014084815979004,129.099
903,200.0,15.399999999999999,0.0507999999972526,2559.0283600493212,0.02825927734375,121.783
828,2500.0,8.399999999999999,0.0507999999972526,39.59999999999991,0.005662262439727783,127.465
1348,1250.0,6.699999999999996,0.1015999999945052,71.30000000000018,0.00478285551071167,137.658
408,250.0,7.299999999999997,0.2285999999876367,55.5,0.011170625686645508,136.384
921,315.0,22.200000000000003,0.0507999999972526,31.699999999999818,0.028985321521759033,122.845
538,6300.0,2.70000000000001,0.1524000000063097,39.59999999999991,0.0029480457305908203,119.209
759,4000.0,0.0,88.0,39.59999999999991,0.0007918477058410645,135.308
1063,2000.0,9.5,0.0253999999986263,71.30000000000018,0.004206538200378418,134.976
246,630.0,2.0,0.2285999999876367,71.30000000000018,0.002930283546447754,127.356
1128,6300.0,12.700000000000003,0.0253999999986263,71.30000000000018,0.012180805206298828,125.398
785,8000.0,4.200000000000003,68357.31859666681,71.30000000000018,0.0014278888702392578,125.268
490,1600.0,0.0,0.1524000000063097,39.59999999999991,0.0019328594207763672,131.013
155,550000.0,3.0,0.3047999999980675,31.699999999999818,0.005295157432556152,113.858
962,4000.0,19.700000000000003,0.0507999999972526,39.59999999999991,0.0364840030670166,108.684
854,3150.0,11.200000000000003,0.0507999999972526,71.30000000000018,0.014072000980377197,127.141
626,5000.0,7.200000000000003,0.1524000000063097,39.59999999999991,0.009091734886169434,113.288
686,1155.0,9.899999999999999,0.1524000000063097,31.699999999999818,0.02527850866317749,118.619
570,400.0,5.399999999999999,0.1524000000063097,39.59999999999991,0.004850268363952637,127.637
1430,500.0,12.299999999999997,0.1015999999945052,55.5,0.036823272705078125,133.774
18,1000.0,0.0,0.3047999999980675,55.5,0.002830803394317627,126.966
128,315.0,3.0,70680.42368919909,39.59999999999991,0.004957437515258789,123.312
928,1600.0,15.399999999999999,5500.0,31.699999999999818,0.028985321521759033,121.485
981,12500.0,0.0,0.0253999999986263,55.5,0.00041228532791137695,131.453
1473,6300.0,12.299999999999997,0.1015999999945052,31.699999999999818,0.041875600814819336,107.267
191,2000.0,0.0,0.2285999999876367,71.30000000000018,0.0021434426307678223,128.244
1140,2000.0,12.700000000000003,0.0253999999986263,39.59999999999991,0.013025283813476562,129.567
993,12500.0,0.0,0.0253999999986263,39.59999999999991,0.0004284381866455078,129.116
1467,1600.0,12.299999999999997,0.1015999999945052,31.699999999999818,0.041875600814819336,114.477
1337,1600.0,3.29999999999999,0.1015999999945052,31.699999999999818,0.0025143027305603027,133.402
607,3150.0,7.200000000000003,0.1524000000063097,71.30000000000018,0.0075203776359558105,116.783
181,0.0,4.0,0.3047999999980675,39.59999999999991,0.005796372890472412,128.723
302,800.0,4.0,0.2285999999876367,71.30000000000018,0.004006028175354004,130.688
497,8000.0,0.0,0.1524000000063097,39.59999999999991,0.0019328594207763672,120.553
1420,2000.0,12.299999999999997,0.1015999999945052,71.30000000000018,0.033779263496398926,122.218
1259,1600.0,0.0,0.1015999999945052,55.5,0.0013198256492614746,132.05
1241,630.0,0.0,0.1015999999945052,71.30000000000018,0.0012106895446777344,124.155
518,2500.0,22.200000000000003,0.1524000000063097,71.30000000000018,0.0024385452270507812,128.334
1070,500.0,9.5,0.0253999999986263,55.5,0.004328370094299316,123.082
477,3355.0,0.0,0.1524000000063097,55.5,0.001726686954498291,127.753
158,315.0,4.0,0.3047999999980675,71.30000000000018,0.004977703094482422,128.175
1196,200.0,17.4,0.0253999999986263,31.699999999999818,0.017663180828094482,116.146
17,800.0,0.0,0.3047999999980675,55.5,0.002830803394317627,128.086
1073,1000.0,9.5,0.0253999999986263,55.5,0.004328370094299316,130.332
547,1250.0,5.399999999999999,0.1524000000063097,71.30000000000018,0.004012048244476318,134.111
659,0.0,9.899999999999999,0.1524000000063097,55.5,0.020843803882598877,112.945
1230,500.0,22.200000000000003,0.0253999999986263,39.59999999999991,229988.0000000596,129.776
1020,2000.0,4.799999999999997,0.0253999999986263,2559.0283600493212,0.0008732080459594727,125.054
1260,2000.0,0.0,0.1015999999945052,5555.0,0.0013198256492614746,132.54
960,2500.0,19.700000000000003,0.0507999999972526,39.59999999999991,0.0364840030670166,116.184
1413,400.0,22.200000000000003,0.1015999999945052,71.30000000000018,0.033779263496398926,139.428
284,5000.0,22.200000000000003,0.2285999999876367,39.59999999999991,0.003465712070465088,118.827
798,10000.0,4.200000000000003,0.0507999999972526,39.59999999999991,0.0015268921852111816,116.967
226,3150.0,0.0,0.2285999999876367,39.59999999999991,0.002535104751586914,124.625
27,8000.0,0.0,0.3047999999980675,55.5,0.002830803394317627,116.476
438,6300.0,7.299999999999997,0.2285999999876367,39.59999999999991,0.01234811544418335,110.839
1461,400.0,12.299999999999997,0.1015999999945052,31.699999999999818,0.041875600814819336,123.207
230,1155.0,0.0,0.2285999999876367,31.699999999999818,0.0027238130569458008,120.595
38,1250.0,0.0,0.3047999999980675,39.59999999999991,0.0031014084815979004,125.499
750,1100000000.0,0.0,0.0507999999972526,55.5,0.000761866569519043,127.636
1046,630.0,4.799999999999997,0.0253999999986263,31.699999999999818,0.0009307861328125,120.078
470,630.0,0.0,0.1524000000063097,55.5,0.001726686954498291,123.583
1282,630.0,0.0,69339.94727542312,31.699999999999818,0.0015009045600891113,126.413
1476,33115500.0,15.600000000000001,0.1015999999945052,71.30000000000018,0.04372590780258179,133.808
688,2000.0,9.899999999999999,0.1524000000063097,31.699999999999818,0.02527850866317749,116.859
1382,500.0,8.899999999999999,0.1015999999945052,71.30000000000018,0.010308802127838135,138.523
640,2000.0,9.899999999999999,0.1524000000063097,71.30000000000018,993311.0,120.779
1453,2500.0,22.200000000000003,0.1015999999945052,39.59999999999991,0.04082679748535156,113.315
1219,2000.0,22.200000000000003,0.0253999999986263,71.30000000000018,0.02141779661178589,127.197
1159,2500.0,17.4,0.0253999999986263,71.30000000000018,0.025238454341888428,126.746
1254,12500.0,0.0,0.1015999999945052,1133.0,0.0012106895446777344,119.375
1367,1600.0,6.699999999999996,0.1015999999945052,39.59999999999991,0.00578075647354126,127.375
801,1250.0,8.399999999999999,0.0507999999972526,2559.0283600493212,0.005295157432556152,132.086
161,630.0,4.0,0.3047999999980675,71.30000000000018,0.004977703094482422,131.615
957,1250.0,19.700000000000003,0.0507999999972526,39.59999999999991,0.0364840030670166,118.634
1187,800.0,17.4,0.0253999999986263,39.59999999999991,0.017220616340637207,135.324
822,630.0,8.399999999999999,0.0507999999972526,39.59999999999991,0.005662262439727783,126.045
1274,2000.0,0.0,0.1015999999945052,99.0,0.0014632940292358398,133.251
878,1250.0,15.399999999999999,0.0507999999972526,71.30000000000018,0.02642691135406494,130.845
914,2500.0,15.399999999999999,0.0507999999972526,2559.0283600493212,0.02825927734375,122.413
153,3150.0,3.0,0.3047999999980675,31.699999999999818,0.005295157432556152,118.108
1377,2000.0,22.200000000000003,0.1015999999945052,31.699999999999818,0.005929350852966309,120.446
510,6300.0,0.0,0.1524000000063097,33.0,0.002094089984893799,119.737
1136,800.0,12.700000000000003,0.0253999999986263,39.59999999999991,0.013025283813476562,130.217
1261,2500.0,0.0,0.1015999999945052,55.5,0.0013198256492614746,133.04
104,1600.0,3.0,0.3047999999980675,71.30000000000018,0.004257261753082275,126.514
587,800.0,5.399999999999999,0.1524000000063097,31.699999999999818,0.005254805088043213,131.491
1332,10000.0,3.29999999999999,0.1015999999945052,39.59999999999991,0.0024513602256774902,115.321
1144,5000.0,12.700000000000003,0.0253999999986263,39.59999999999991,0.013025283813476562,125.107
54,630.0,0.0,0.3047999999980675,31.699999999999818,0.00331270694732666,129.095
152,2500.0,3.0,0.3047999999980675,31.699999999999818,0.005295157432556152,119.598
404,4000.0,33.0,0.2285999999876367,71.30000000000018,0.010440409183502197,119.208
1458,200.0,12.299999999999997,0.1015999999945052,31.699999999999818,0.041875600814819336,124.987
208,1250.0,0.0,0.2285999999876367,55.5,0.002293407917022705,127.91
1421,2500.0,12.299999999999997,0.1015999999945052,71.30000000000018,0.033779263496398926,121.318
1123,2000.0,12.700000000000003,68357.31859666681,71.30000000000018,0.012180805206298828,134.228
9,5000.0,0.0,0.3047999999980675,71.30000000000018,0.0026633739471435547,121.301
1015,10000.0,4.799999999999997,0.0253999999986263,71.30000000000018,0.0008487105369567871,127.398
1347,1000.0,6.699999999999996,0.1015999999945052,71.30000000000018,0.00478285551071167,136.758
1061,1250.0,9.5,0.0253999999986263,71.30000000000018,0.004206538200378418,131.656
453,5000.0,7.299999999999997,0.2285999999876367,31.699999999999818,0.013267219066619873,111.029
254,4000.0,2.0,2266.0,71.30000000000018,0.002930283546447754,124.086
897,0.0,15.399999999999999,0.0507999999972526,55.5,0.02719247341156006,127.04
1312,2000.0,3.29999999999999,0.1015999999945052,55.5,0.00221097469329834,133.649
881,2500.0,15.399999999999999,0.0507999999972526,71.30000000000018,0.02642691135406494,127.625
1417,1000.0,12.299999999999997,0.1015999999945052,71.30000000000018,0.033779263496398926,127.928
624,3150.0,7.200000000000003,0.1524000000063097,39.59999999999991,0.009091734886169434,111.818
346,250.0,4.0,0.2285999999876367,2559.0283600493212,0.005090653896331787,120.189
1290,4000.0,0.0,0.1015999999945052,31.699999999999818,0.0015009045600891113,126.933
263,1000.0,2.0,0.2285999999876367,55.5,0.0031352639198303223,129.002
151,2000.0,3.0,0.3047999999980675,331177.0,0.005295157432556152,120.088
473,1250.0,0.0,0.1524000000063097,55.5,0.0004006624221801758,129.953
641,2500.0,9.899999999999999,0.1524000000063097,71.30000000000018,0.019300103187561035,119.639
1488,200.0,15.600000000000001,0.1015999999945052,39.59999999999991,0.0528486967086792,123.514
1431,630.0,12.299999999999997,0.1015999999945052,55.5,0.036823272705078125,124.244
551,3150.0,5.399999999999999,0.1524000000063097,2559.028360049321,0.004012048244476318,123.311
929,2000.0,15.399999999999999,0.0507999999972526,31.699999999999818,0.028985321521759033,120.835
489,1250.0,22.200000000000003,0.1524000000063097,39.59999999999991,0.0019328594207763672,131.023
1360,2500.0,6.699999999999996,0.1015999999945052,55.5,0.005213916301727295,124.273
1172,1000.0,17.4,0.0253999999986263,55.5,0.016570627689361572,126.001
147,800.0,3.0,0.3047999999980675,31.699999999999818,0.005295157432556152,128.708
403,3150.0,7.299999999999997,0.2285999999876367,71.30000000000018,0.010440409183502197,120.458
955,800.0,22.200000000000003,0.0507999999972526,39.59999999999991,0.0364840030670166,119.174
1409,6300.0,8.899999999999999,0.1015999999945052,39.59999999999991,0.01245957612991333,113.11
660,5000.0,9.899999999999999,0.1524000000063097,55.5,0.020843803882598877,112.065
464,6300.0,0.0,0.1524000000063097,71.30000000000018,0.0015987753868103027,125.427
187,4000.0,4.0,0.3047999999980675,39.59999999999991,0.005796372890472412,115.863
1148,200.0,17.4,0.0253999999986263,71.30000000000018,0.016103923320770264,112.506
1225,8000.0,22.200000000000003,0.0253999999986263,71.30000000000018,0.02141779661178589,121.657
609,5000.0,7.200000000000003,0.1524000000063097,71.30000000000018,0.0075203776359558105,118.343
144,400.0,3.0,0.3047999999980675,31.699999999999818,0.005295157432556152,125.398
752,0.0,0.0,0.0507999999972526,39.59999999999991,0.0007918477058410645,126.508
982,16000.0,22.200000000000003,0.0253999999986263,55.5,0.00041228532791137695,125.683
198,10000.0,0.0,0.2285999999876367,71.30000000000018,0.0021434426307678223,118.134
884,5000.0,15.399999999999999,0.0507999999972526,71.30000000000018,0.02642691135406494,119.135
280,2000.0,2.0,0.2285999999876367,2559.0283600493212,0.003465712070465088,122.797
294,2000.0,2.0,0.2285999999876367,31.699999999999818,0.003723621368408203,123.037
1400,800.0,8.899999999999999,0.1015999999945052,39.59999999999991,0.01245957612991333,130.94
401,2000.0,7.299999999999997,0.2285999999876367,71.30000000000018,0.010440409183502197,122.708
123,4000.0,3.0,0.3047999999980675,55.5,0.004524946212768555,118.689
1208,3150.0,17.4,0.0253999999986263,31.699999999999818,0.017663180828094482,123.466
203,400.0,22.200000000000003,0.2285999999876367,55.5,0.002293407917022705,121.66
836,1250.0,8.399999999999999,0.0507999999972526,31.699999999999818,0.005807757377624512,130.156
247,800.0,2.0,0.2285999999876367,71.30000000000018,0.002930283546447754,128.216
1426,200.0,12.299999999999997,68357.31859666681,55.5,0.036823272705078125,132.304
1434,1250.0,12.299999999999997,0.1015999999945052,55.5,0.036823272705078125,124.214
1154,800.0,17.4,0.0253999999986263,71.30000000000018,0.058411359786987305,124.276
385,2000.0,5.299999999999997,0.2285999999876367,39.59999999999991,0.006143331527709961,117.911
1326,2500.0,3.29999999999999,0.1015999999945052,39.59999999999991,0.0024513602256774902,130.791
855,4000.0,11.200000000000003,0.0507999999972526,2559.028360049321,0.014072000980377197,122.471
220,800.0,0.0,68357.31859666681,39.59999999999991,0.002535104751586914,130.205
642,5500.0,9.899999999999999,0.1524000000063097,71.30000000000018,0.019300103187561035,116.849
2,1000.0,0.0,0.3047999999980675,71.30000000000018,0.0026633739471435547,125.201
113,400.0,3.0,68357.31859666682,55.5,0.004524946212768555,126.159
699,630.0,12.600000000000001,0.1524000000063097,71.30000000000018,0.058411359786987305,123.304
1435,1600.0,12.299999999999997,0.1015999999945052,55.5,0.036823272705078125,121.824
952,400.0,19.700000000000003,0.0507999999972526,39.59999999999991,0.0364840030670166,130.614
1321,800.0,3.29999999999999,0.1015999999945052,39.59999999999991,0.0024513602256774902,129.991
1292,6300.0,0.0,0.1015999999945052,31.699999999999818,0.0,124.253
1357,1250.0,6.699999999999996,0.1015999999945052,55.5,0.005213916301727295,136.883
442,400.0,7.299999999999997,0.2285999999876367,31.699999999999818,0.013267219066619873,130.269
1137,1000.0,12.700000000000003,0.0253999999986263,39.59999999999991,0.013025283813476562,130.947
1257,1000.0,0.0,0.1015999999945052,55.5,0.0013198256492614746,129.8
664,315.0,9.899999999999999,70921.08632308966,39.59999999999991,0.02333277463912964,128.595
1376,1600.0,6.699999999999996,0.1015999999945052,31.699999999999818,0.005929350852966309,124.346
1258,1250.0,0.0,0.1015999999945052,55.5,0.0013198256492614746,131.43
1335,1000.0,3.29999999999999,0.1015999999945052,31.699999999999818,0.002514362335205078,133.012
318,500.0,4.0,0.2285999999876367,55.5,0.004286229610443115,127.314
649,400.0,9.899999999999999,0.1524000000063097,55.5,0.020843803882598877,131.605
710,200.0,12.600000000000001,0.1524000000063097,39.59999999999991,0.058411359786987305,114.75
1283,800.0,0.0,0.1015999999945052,31.699999999999818,0.0015009045600891113,129.053
973,2000.0,0.0,0.0253999999986263,55.5,0.00041228532791137695,127.623
628,8000.0,7.200000000000003,0.1524000000063097,39.59999999999991,0.009091734886169434,111.588
633,400.0,9.899999999999999,0.1524000000063097,71.30000000000018,0.019300103187561035,135.079
1307,630.0,3.29999999999999,0.1015999999945052,55.5,0.00221097469329834,126.599
1249,4000.0,0.0,0.1015999999945052,71.30000000000018,0.0012106895446777344,130.935
1465,1000.0,12.299999999999997,0.1015999999945052,31.699999999999818,0.041875600814819336,119.777
1255,630.0,0.0,0.1015999999945052,55.5,11119933.00000006,126.17
1387,1600.0,8.899999999999999,0.1015999999945052,71.30000000000018,0.010308802127838135,128.763
796,6300.0,4.200000000000003,0.0507999999972526,39.59999999999991,0.0015268921852111816,125.717
646,200.0,9.899999999999999,0.1524000000063097,55.5,0.020843803882598877,131.955
1013,6300.0,4.799999999999997,0.0253999999986263,71.30000000000018,0.0008487105369567871,134.498
557,630.0,5.399999999999999,0.1524000000063097,55.5,0.004332900047302246,131.807
682,500.0,9.899999999999999,0.1524000000063097,31.699999999999818,0.02527850866317749,127.179
578,2500.0,5.399999999999999,68357.31859666682,39.59999999999991,0.004850268363952637,120.497
1110,3150.0,9.5,0.0253999999986263,31.699999999999818,443377.0,128.536
1267,10000.0,0.0,0.1015999999945052,55.5,0.0013198256492614746,121.93
1184,400.0,17.4,0.0253999999986263,39.59999999999991,0.017220616340637207,115.444
525,12500.0,2.70000000000001,0.1524000000063097,71.30000000000018,0.0024385452270507812,113.034
1060,1000.0,9.5,0.0253999999986263,71.30000000000018,0.004206538200378418,129.556
541,12500.0,2.70000000000001,0.1524000000063097,39.59999999999991,0.0029480457305908203,108.649
1195,5000.0,17.4,0.0253999999986263,39.59999999999991,0.017220616340637207,119.854
749,8000.0,0.0,0.0507999999972526,55.5,0.000761866569519043,130.156
1390,3150.0,8.899999999999999,0.1015999999945052,71.30000000000018,0.010308802127838135,123.263
485,500.0,0.0,0.1524000000063097,39.59999999999991,0.0019328594207763672,119.513
96,10000.0,1.5,0.3047999999980675,39.59999999999991,0.003921091556549072,108.991
1021,2500.0,4.799999999999997,0.0253999999986263,55.5,0.0008732080459594727,129.144
564,3150.0,5.399999999999999,0.1524000000063097,55.5,0.004332900047302246,121.587
1265,6300.0,0.0,0.1015999999945052,2559.028360049321,0.0013198256492614746,127.73
743,2000.0,0.0,0.0507999999972526,55.5,0.000761866569519043,131.456
864,1250.0,11.200000000000003,0.0507999999972526,39.59999999999991,0.015047729015350342,130.05
892,630.0,15.399999999999999,0.0507999999972526,55.5,0.02719247341156006,129.33
1039,3150.0,4.799999999999997,0.0253999999986263,39.59999999999991,0.0004006624221801758,133.436
207,1000.0,0.0,0.2285999999876367,55.5,0.002293407917022705,128.29
393,315.0,7.299999999999997,0.2285999999876367,71.30000000000018,0.010440409183502197,139.808
795,5000.0,4.200000000000003,0.0507999999972526,39.59999999999991,0.0015268921852111816,129.777
871,250.0,15.399999999999999,0.0507999999972526,71.30000000000018,0.02642691135406494,124.835
398,1000.0,7.299999999999997,0.2285999999876367,71.30000000000018,0.010440409183502197,126.838
767,1250.0,0.0,0.0507999999972526,31.699999999999818,0.0008121132850646973,129.27
1380,315.0,8.899999999999999,0.1015999999945052,71.30000000000018,0.010308802127838135,136.583
1242,800.0,0.0,0.1015999999945052,71.30000000000018,0.0012106895446777344,126.805
1029,16000.0,4.799999999999997,0.0253999999986263,55.5,0.0008732080459594727,124.394
643,4000.0,9.899999999999999,0.1524000000063097,71.30000000000018,0.019300103187561035,115.079
613,250.0,7.200000000000003,0.1524000000063097,39.59999999999991,0.009091734886169434,127.488
961,3150.0,19.700000000000003,0.0507999999972526,39.59999999999991,0.0364840030670166,113.004
726,800.0,0.0,0.0507999999972526,71.30000000000018,0.0007404685020446777,130.96
684,800.0,9.899999999999999,0.1524000000063097,31.699999999999818,0.02527850866317749,125.539
99,500.0,3.0,0.3047999999980675,71.30000000000018,44225577.0,128.454
805,3150.0,8.399999999999999,0.0507999999972526,71.30000000000018,0.005295157432556152,131.966
407,200.0,7.299999999999997,0.2285999999876367,55.5,0.011170625686645508,135.234
503,1250.0,0.0,0.1524000000063097,31.699999999999818,0.002094089984893799,131.467
1072,800.0,9.5,0.0253999999986263,55.5,33.0,128.082
1057,8000.0,4.799999999999997,0.0253999999986263,31.699999999999818,0.0009307861328125,127.008
930,2500.0,15.399999999999999,0.0507999999972526,31.699999999999818,0.028985321521759033,119.945
780,2500.0,4.200000000000003,0.0507999999972526,33.0,0.0014278888702392578,131.978
201,20000.0,0.0,0.2285999999876367,71.30000000000018,0.0021434426307678223,114.474
135,1600.0,3.0,0.3047999999980675,39.59999999999991,0.004957437515258789,122.782
1052,2500.0,4.799999999999997,0.0253999999986263,31.699999999999818,0.0009307861328125,132.588
41,2500.0,0.0,0.3047999999980675,39.59999999999991,0.0031014084815979004,121.399
1018,20000.0,4.799999999999997,0.0253999999986263,71.30000000000018,0.0008487105369567871,119.708
231,400.0,0.0,0.2285999999876367,2559.0283600493212,0.0027238130569458008,123.635
379,500.0,5.299999999999997,0.2285999999876367,2559.0283600493212,0.006143331527709961,132.251
289,630.0,2.0,0.2285999999876367,31.699999999999818,0.003723621368408203,129.057
419,3150.0,7.299999999999997,0.2285999999876367,55.5,0.011170625686645508,117.134
392,250.0,77.0,0.2285999999876367,71.30000000000018,0.010440409183502197,139.918
593,3150.0,5.399999999999999,0.1524000000063097,31.699999999999818,0.005254805088043213,118.291
1163,6300.0,17.4,0.0253999999986263,71.30000000000018,0.016103923320770264,119.916
1087,630.0,22.200000000000003,0.0253999999986263,39.59999999999991,0.004498183727264404,126.514
648,315.0,9.899999999999999,0.1524000000063097,55.5,0.020843803882598877,132.355
1153,630.0,17.4,0.0253999999986263,71.30000000000018,0.016103923320770264,122.606
1368,2000.0,6.699999999999996,0.1015999999945052,39.59999999999991,0.00578075647354126,122.235
521,5000.0,2.70000000000001,68357.31859666681,71.30000000000018,0.0024385452270507812,124.364
65,8000.0,0.0,0.3047999999980675,31.699999999999818,0.00331270694732666,110.515
15,500.0,0.0,0.3047999999980675,55.5,0.002830803394317627,126.416
1181,200.0,17.4,0.0253999999986263,39.59999999999991,0.017220616340637207,114.044
1065,3150.0,9.5,0.0253999999986263,71.30000000000018,0.004206538200378418,136.166
493,11550000.0,0.0,0.1524000000063097,39.59999999999991,0.0019328594207763672,125.603
380,630.0,5.299999999999997,0.2285999999876367,39.59999999999991,0.006143331527709961,132.011
188,5000.0,4.0,0.3047999999980675,39.59999999999991,0.005796372890472412,113.733
764,12500.0,0.0,0.0507999999972526,39.59999999999991,0.0007918477058410645,123.988
217,400.0,0.0,0.2285999999876367,2559.0283600493212,0.002535104751586914,123.565
792,2500.0,4.200000000000003,0.0507999999972526,39.59999999999991,0.0015268921852111816,133.847
1077,2500.0,22.200000000000003,0.0253999999986263,55.5,0.004328370094299316,134.152
879,1600.0,15.399999999999999,0.0507999999972526,77.0,0.02642691135406494,130.065
338,1600.0,4.0,0.2285999999876367,39.59999999999991,0.058411359786987305,125.319
720,2000.0,12.600000000000001,0.1524000000063097,39.59999999999991,0.058411359786987305,109.52
296,3150.0,2.0,0.2285999999876367,31.699999999999818,0.003723621368408203,121.527
1017,16000.0,4.799999999999997,0.0253999999986263,71.30000000000018,0.058411359786987305,124.208
1276,3150.0,0.0,0.1015999999945052,39.59999999999991,0.0014632940292358398,130.961
456,1000.0,0.0,0.1524000000063097,71.30000000000018,0.0015987753868103027,127.307
1500,3150.0,15.600000000000001,0.1015999999945052,39.59999999999991,0.0528486967086792,109.254
816,2500.0,8.399999999999999,0.0507999999972526,55.5,0.005448579788208008,131.542
270,5000.0,2.0,0.2285999999876367,2559.0283600493212,0.0031352639198303223,120.472
996,1250.0,0.0,0.0253999999986263,31.699999999999818,0.0004394650459289551,127.947
202,315.0,0.0,0.2285999999876367,55.5,0.002293407917022705,119.54
162,800.0,4.0,0.3047999999980675,71.30000000000018,0.004977703094482422,131.755
730,2000.0,0.0,0.0507999999972526,71.30000000000018,0.0007404685020446777,131.06
402,2500.0,22.200000000000003,0.2285999999876367,71.30000000000018,0.010440409183502197,122.088
703,1600.0,12.600000000000001,0.1524000000063097,71.30000000000018,0.04831588268280029,120.534
1130,10000.0,12.700000000000003,0.0253999999986263,71.30000000000018,0.012180805206298828,114.418
566,5000.0,5.399999999999999,68357.31859666681,55.5,0.004332900047302246,118.757
1414,500.0,12.299999999999997,0.1015999999945052,71.30000000000018,0.033779263496398926,140.158
1022,3150.0,4.799999999999997,0.0253999999986263,55.5,0.058411359786987305,132.354
1026,8000.0,4.799999999999997,0.0253999999986263,55.5,0.0008732080459594727,132.184
1412,315.0,12.299999999999997,0.1015999999945052,2559.0283600493212,0.033779263496398926,137.068
1105,1000.0,9.5,0.0253999999986263,2559.0283600493212,0.004613757133483887,131.346
206,800.0,0.0,0.2285999999876367,55.5,0.002293407917022705,127.53
35,630.0,0.0,0.3047999999980675,39.59999999999991,0.0031014084815979004,128.629
776,10000.0,0.0,0.0507999999972526,31.699999999999818,0.0008121132850646973,122.45
509,5000.0,0.0,0.1524000000063097,2559.0283600493212,0.002094089984893799,122.397
1479,630.0,15.600000000000001,0.1015999999945052,71.30000000000018,0.04372590780258179,122.288
1391,4000.0,8.899999999999999,0.1015999999945052,71.30000000000018,0.010308802127838135,120.243
92,4000.0,22.200000000000003,0.3047999999980675,39.59999999999991,0.003921091556549072,117.741
1364,800.0,6.699999999999996,0.1015999999945052,39.59999999999991,0.00578075647354126,134.625
898,2500.0,15.399999999999999,0.0507999999972526,55.5,0.02719247341156006,125.63
565,4000.0,5.399999999999999,0.1524000000063097,55.5,0.004332900047302246,119.737
1370,400.0,6.699999999999996,0.1015999999945052,31.699999999999818,0.005929350852966309,128.296
777,12500.0,0.0,0.0507999999972526,31.699999999999818,0.0008121132850646973,119.07
242,5000.0,0.0,0.2285999999876367,31.699999999999818,0.0027238130569458008,120.505
14,16000.0,0.0,0.3047999999980675,71.30000000000018,2266663377.0,108.721
316,20000.0,4.0,0.2285999999876367,71.30000000000018,0.004006028175354004,109.638
601,800.0,7.200000000000003,0.1524000000063097,71.30000000000018,0.0075203776359558105,136.023
388,4000.0,5.299999999999997,0.2285999999876367,39.59999999999991,0.006143331527709961,115.801
1298,1600.0,3.29999999999999,0.1015999999945052,2559.028360049321,0.002028226852416992,133.664
167,2500.0,4.0,0.3047999999980675,71.30000000000018,0.004977703094482422,123.775
841,44000000.0,8.399999999999999,0.0507999999972526,31.699999999999818,0.005807757377624512,118.106
21,2000.0,22.200000000000003,0.3047999999980675,55.5,0.002830803394317627,126.616
647,250.0,9.899999999999999,0.1524000000063097,55.5,0.020843803882598877,133.235
1155,1000.0,17.4,0.0253999999986263,71.30000000000018,0.016103923320770264,125.816
832,0.0,8.399999999999999,0.0507999999972526,31.699999999999818,0.005807757377624512,122.966
1268,12500.0,0.0,0.1015999999945052,55.5,0.0013198256492614746,119.91
563,2500.0,5.399999999999999,0.1524000000063097,55.5,0.004333019256591797,124.077
1464,800.0,12.299999999999997,0.1015999999945052,31.699999999999818,0.041875600814819336,120.037
687,11660000.0,9.899999999999999,0.1524000000063097,31.699999999999818,0.02527850866317749,117.119
958,1600.0,19.700000000000003,0.0507999999972526,39.59999999999991,0.0364840030670166,117.604
190,1600.0,0.0,70677.62644055713,71.30000000000018,0.0021434426307678223,129.134
976,44000000.0,0.0,0.0253999999986263,55.5,0.00041228532791137695,133.223
700,800.0,12.600000000000001,0.1524000000063097,71.30000000000018,0.04831588268280029,123.054
511,8000.0,0.0,0.1524000000063097,31.699999999999818,0.002094089984893799,117.957
1083,250.0,22.200000000000003,0.0253999999986263,39.59999999999991,0.004498183727264404,116.924
475,2000.0,0.0,0.1524000000063097,55.5,0.001726686954498291,129.673
857,250.0,11.200000000000003,0.0507999999972526,2559.0283600493212,0.015047729015350342,126.43
748,6300.0,0.0,0.0507999999972526,55.5,0.000761866569519043,132.796
253,3150.0,2.0,0.2285999999876367,71.30000000000018,0.002930283546447754,126.116
22,22.0,0.0,0.3047999999980675,55.5,0.002830803394317627,124.106
1338,2000.0,22.200000000000003,0.1015999999945052,31.699999999999818,0.002514362335205078,131.642
460,225500.0,0.0,0.1524000000063097,71.30000000000018,0.0015987753868103027,128.127
1185,500.0,17.4,0.0253999999986263,39.59999999999991,0.058411359786987305,117.514
277,1000.0,2.0,0.2285999999876367,39.59999999999991,0.003465712070465088,129.147
956,110000.0,19.700000000000003,0.0507999999972526,39.59999999999991,0.0364840030670166,118.904
1216,1000.0,22.200000000000003,0.0253999999986263,71.30000000000018,0.02141779661178589,134.247
386,2500.0,5.299999999999997,0.2285999999876367,39.59999999999991,0.006143331527709961,116.151
806,4000.0,8.399999999999999,0.0507999999972526,71.30000000000018,0.005295157432556152,126.926
1438,3150.0,12.299999999999997,0.1015999999945052,55.5,0.036823272705078125,116.914
344,6300.0,4.0,0.2285999999876367,39.59999999999991,0.004738032817840576,114.249
770,2500.0,0.0,0.0507999999972526,31.699999999999818,0.0008121132850646973,134.87
1333,630.0,3.29999999999999,0.1015999999945052,31.699999999999818,0.002514362335205078,128.952
131,0.0,3.0,0.3047999999980675,39.59999999999991,0.004957437515258789,129.292
872,315.0,15.399999999999999,0.0507999999972526,71.30000000000018,0.02642691135406494,126.195
1124,2500.0,12.700000000000003,0.0253999999986263,71.30000000000018,0.012180805206298828,134.058
1397,400.0,8.899999999999999,0.1015999999945052,39.59999999999991,0.01245957612991333,135.54
88,1600.0,1.5,0.3047999999980675,39.59999999999991,0.003921091556549072,122.211
1483,1600.0,15.600000000000001,0.1015999999945052,71.30000000000018,0.04372590780258179,121.528
331,315.0,4.0,0.2285999999876367,39.59999999999991,44773300.0,122.229
1239,4000.0,22.200000000000003,0.0253999999986263,39.59999999999991,0.02290278673171997,119.646
467,12500.0,0.0,0.1524000000063097,2559.0283600493212,0.0015987753868103027,117.087
122,3150.0,3.0,0.3047999999980675,55.5,0.004524946212768555,120.189
1045,500.0,4.799999999999997,0.0253999999986263,31.699999999999818,0.0009307861328125,116.128
1096,55.0,9.5,0.0253999999986263,39.59999999999991,0.004498183727264404,125.044
1131,250.0,12.700000000000003,0.0253999999986263,39.59999999999991,0.013025283813476562,121.547
1295,800.0,3.29999999999999,68357.31859666681,71.30000000000018,0.002028226852416992,131.074
861,630.0,11.200000000000003,0.0507999999972526,66.0,0.015047729015350342,133.13
1460,315.0,12.299999999999997,0.1015999999945052,31.699999999999818,88775566.0,124.717
1127,5000.0,12.700000000000003,0.0253999999986263,71.30000000000018,0.012180805206298828,128.978
