Baseline,Dataset,时间（单位 s）,传统清洗的F1值,r_edr,hybrid_distance,edr,col_avg_rmse,col_avg_f1,P_do_nothing,P_demand_clean,P_repair_all,upper_bound_dirty,upper_bound_cleaned,upper_bound_clean,upper_bound_improvement,真值使用单元格数,ML_1,ML_2,ML_3,ML_4,ML_5,ML_6
Demandclean_v3,adult,5643.33,0.5635891731121769,-0.36566725455614346,0.008576875282664122,-0.3838918283362728,,,0.8505086245024326,0.8551525873507297,0.8542680229986731,0.8184291476911966,0.8525497775264423,0.8523286315486308,1.0065235794958287,0,"RF
    accuracy       : 0.855721
    f1             : 0.852448
    precision      : 0.851072
    recall         : 0.855721","LR
    accuracy       : 0.821448
    f1             : 0.807130
    precision      : 0.809692
    recall         : 0.821448","SVM
    accuracy       : 0.849198
    f1             : 0.841323
    precision      : 0.842098
    recall         : 0.849198","KNN
    accuracy       : 0.827529
    f1             : 0.824701
    precision      : 0.822827
    recall         : 0.827529","DT
    accuracy       : 0.806302
    f1             : 0.808122
    precision      : 0.810297
    recall         : 0.806302","GB
    accuracy       : 0.866003
    f1             : 0.859670
    precision      : 0.860911
    recall         : 0.866003"
Demandclean_v3,beers,894.73,0.7930574098305458,0.6379310344827587,0.01510681272595193,0.6181818181818182,,,0.34256055363321797,0.3103448275862069,0.328719723183391,0.33194368213816966,0.33448275862068966,0.3395537525354969,0.3336469112574506,0,"RF
    accuracy       : 0.017241
    f1             : 0.005305
    precision      : 0.003135
    recall         : 0.017241","LR
    accuracy       : 0.051724
    f1             : 0.014269
    precision      : 0.008276
    recall         : 0.051724","SVM
    accuracy       : 0.068966
    f1             : 0.012007
    precision      : 0.006594
    recall         : 0.068966","KNN
    accuracy       : 0.017241
    f1             : 0.005517
    precision      : 0.003284
    recall         : 0.017241","DT
    accuracy       : 0.000000
    f1             : 0.000000
    precision      : 0.000000
    recall         : 0.000000","GB
    accuracy       : 0.017241
    f1             : 0.007663
    precision      : 0.004926
    recall         : 0.017241"
Demandclean_v3,bike,11600.46,0.7248263253621944,-0.010875194199896427,0.041749618711362936,0.5323607799130313,,,0.929398,1.000000,0.961849,1825.2803032229554,32.89330638915428,25.4989040055832,0.9958914997194734,37174,"RF
    mse            : 4.478727
    r2             : 0.999776","LR
    mse            : 0.000000
    r2             : 1.000000","RIDGE
    mse            : 0.001540
    r2             : 1.000000","LASSO
    mse            : 1.214352
    r2             : 0.999939","KNN
    mse            : 965.589443
    r2             : 0.951750","GB
    mse            : 12.742391
    r2             : 0.999363"
Demandclean_v3,breast_cancer,108.38,0.43603603598743995,0.2620967741935484,0.20558414691836385,0.3611111111111111,,,0.964286,0.964286,0.985714,0.9164371772805507,0.9474182444061962,0.9546184738955823,0.8114199849737033,104,"RF
    accuracy       : 1.000000
    f1             : 1.000000
    precision      : 1.000000
    recall         : 1.000000","LR
    accuracy       : 0.964286
    f1             : 0.964786
    precision      : 0.967980
    recall         : 0.964286","SVM
    accuracy       : 0.988095
    f1             : 0.988156
    precision      : 0.988536
    recall         : 0.988095","KNN
    accuracy       : 0.976190
    f1             : 0.976190
    precision      : 0.976190
    recall         : 0.976190","DT
    accuracy       : 0.964286
    f1             : 0.963643
    precision      : 0.966042
    recall         : 0.964286","GB
    accuracy       : 1.000000
    f1             : 1.000000
    precision      : 1.000000
    recall         : 1.000000"
Demandclean_v3,har,5979.68,0.17726424230302132,-1.7263506063947078,0.12856122552076193,-1.9820359281437125,,,0.49107,0.787569,0.700522,0.523812589595373,0.7858989943837061,0.6875855528743158,1.6003032462808902,5077,"KMeans
    silhouette      : 0.785899","Agglomerative
    silhouette     : 0.787569
    ari            : 0.835610","Spectral
    silhouette     : 0.787701
    ari            : 0.930585",,,
Demandclean_v3,mercedes,10439.65,0.8883197618597953,0.0,0.04056437389770726,0.799247493582442,,,0.5493791207518035,0.49220883372505886,0.49220883372505886,82.43558994258044,82.61599756727463,82.61599756727463,1.0,301127,"RF
    mse            : 81.418962
    r2             : 0.476910","LR
    mse            : 40131165440418979429172117504.000000
    r2             : -257829624168733250991161344.000000","RIDGE
    mse            : 69.485810
    r2             : 0.553576","LASSO
    mse            : 68.557023
    r2             : 0.559544","KNN
    mse            : 93.871103
    r2             : 0.396909","GB
    mse            : 64.553970
    r2             : 0.585262"
Demandclean_v3,nasa,25.73,0.11074918562111946,-0.32697947214076245,0.24327050947012513,-0.5513196480938416,,,-0.001071,0.156052,0.531992,33.01175007447022,29.132061692283525,13.015656489182849,0.19402231569076445,69,"RF
    mse            : 26.338649
    r2             : 0.464211","LR
    mse            : 41.487329
    r2             : 0.156052","RIDGE
    mse            : 41.492499
    r2             : 0.155947","LASSO
    mse            : 46.112161
    r2             : 0.061972","KNN
    mse            : 45.576709
    r2             : 0.072865","GB
    mse            : 30.315542
    r2             : 0.383312"
Demandclean_v3,smartfactory,4187.29,0.0,-2.326801071478923,0.056999387886281255,-6.766389397998026,,,0.7483611757242546,0.7802918164516811,0.9816028758722775,0.7222668640304504,0.7132586170437725,0.7009938676252907,0.42345924453280087,0,"RF
    accuracy       : 0.970607
    f1             : 0.970385
    precision      : 0.970413
    recall         : 0.970607","LR
    accuracy       : 0.770142
    f1             : 0.674950
    precision      : 0.686970
    recall         : 0.770142","SVM
    accuracy       : 0.777120
    f1             : 0.686833
    precision      : 0.802032
    recall         : 0.777120","KNN
    accuracy       : 0.811800
    f1             : 0.804155
    precision      : 0.800648
    recall         : 0.811800","DT
    accuracy       : 0.950941
    f1             : 0.951144
    precision      : 0.951425
    recall         : 0.950941","GB
    accuracy       : 0.802284
    f1             : 0.745766
    precision      : 0.812498
    recall         : 0.802284"
Demandclean_v3,soilmoisture,216.50,0.0,0.0,0.22544144307695346,-0.0017533606078316774,,,0.854402,0.81147,0.941308,5.002473236458931,5.945521791666674,8.775232320434073,0.24996256962533273,0,"RF
    mse            : 3.339120
    r2             : 0.781141","LR
    mse            : 40.795002
    r2             : -1.673866","RIDGE
    mse            : 26.098149
    r2             : -0.710576","LASSO
    mse            : 11.907519
    r2             : 0.219534","KNN
    mse            : 4.405332
    r2             : 0.711257","GB
    mse            : 2.876394
    r2             : 0.811470"
Demandclean_v5,adult,13372.45,0.00021396349423345246,-25.342718446601943,0.24394636722388618,-162.31747572815533,,,0.8518518518518519,0.8527363184079602,0.8564953012714207,0.8143957962029418,0.8126267408367779,0.8499982307137097,-0.0496891684648376,857,"RF
    accuracy       : 0.852736
    f1             : 0.851207
    precision      : 0.850144
    recall         : 0.852736","LR
    accuracy       : 0.820564
    f1             : 0.808738
    precision      : 0.810018
    recall         : 0.820564","SVM
    accuracy       : 0.848203
    f1             : 0.841487
    precision      : 0.841772
    recall         : 0.848203","KNN
    accuracy       : 0.818795
    f1             : 0.817836
    precision      : 0.816992
    recall         : 0.818795","DT
    accuracy       : 0.772471
    f1             : 0.779542
    precision      : 0.791764
    recall         : 0.772471","GB
    accuracy       : 0.868988
    f1             : 0.864863
    precision      : 0.864703
    recall         : 0.868988"
Demandclean_v5,beers,273.98,0.29743051910877355,0.0,0.20432860623794352,-2.3963183540877098,,,0.31524008350730687,0.3444676409185804,0.35490605427974947,0.267711937716263,0.3175775694424288,0.3368055555555555,0.7217111114683586,5,"RF
    accuracy       : 0.344468
    f1             : 0.277356
    precision      : 0.261852
    recall         : 0.344468","LR
    accuracy       : 0.231733
    f1             : 0.134086
    precision      : 0.134389
    recall         : 0.231733","SVM
    accuracy       : 0.185804
    f1             : 0.058227
    precision      : 0.034523
    recall         : 0.185804","KNN
    accuracy       : 0.175365
    f1             : 0.135663
    precision      : 0.116311
    recall         : 0.175365","DT
    accuracy       : 0.254697
    f1             : 0.245537
    precision      : 0.245433
    recall         : 0.254697","GB
    accuracy       : 0.319415
    f1             : 0.267508
    precision      : 0.249221
    recall         : 0.319415"
Demandclean_v5,bike,13007.26,0.14148621572796566,0.01989335520918786,0.38920125875972417,0.03572690510776962,,,0.929398,0.999917,0.961849,1407.3185645978879,653.0730226973784,12.546433417093743,0.5407661402454149,2089,"RF
    mse            : 76.927012
    r2             : 0.997552","LR
    mse            : 2.620294
    r2             : 0.999917","RIDGE
    mse            : 2.643532
    r2             : 0.999916","LASSO
    mse            : 2.059012
    r2             : 0.999934","KNN
    mse            : 1383.619816
    r2             : 0.955971","GB
    mse            : 65.165590
    r2             : 0.997926"
Demandclean_v5,breast_cancer,88.11,0.3130434782113696,0.17676767676767677,0.10388610334049594,0.17391304347826086,,,0.964286,0.985714,0.985714,0.9450659781985082,0.9692097026604068,0.9569994262765347,2.0231976796677467,41,"RF
    accuracy       : 0.992857
    f1             : 0.992830
    precision      : 0.992928
    recall         : 0.992857","LR
    accuracy       : 0.985714
    f1             : 0.985714
    precision      : 0.985714
    recall         : 0.985714","SVM
    accuracy       : 0.992857
    f1             : 0.992830
    precision      : 0.992928
    recall         : 0.992857","KNN
    accuracy       : 0.992857
    f1             : 0.992830
    precision      : 0.992928
    recall         : 0.992857","DT
    accuracy       : 0.985714
    f1             : 0.985714
    precision      : 0.985714
    recall         : 0.985714","GB
    accuracy       : 0.992857
    f1             : 0.992830
    precision      : 0.992928
    recall         : 0.992857"
Demandclean_v5,har,27612.83,0.0,-10.61820652173913,0.13581533944571805,-12.417112299465241,,,0.49107,0.87194,0.700522,0.523812589595373,0.8702014402178354,0.6875855528743158,2.1150551573795675,0,"KMeans
    silhouette      : 0.870201","Agglomerative
    silhouette     : 0.871940
    ari            : 0.996128","Spectral
    silhouette     : 0.366793
    ari            : 0.006216",,,
Demandclean_v5,mercedes,7070.32,0.6417983967988137,0.0,0.40715822850469713,0.3149555549587776,,,0.36,0.4284,0.3937,71.728610989802,63.65460141614574,71.00816887300775,11.207020502331554,24851,"RF
    mse            : 116.511968
    r2             : 0.383578","LR
    mse            : 48160714487762865827015032832.000000
    r2             : -254800825673398662872432640.000000","RIDGE
    mse            : 169.257107
    r2             : 0.104522","LASSO
    mse            : 120.556241
    r2             : 0.362181","KNN
    mse            : 145.063613
    r2             : 0.232521","GB
    mse            : 108.972925
    r2             : 0.423464"
Demandclean_v5,nasa,354.30,0.0814582739732843,-0.9629629629629629,0.25757088170402803,-5.337690631808279,,,-0.001071,0.531284,0.531992,28.88795953614174,17.223797781209107,17.223797781209107,1.0,506,"RF
    mse            : 15.209207
    r2             : 0.680037","LR
    mse            : 22.280060
    r2             : 0.531284","RIDGE
    mse            : 47.363943
    r2             : 0.003582","LASSO
    mse            : 47.587108
    r2             : -0.001113","KNN
    mse            : 30.571983
    r2             : 0.356843","GB
    mse            : 19.134680
    r2             : 0.597455"
Demandclean_v5,smartfactory,2757.72,0.07539543738231125,-1.6794692737430168,0.16992997229133405,-3.763733705772812,,,0.9617255233664622,0.9663776696976105,0.9663776696976105,0.9383236418583287,0.9540636042402827,0.9534784607806388,1.038611049240745,0,"RF
    accuracy       : 0.966378
    f1             : 0.966070
    precision      : 0.966176
    recall         : 0.966378","LR
    accuracy       : 0.762741
    f1             : 0.666495
    precision      : 0.781919
    recall         : 0.762741","SVM
    accuracy       : 0.766124
    f1             : 0.672690
    precision      : 0.815303
    recall         : 0.766124","KNN
    accuracy       : 0.814337
    f1             : 0.807818
    precision      : 0.805031
    recall         : 0.814337","DT
    accuracy       : 0.949038
    f1             : 0.949268
    precision      : 0.949603
    recall         : 0.949038","GB
    accuracy       : 0.797209
    f1             : 0.741558
    precision      : 0.817428
    recall         : 0.797209"
Demandclean_v5,soilmoisture,6750.72,0.40288678389241456,0.004914004914004914,0.19984855238941412,0.16530923899210995,,,0.854402,0.927101,0.941308,2.7058391546880474,1.3835350794155368,0.5130331404968388,0.6030191757569706,4267,"RF
    mse            : 0.969684
    r2             : 0.934735","LR
    mse            : 3.009483
    r2             : 0.797445","RIDGE
    mse            : 3.033765
    r2             : 0.795811","LASSO
    mse            : 11.621714
    r2             : 0.217794","KNN
    mse            : 2.500223
    r2             : 0.831721","GB
    mse            : 1.083108
    r2             : 0.927101"
Demandclean_v6,adult,21499.78,0.5045358038547564,-0.4861845972957084,0.008957019995301081,-0.5091122868900647,,,0.8505086245024326,0.8532728881026095,0.8542680229986731,0.8184291476911966,0.8449648020157701,0.8523286315486308,0.782774582532594,7176,"RF
    accuracy       : 0.852736
    f1             : 0.849682
    precision      : 0.848217
    recall         : 0.852736","LR
    accuracy       : 0.821669
    f1             : 0.807656
    precision      : 0.809951
    recall         : 0.821669","SVM
    accuracy       : 0.849972
    f1             : 0.842154
    precision      : 0.842973
    recall         : 0.849972","KNN
    accuracy       : 0.824986
    f1             : 0.822594
    precision      : 0.820871
    recall         : 0.824986","DT
    accuracy       : 0.801658
    f1             : 0.804229
    precision      : 0.807490
    recall         : 0.801658","GB
    accuracy       : 0.867551
    f1             : 0.861291
    precision      : 0.862638
    recall         : 0.867551"
Demandclean_v6,beers,20503.55,0.8555493585678705,0.5802469135802469,0.0037223972887805434,0.6627604166666666,,,0.3796680497925311,0.2807017543859649,0.38589211618257263,0.2605809128630705,0.2488433473063189,0.25809128630705397,4.714588831962012,1146,"RF
    accuracy       : 0.263158
    f1             : 0.211400
    precision      : 0.203301
    recall         : 0.263158","LR
    accuracy       : 0.131579
    f1             : 0.078812
    precision      : 0.063503
    recall         : 0.131579","SVM
    accuracy       : 0.201754
    f1             : 0.096594
    precision      : 0.075825
    recall         : 0.201754","KNN
    accuracy       : 0.140351
    f1             : 0.106530
    precision      : 0.130387
    recall         : 0.140351","DT
    accuracy       : 0.236842
    f1             : 0.223312
    precision      : 0.247990
    recall         : 0.236842","GB
    accuracy       : 0.254386
    f1             : 0.228312
    precision      : 0.245518
    recall         : 0.254386"
Demandclean_v6,bike,12852.92,0.1956094106076141,-0.0903010033444816,0.356307820064433,-0.18804052384482334,,,0.929398,0.871864,0.961849,1825.2803032229554,2708.802347939495,25.4989040055832,-0.49090519832060486,1754,"RF
    mse            : 2037.249486
    r2             : 0.973392","LR
    mse            : 9810.688585
    r2             : 0.871864","RIDGE
    mse            : 9815.715526
    r2             : 0.871799","LASSO
    mse            : 9813.389086
    r2             : 0.871829","KNN
    mse            : 7586.847521
    r2             : 0.900909","GB
    mse            : 2374.781811
    r2             : 0.968983"
Demandclean_v6,breast_cancer,146.02,0.004509582815232426,-0.16791979949874686,0.25811618360737887,-0.26145038167938933,,,0.964286,0.9,0.985714,0.9170811921891058,0.927081192189106,0.9556731757451182,0.2591211717709772,1,"RF
    accuracy       : 0.957143
    f1             : 0.957381
    precision      : 0.958051
    recall         : 0.957143","LR
    accuracy       : 0.900000
    f1             : 0.897959
    precision      : 0.899848
    recall         : 0.900000","SVM
    accuracy       : 0.942857
    f1             : 0.943174
    precision      : 0.943916
    recall         : 0.942857","KNN
    accuracy       : 0.900000
    f1             : 0.898705
    precision      : 0.899113
    recall         : 0.900000","DT
    accuracy       : 0.885714
    f1             : 0.885011
    precision      : 0.884714
    recall         : 0.885714","GB
    accuracy       : 0.964286
    f1             : 0.964387
    precision      : 0.964600
    recall         : 0.964286"
Demandclean_v6,har,27612.83,0.0,-10.61820652173913,0.13581533944571805,-12.417112299465241,,,0.49107,0.87194,0.700522,0.523812589595373,0.8702014402178354,0.6875855528743158,2.1150551573795675,0,"KMeans
    silhouette      : 0.870201","Agglomerative
    silhouette     : 0.871940
    ari            : 0.996128","Spectral
    silhouette     : 0.366793
    ari            : 0.006216",,,
Demandclean_v6,mercedes,5892.99,0.0001881431806351146,0.0,0.4689670220324643,-0.16233230547435024,,,0.5493791207518035,0.3868693503642654,0.49220883372505886,82.43558994258044,95.49914245317042,82.61599756727463,72.41131040183888,68,"RF
    mse            : 80.104547
    r2             : 0.501807","LR
    mse            : 117.320263
    r2             : 0.270351","RIDGE
    mse            : 117.159991
    r2             : 0.271348","LASSO
    mse            : 98.207138
    r2             : 0.389221","KNN
    mse            : 123.071109
    r2             : 0.234585","GB
    mse            : 125.818490
    r2             : 0.217498"
Demandclean_v6,nasa,40.06,0.049861495831508354,0.026865671641791045,0.225377769830235,0.026865671641791045,,,-0.001071,0.150428,0.531992,33.01175007447022,29.279608975011193,13.015656489182849,0.18664351032068807,9,"RF
    mse            : 32.811556
    r2             : 0.327171","LR
    mse            : 41.430682
    r2             : 0.150428","RIDGE
    mse            : 41.430983
    r2             : 0.150422","LASSO
    mse            : 44.650506
    r2             : 0.084403","KNN
    mse            : 43.569891
    r2             : 0.106562","GB
    mse            : 30.810209
    r2             : 0.368210"
Demandclean_v6,smartfactory,4031.99,0.0,-2.4933455713630104,0.05641137012273505,-7.065779409515068,,,0.7483611757242546,0.9674459252785668,0.9816028758722775,0.7222668640304504,0.7157254996478287,0.7009938676252907,0.3074961447854648,0,"RF
    accuracy       : 0.971816
    f1             : 0.971518
    precision      : 0.971740
    recall         : 0.971816","LR
    accuracy       : 0.761853
    f1             : 0.668224
    precision      : 0.678450
    recall         : 0.761853","SVM
    accuracy       : 0.764475
    f1             : 0.662874
    precision      : 0.819971
    recall         : 0.764475","KNN
    accuracy       : 0.806642
    f1             : 0.797457
    precision      : 0.794134
    recall         : 0.806642","DT
    accuracy       : 0.952152
    f1             : 0.952205
    precision      : 0.952265
    recall         : 0.952152","GB
    accuracy       : 0.791348
    f1             : 0.728332
    precision      : 0.804023
    recall         : 0.791348"
Demandclean_v6,soilmoisture,239.63,0.1100679831399808,0.0,0.21629468400159774,0.06334928229665072,,,0.854402,0.810496,0.941308,5.002473236458931,6.810921052425925,8.775232320434073,0.47934357209512984,1013,"RF
    mse            : 3.156759
    r2             : 0.795392","LR
    mse            : 38.388012
    r2             : -1.488148","RIDGE
    mse            : 30.414501
    r2             : -0.971339","LASSO
    mse            : 10.543621
    r2             : 0.316607","KNN
    mse            : 3.535138
    r2             : 0.770867","GB
    mse            : 2.923733
    r2             : 0.810496"
Demandclean_v7,adult,22406.98,0.0035127485465128202,-25.342718446601943,0.243223616666034,-162.04563106796115,,,0.8518518518518519,0.8528468767274737,0.8564953012714207,0.8143957962029418,0.8262636592467348,0.8499982307137097,0.33334414364848075,1634,"RF
    accuracy       : 0.852847
    f1             : 0.850924
    precision      : 0.849728
    recall         : 0.852847","LR
    accuracy       : 0.819900
    f1             : 0.807554
    precision      : 0.809215
    recall         : 0.819900","SVM
    accuracy       : 0.848314
    f1             : 0.841332
    precision      : 0.841871
    recall         : 0.848314","KNN
    accuracy       : 0.821559
    f1             : 0.820046
    precision      : 0.818826
    recall         : 0.821559","DT
    accuracy       : 0.785959
    f1             : 0.790036
    precision      : 0.795836
    recall         : 0.785959","GB
    accuracy       : 0.868988
    f1             : 0.864331
    precision      : 0.864632
    recall         : 0.868988"
Demandclean_v7,beers,455.88,0.04313099036594293,0.022821576763485476,0.057550280148595645,-0.20287253141831238,,,0.3796680497925311,0.28865979381443296,0.38589211618257263,0.2605809128630705,0.2531357388316151,0.25809128630705397,2.9904782359679936,0,"RF
    accuracy       : 0.237113
    f1             : 0.206961
    precision      : 0.188381
    recall         : 0.237113","LR
    accuracy       : 0.226804
    f1             : 0.154751
    precision      : 0.118411
    recall         : 0.226804","SVM
    accuracy       : 0.247423
    f1             : 0.153126
    precision      : 0.148769
    recall         : 0.247423","KNN
    accuracy       : 0.113402
    f1             : 0.105903
    precision      : 0.101470
    recall         : 0.113402","DT
    accuracy       : 0.206186
    f1             : 0.205080
    precision      : 0.210188
    recall         : 0.206186","GB
    accuracy       : 0.247423
    f1             : 0.216893
    precision      : 0.211033
    recall         : 0.247423"
Demandclean_v7,bike,6341.08,0.07311632513175872,0.0021417862497322766,0.39562674560482897,-0.05910924508108998,,,0.929398,0.987822,0.961849,1407.3185645978879,605.8674356546912,12.546433417093743,0.5746107991595011,449,"RF
    mse            : 51.853212
    r2             : 0.998350","LR
    mse            : 382.691587
    r2             : 0.987822","RIDGE
    mse            : 383.827419
    r2             : 0.987786","LASSO
    mse            : 393.094878
    r2             : 0.987491","KNN
    mse            : 1830.806743
    r2             : 0.941741","GB
    mse            : 81.657181
    r2             : 0.997402"
Demandclean_v7,breast_cancer,20.21,0.07081339709161494,-0.5639097744360902,0.3483095931919366,-2.066793893129771,,,0.964286,0.971429,0.985714,0.9170811921891058,0.9584994861253854,0.9556731757451182,1.0732356857523284,0,"RF
    accuracy       : 0.971429
    f1             : 0.971587
    precision      : 0.972187
    recall         : 0.971429","LR
    accuracy       : 0.971429
    f1             : 0.971429
    precision      : 0.971429
    recall         : 0.971429","SVM
    accuracy       : 0.978571
    f1             : 0.978632
    precision      : 0.978806
    recall         : 0.978571","KNN
    accuracy       : 0.985714
    f1             : 0.985714
    precision      : 0.985714
    recall         : 0.985714","DT
    accuracy       : 0.928571
    f1             : 0.928571
    precision      : 0.928571
    recall         : 0.928571","GB
    accuracy       : 0.964286
    f1             : 0.964575
    precision      : 0.965839
    recall         : 0.964286"
Demandclean_v7,har,27059.20,0.028041452537110285,-0.6427687229213946,0.28017363720184435,-0.9113520408163265,,,0.523812589595373,0.8170256150001302,0.6875855528743158,0.523812589595373,0.8170256150001302,0.6875855528743158,1.7903628262825555,0,"KMeans
    silhouette      : 0.817026","Agglomerative
    (no data)","Spectral
    (no data)",,,
Demandclean_v7,mercedes,7751.60,0.32211595693267564,0.0,0.47630196116843926,-0.16321617717862302,,,0.3599827689119728,0.39863120753539827,0.3936883946813713,71.728610989802,85.22405962873117,71.00816887300775,-18.73217615174961,94,"RF
    mse            : 113.666628
    r2             : 0.398631","LR
    mse            : 122.963009
    r2             : 0.349447","RIDGE
    mse            : 123.066586
    r2             : 0.348899","LASSO
    mse            : 137.962316
    r2             : 0.270092","KNN
    mse            : 145.132286
    r2             : 0.232158","GB
    mse            : 105.782452
    r2             : 0.440344"
Demandclean_v7,nasa,154.33,0.005281690125225803,-2.268041237113402,0.3113773767470022,-9.695876288659793,,,-0.001071,0.095858,0.531992,28.88795953614174,24.068507061114907,17.223797781209107,0.4131846399496941,2,"RF
    mse            : 19.864083
    r2             : 0.582110","LR
    mse            : 42.977692
    r2             : 0.095858","RIDGE
    mse            : 47.418472
    r2             : 0.002435","LASSO
    mse            : 47.580691
    r2             : -0.000978","KNN
    mse            : 39.654851
    r2             : 0.165762","GB
    mse            : 24.684724
    r2             : 0.480696"
Demandclean_v7,smartfactory,1913.45,0.07710501416317173,-1.6871770784405824,0.16349149018819772,-3.7280413339596055,,,0.9617255233664622,0.9668005920913513,0.9663776696976105,0.9383236418583287,0.9523404948732732,0.9534784607806388,0.9249106232678016,53,"RF
    accuracy       : 0.966801
    f1             : 0.966464
    precision      : 0.966633
    recall         : 0.966801","LR
    accuracy       : 0.762952
    f1             : 0.666608
    precision      : 0.788542
    recall         : 0.762952","SVM
    accuracy       : 0.766124
    f1             : 0.672690
    precision      : 0.815303
    recall         : 0.766124","KNN
    accuracy       : 0.814760
    f1             : 0.808256
    precision      : 0.805488
    recall         : 0.814760","DT
    accuracy       : 0.951787
    f1             : 0.951928
    precision      : 0.952114
    recall         : 0.951787","GB
    accuracy       : 0.796363
    f1             : 0.738898
    precision      : 0.820335
    recall         : 0.796363"
Demandclean_v7,soilmoisture,7327.65,0.4956913325792319,0.004524886877828055,0.17169913798550143,0.27969661610268376,,,0.854402,0.910267,0.941308,2.7058391546880474,1.893599955157575,0.5130331404968388,0.3704108773297292,0,"RF
    mse            : 1.197587
    r2             : 0.919396","LR
    mse            : 2.481581
    r2             : 0.832976","RIDGE
    mse            : 2.569827
    r2             : 0.827036","LASSO
    mse            : 8.595412
    r2             : 0.421481","KNN
    mse            : 2.392022
    r2             : 0.839004","GB
    mse            : 1.333223
    r2             : 0.910267"
Demandclean_v8,adult,5615.70,0.0,-1.216931216931217,0.01108567977217442,-1.2774838330393885,,,0.8505086245024326,0.8505086245024326,0.8542680229986731,0.8184291476911966,0.8184291476911966,0.8523286315486308,0.0,0,"RF
    accuracy       : 0.849420
    f1             : 0.847322
    precision      : 0.845963
    recall         : 0.849420","LR
    accuracy       : 0.822222
    f1             : 0.809256
    precision      : 0.810640
    recall         : 0.822222","SVM
    accuracy       : 0.849088
    f1             : 0.841905
    precision      : 0.842037
    recall         : 0.849088","KNN
    accuracy       : 0.819016
    f1             : 0.818030
    precision      : 0.817155
    recall         : 0.819016","DT
    accuracy       : 0.768601
    f1             : 0.775452
    precision      : 0.786262
    recall         : 0.768601","GB
    accuracy       : 0.866335
    f1             : 0.860789
    precision      : 0.861221
    recall         : 0.866335"
Demandclean_v8,beers,491.82,0.0,0.0,0.07874378304479088,-0.31130690161527164,,,0.3796680497925311,0.27835051546391754,0.38589211618257263,0.2605809128630705,0.3048969072164948,0.25809128630705397,-17.800257731959228,0,"RF
    accuracy       : 0.360825
    f1             : 0.308117
    precision      : 0.282408
    recall         : 0.360825","LR
    accuracy       : 0.268041
    f1             : 0.173411
    precision      : 0.141246
    recall         : 0.268041","SVM
    accuracy       : 0.268041
    f1             : 0.143745
    precision      : 0.103026
    recall         : 0.268041","KNN
    accuracy       : 0.237113
    f1             : 0.177131
    precision      : 0.148394
    recall         : 0.237113","DT
    accuracy       : 0.298969
    f1             : 0.270850
    precision      : 0.279676
    recall         : 0.298969","GB
    accuracy       : 0.309278
    f1             : 0.282147
    precision      : 0.286351
    recall         : 0.309278"
Demandclean_v8,bike,2848.52,0.0,-0.02834319526627219,70.58577232370533,-0.29347531811208377,,,0.929398,0.663230,0.961849,1825.2803032229554,1825.2803032229554,25.4989040055832,-0.0,0,"RF
    mse            : 1367.074771
    r2             : 0.956828","LR
    mse            : 10663.949812
    r2             : 0.663230","RIDGE
    mse            : 10665.716568
    r2             : 0.663175","LASSO
    mse            : 10653.582294
    r2             : 0.663558","KNN
    mse            : 5885.947089
    r2             : 0.814121","GB
    mse            : 1752.622787
    r2             : 0.944652"
Demandclean_v8,breast_cancer,20.60,0.0,-0.5714285714285714,0.3486201534044543,-2.0286259541984735,,,0.964286,0.942857,0.985714,0.9170811921891058,0.9356526207605345,0.9556731757451182,0.48122503328894944,0,"RF
    accuracy       : 0.964286
    f1             : 0.964179
    precision      : 0.964184
    recall         : 0.964286","LR
    accuracy       : 0.942857
    f1             : 0.942117
    precision      : 0.943195
    recall         : 0.942857","SVM
    accuracy       : 0.935714
    f1             : 0.935897
    precision      : 0.936187
    recall         : 0.935714","KNN
    accuracy       : 0.942857
    f1             : 0.943174
    precision      : 0.943916
    recall         : 0.942857","DT
    accuracy       : 0.921429
    f1             : 0.920685
    precision      : 0.920918
    recall         : 0.921429","GB
    accuracy       : 0.935714
    f1             : 0.935521
    precision      : 0.935437
    recall         : 0.935714"
Demandclean_v8,har,27899.13,0.23091355169191902,-0.687422710409544,0.21839858672106144,-0.7672375655691083,,,0.523812589595373,0.6842515236394585,0.6875855528743158,0.523812589595373,0.6842515236394585,0.6875855528743158,0.9796423709499678,6318,"KMeans
    silhouette      : 0.684252","Agglomerative
    (no data)","Spectral
    (no data)",,,
Demandclean_v8,mercedes,14368.39,0.0020310049153692182,0.0,0.47950116582928415,-0.4709990458208986,,,0.3599827689119728,0.3659757198991417,0.3936883946813713,71.728610989802,65.88835624553464,71.00816887300775,8.106487125231881,3207,"RF
    mse            : 119.838946
    r2             : 0.365976","LR
    mse            : 124.538790
    r2             : 0.341111","RIDGE
    mse            : 124.493294
    r2             : 0.341351","LASSO
    mse            : 146.091701
    r2             : 0.227082","KNN
    mse            : 161.570826
    r2             : 0.145188","GB
    mse            : 105.953456
    r2             : 0.439439"
Demandclean_v8,nasa,29.91,0.0,-7.316666666666666,0.2857982203375222,-25.9,,,-0.001071,0.199359,0.531992,28.88795953614174,25.48140167595384,17.223797781209107,0.2920533795535978,0,"RF
    mse            : 19.930019
    r2             : 0.580723","LR
    mse            : 38.057841
    r2             : 0.199359","RIDGE
    mse            : 47.379541
    r2             : 0.003254","LASSO
    mse            : 47.595956
    r2             : -0.001299","KNN
    mse            : 39.154607
    r2             : 0.176286","GB
    mse            : 20.910659
    r2             : 0.560093"
Demandclean_v8,smartfactory,887.51,0.07366280885523174,-1.6635060129509713,0.16569495535825723,-3.6970397779833486,,,0.9617255233664622,0.9651089025163883,0.9663776696976105,0.9383236418583287,0.9545359903599445,0.9534784607806388,1.0697817364052356,0,"RF
    accuracy       : 0.965109
    f1             : 0.964767
    precision      : 0.964897
    recall         : 0.965109","LR
    accuracy       : 0.762318
    f1             : 0.665900
    precision      : 0.774198
    recall         : 0.762318","SVM
    accuracy       : 0.765912
    f1             : 0.672215
    precision      : 0.815024
    recall         : 0.765912","KNN
    accuracy       : 0.814971
    f1             : 0.808657
    precision      : 0.805892
    recall         : 0.814971","DT
    accuracy       : 0.955805
    f1             : 0.955966
    precision      : 0.956197
    recall         : 0.955805","GB
    accuracy       : 0.801438
    f1             : 0.752380
    precision      : 0.812690
    recall         : 0.801438"
Demandclean_v8,soilmoisture,204.89,0.0,0.0,0.3787513022164406,-0.0016543649783659965,,,0.854402,0.857905,0.941308,2.7058391546880474,2.6759987574161412,0.5130331404968388,0.013608316047469622,0,"RF
    mse            : 1.608350
    r2             : 0.891749","LR
    mse            : 5.907418
    r2             : 0.602398","RIDGE
    mse            : 5.914608
    r2             : 0.601914","LASSO
    mse            : 11.466902
    r2             : 0.228214","KNN
    mse            : 6.144552
    r2             : 0.586438","GB
    mse            : 2.111190
    r2             : 0.857905"
Demandclean_ngt,adult,15739.45,0.005908910232026758,-25.84179104477612,0.24483098533759529,-165.72935323383084,,,0.8518518518518519,0.8473189607517966,0.8564953012714207,0.8143957962029418,0.8603572343774367,0.8499982307137097,1.29096335141334,0,"RF
    accuracy       : 0.847319
    f1             : 0.847615
    precision      : 0.847930
    recall         : 0.847319","LR
    accuracy       : 0.814815
    f1             : 0.810621
    precision      : 0.808301
    recall         : 0.814815","SVM
    accuracy       : 0.844334
    f1             : 0.840516
    precision      : 0.839044
    recall         : 0.844334","KNN
    accuracy       : 0.818574
    f1             : 0.819807
    precision      : 0.821251
    recall         : 0.818574","DT
    accuracy       : 0.801658
    f1             : 0.806820
    precision      : 0.815586
    recall         : 0.801658","GB
    accuracy       : 0.859923
    f1             : 0.858321
    precision      : 0.857291
    recall         : 0.859923"
Demandclean_ngt,beers,165.55,0.2979089085909191,0.0,0.2052006757991215,-2.392118226600985,,,0.31524008350730687,0.34029227557411273,0.35490605427974947,0.267711937716263,0.32457708573625527,0.3368055555555555,0.8230159282186826,0,"RF
    accuracy       : 0.340292
    f1             : 0.271493
    precision      : 0.277898
    recall         : 0.340292","LR
    accuracy       : 0.225470
    f1             : 0.124973
    precision      : 0.126926
    recall         : 0.225470","SVM
    accuracy       : 0.185804
    f1             : 0.058227
    precision      : 0.034523
    recall         : 0.185804","KNN
    accuracy       : 0.173278
    f1             : 0.141502
    precision      : 0.136222
    recall         : 0.173278","DT
    accuracy       : 0.244259
    f1             : 0.236271
    precision      : 0.254850
    recall         : 0.244259","GB
    accuracy       : 0.302714
    f1             : 0.252153
    precision      : 0.242680
    recall         : 0.302714"
Demandclean_ngt,bike,4858.39,0.0908509276647399,-0.03970917225950783,0.3140580775184334,-0.07196315486470926,,,0.929398,0.949491,0.961849,1407.3185645978879,2317.557967157298,12.546433417093743,-0.6526079652801886,0,"RF
    mse            : 163.441613
    r2             : 0.994799","LR
    mse            : 1587.241156
    r2             : 0.949491","RIDGE
    mse            : 1592.632339
    r2             : 0.949320","LASSO
    mse            : 1587.707824
    r2             : 0.949477","KNN
    mse            : 2988.486180
    r2             : 0.904902","GB
    mse            : 294.615919
    r2             : 0.990625"
Demandclean_ngt,breast_cancer,43.82,0.21035598700504185,0.11570247933884298,0.10039668761973428,0.0031645569620253164,,,0.964286,0.985714,0.985714,0.9450659781985082,0.9660299735527476,0.9569994262765347,1.7567424953095676,0,"RF
    accuracy       : 0.978571
    f1             : 0.978312
    precision      : 0.979196
    recall         : 0.978571","LR
    accuracy       : 0.985714
    f1             : 0.985602
    precision      : 0.985994
    recall         : 0.985714","SVM
    accuracy       : 0.971429
    f1             : 0.971429
    precision      : 0.971429
    recall         : 0.971429","KNN
    accuracy       : 0.992857
    f1             : 0.992830
    precision      : 0.992928
    recall         : 0.992857","DT
    accuracy       : 0.950000
    f1             : 0.950183
    precision      : 0.950480
    recall         : 0.950000","GB
    accuracy       : 0.978571
    f1             : 0.978650
    precision      : 0.978848
    recall         : 0.978571"
Demandclean_ngt,har,78818.78,0.019839106977127777,-0.881791756726541,0.26807402213239157,-1.1740486190658013,,,0.523812589595373,0.7412662382844024,0.6875855528743158,0.523812589595373,0.7412662382844024,0.6875855528743158,1.3277750144793812,0,"KMeans
    silhouette      : 0.741266","Agglomerative
    (no data)","Spectral
    (no data)",,,
Demandclean_ngt,mercedes,7525.16,0.2057291993988202,0.0,0.47849798792075754,-0.2890003967262736,,,0.3599827689119728,0.39173521984259285,0.3936883946813713,71.728610989802,69.80802879411745,71.00816887300775,2.66583831082859,0,"RF
    mse            : 114.970061
    r2             : 0.391735","LR
    mse            : 122.053115
    r2             : 0.354261","RIDGE
    mse            : 122.086971
    r2             : 0.354082","LASSO
    mse            : 161.462426
    r2             : 0.145761","KNN
    mse            : 147.608600
    r2             : 0.219057","GB
    mse            : 108.020654
    r2             : 0.428502"
Demandclean_ngt,nasa,72.57,0.005312084977732549,-2.284974093264249,0.3042958608947429,-9.699481865284975,,,-0.001071,0.001334,0.531992,28.88795953614174,23.245592575381558,17.223797781209107,0.48373531500230554,0,"RF
    mse            : 20.164841
    r2             : 0.575783","LR
    mse            : 47.470813
    r2             : 0.001334","RIDGE
    mse            : 47.531968
    r2             : 0.000047","LASSO
    mse            : 47.587359
    r2             : -0.001118","KNN
    mse            : 38.829584
    r2             : 0.183124","GB
    mse            : 21.699767
    r2             : 0.543492"
Demandclean_ngt,smartfactory,1890.26,0.012261580375684977,-18.906091370558375,0.07027653305769738,-31.32741116751269,,,0.9617255233664622,0.9471347007824065,0.9663776696976105,0.9383236418583287,0.9254997562164797,0.9534784607806388,-0.8461919411633742,0,"RF
    accuracy       : 0.947135
    f1             : 0.946125
    precision      : 0.946769
    recall         : 0.947135","LR
    accuracy       : 0.761472
    f1             : 0.664341
    precision      : 0.762703
    recall         : 0.761472","SVM
    accuracy       : 0.764855
    f1             : 0.669831
    precision      : 0.813495
    recall         : 0.764855","KNN
    accuracy       : 0.801015
    f1             : 0.793191
    precision      : 0.789761
    recall         : 0.801015","DT
    accuracy       : 0.934236
    f1             : 0.934514
    precision      : 0.934881
    recall         : 0.934236","GB
    accuracy       : 0.799323
    f1             : 0.747055
    precision      : 0.814593
    recall         : 0.799323"
Demandclean_ngt,soilmoisture,380.49,0.22460163556319204,0.007371007371007371,0.2578824188694725,-0.15468312547722066,,,0.854402,0.93704,0.941308,2.7058391546880474,1.5672099338590777,0.5130331404968388,0.5192567028091356,0,"RF
    mse            : 1.031982
    r2             : 0.930542","LR
    mse            : 3.076700
    r2             : 0.792921","RIDGE
    mse            : 3.100083
    r2             : 0.791347","LASSO
    mse            : 12.115763
    r2             : 0.184542","KNN
    mse            : 2.939461
    r2             : 0.802158","GB
    mse            : 0.935436
    r2             : 0.937040"
