activeclean_P,activeclean_R,activeclean_F1,activeclean_type,boostclean_P,boostclean_R,boostclean_F1,boostclean_type,ctxpipe_P,ctxpipe_R,ctxpipe_F1,ctxpipe_type,deleteall_P,deleteall_R,deleteall_F1,deleteall_type,donothing_P,donothing_R,donothing_F1,donothing_type,holoclean_P,holoclean_R,holoclean_F1,holoclean_type,horizon_P,horizon_R,horizon_F1,horizon_type,lopster_P,lopster_R,lopster_F1,lopster_type,mlimputer_P,mlimputer_R,mlimputer_F1,mlimputer_type,raha_baran_P,raha_baran_R,raha_baran_F1,raha_baran_type,repairall_P,repairall_R,repairall_F1,repairall_type,simpleimputer_P,simpleimputer_R,simpleimputer_F1,simpleimputer_type,uniclean_P,uniclean_R,uniclean_F1,uniclean_type,dataset,DemandClean_P,DemandClean_R,DemandClean_F1,DemandClean_type
1.0,0.0147,0.029,inferred,0.0,0.0,0.0,detector,0.0,0.0,0.0,inferred,0.0,0.0,0.0,inferred,0.0,0.0,0.0,inferred,0.0,0.0,0.0,detector,0.0,0.0,0.0,inferred,0.0,0.0,0.0,detector,0.0,0.0,0.0,inferred,0.0,0.0,0.0,detector,1.0,1.0,1.0,inferred,0.0,0.0,0.0,inferred,0.0,0.0,0.0,inferred,adult,0.4919,1.0,0.6594,detector
1.0,0.207,0.343,inferred,0.0,0.0,0.0,detector,0.1059,0.0378,0.0557,inferred,0.1252,0.8803,0.2192,inferred,0.0,0.0,0.0,inferred,0.0409,0.1632,0.0654,detector,0.5788,0.0634,0.1143,inferred,0.1924,0.992,0.3223,detector,0.1058,0.0378,0.0557,inferred,1.0,0.7192,0.8367,detector,1.0,1.0,1.0,inferred,0.1058,0.0378,0.0557,inferred,0.9967,0.992,0.9943,inferred,beers,0.9859437751004017,0.9981929071606054,0.9920305309237848,detector
1.0,0.0305,0.0592,inferred,0.0,0.0,0.0,detector,0.0,0.0,0.0,inferred,0.0,0.0,0.0,inferred,0.0,0.0,0.0,inferred,0.9359,0.0158,0.031,detector,0.4245,0.2085,0.2796,inferred,0.2656,0.9448,0.4146,detector,0.0,0.0,0.0,inferred,0.6601,0.4151,0.5097,detector,1.0,1.0,1.0,inferred,0.0,0.0,0.0,inferred,0.6064,0.2102,0.3121,inferred,bike,0.9686373998088096,0.9935135950522308,0.9809178069440566,detector
1.0,0.7214,0.8381,inferred,0.0,0.0,0.0,detector,1.0,0.3626,0.5322,inferred,0.0994,0.8942,0.179,inferred,0.0,0.0,0.0,inferred,1.0,0.4008,0.5722,detector,0.0714,0.0038,0.0072,inferred,0.1274,0.9561,0.2249,detector,0.9417,0.4008,0.5622,inferred,0.3066,0.4008,0.3474,detector,1.0,1.0,1.0,inferred,0.9417,0.4008,0.5622,inferred,1.0,0.0115,0.0226,inferred,breast_cancer,0.8,0.7662835249042146,0.7827788649706459,detector
1.0,0.0068,0.0136,inferred,0.0,0.0,0.0,detector,0.9042,0.1605,0.2726,inferred,0.1801,0.9998,0.3053,inferred,0.0,0.0,0.0,inferred,0.927,0.2159,0.3503,detector,0.1773,0.3152,0.227,inferred,0.498,0.9474,0.6528,detector,0.927,0.2159,0.3503,inferred,1.0,0.0003,0.0005,detector,1.0,1.0,1.0,inferred,0.927,0.2159,0.3503,inferred,1.0,0.0001,0.0001,inferred,har,0.9008405459387484,0.9714606237379404,0.9348187490554224,detector
1.0,0.1187,0.2122,inferred,0.0,0.0,0.0,detector,1.0,0.0056,0.0111,inferred,0.4355,0.999,0.6065,inferred,0.0,0.0,0.0,inferred,1.0,0.0056,0.0111,detector,0.0,0.0,0.0,inferred,0.8772,1.0,0.9346,detector,1.0,0.0056,0.0111,inferred,0.9628,0.9033,0.9321,detector,1.0,1.0,1.0,inferred,1.0,0.0056,0.0111,inferred,0,0,0,inferred,mercedes,0.9999778498886956,1.0,0.9999889248216896,detector
1.0,0.3352,0.502,inferred,0.0,0.0,0.0,detector,1.0,0.041,0.0788,inferred,0.1139,0.9792,0.2041,inferred,0.0,0.0,0.0,inferred,1.0,0.041,0.0788,detector,0.649,0.6047,0.6261,inferred,0.0948,0.9863,0.1729,detector,1.0,0.041,0.0788,inferred,0.1545,0.2134,0.1792,detector,1.0,1.0,1.0,inferred,1.0,0.041,0.0788,inferred,0.8333,0.7729,0.802,inferred,nasa,0.946058091286307,1.0,0.9722814498933902,detector
1.0,0.0226,0.0441,inferred,0.0,0.0,0.0,detector,0.0,0.0,0.0,inferred,0.0209,1.0,0.0409,inferred,0.0,0.0,0.0,inferred,1.0,0.9997,0.9999,detector,0.0184,0.2925,0.0346,inferred,0.0273,1.0,0.0532,detector,1.0,1.0,1.0,inferred,1.0,0.3361,0.5031,detector,1.0,1.0,1.0,inferred,1.0,1.0,1.0,inferred,0.1502,0.281,0.1957,inferred,smartfactory,0.9995376791493296,1.0,0.9997687861271676,detector
1.0,0.7382,0.8494,inferred,0.0,0.0,0.0,detector,0.0,0.0,0.0,inferred,0.299,0.9975,0.4601,inferred,0.0,0.0,0.0,inferred,1.0,0.0017,0.0034,detector,0.0,0.0,0.0,inferred,0.2993,0.9922,0.4599,detector,1.0,0.0077,0.0153,inferred,0.928,0.0312,0.0604,detector,1.0,1.0,1.0,inferred,1.0,0.0077,0.0153,inferred,0.0,0.0,0.0,inferred,soilmoisture,0.6375752976331641,0.8553066938152202,0.7305633305252859,detector
