dataset,version,task_type,action_no_action,action_repair,action_delete,action_replace,error_missing,error_semantic,error_syntactic,error_label_noise,count_no_action,count_repair,count_delete,count_replace
adult,v3,classification,0.0,0.0,0.0,0.0,0,0,0,0.0,0,0,0,1701
adult,v5,classification,-0.000416666666666667,-0.6834166666666667,-0.000916666666666649,0.004749999999999967,0,0,0,-0.68,2830,857,0,107
adult,v6,classification,-0.0010833333333333344,-0.8200833333333333,-0.0012500000000000011,0.047416666666666656,0,0,0,-0.775,0,0,0,0
adult,v7,classification,0.0,-0.81,0.0,0.0,0,0,0,-0.81,4329,1634,0,0
adult,v8,classification,0.0,0.0,0.0,0.0,0,0,0,0.0,0,0,0,0
beers,v3,classification,0.07040229885057471,-0.08189655172413791,0.07040229885057471,-0.0589080459770115,0.25287356321839083,-0.0660919540229885,0,0.07183908045977012,386,0,1156,0
beers,v5,classification,0.0,0.0,0.0,0.0,0.0,0.0,0.0,0,0,5,129,2511
beers,v6,classification,0.016180422551786252,0.030828762039940682,0.3572035396000662,0.025611837211715564,0.021881789214048805,-0.01034548155906912,-0.02616333881366141,0.3712446782175052,0,0,0,0
beers,v7,classification,0.01215277777777777,0.029513888888888885,0.2638888888888889,-0.0034722222222222307,0.08457111368420407,0.1064225999391396,0.020580306032329587,0.1425926470109934,639,0,1928,0
beers,v8,classification,-0.014352589001266902,-0.03060747903513934,0.38017549291276387,-0.074798758209691,0.14117597029622406,-0.02350789842556601,-0.01171627634602257,0.16488153780869788,0,0,0,0
bike,v3,regression,8.216330755867624,258.11260012904086,-52.31200279400466,22.23982238996248,0,91.87116726318565,147.77177124660926,0,0,37174,3383,0
bike,v5,regression,-155.52478641903542,515.3188428828656,219.17584231535122,181.84903962538257,0,157.4598527083395,721.5807881991838,0,1156,2089,376,23205
bike,v6,regression,-161.12126603831936,37.35168530634858,-1901.8238500774708,73.40376429664515,0,1254.428342561992,-1551.2961902353713,0,0,0,0,0
bike,v7,regression,198.8757634931425,443.0025525918881,318.36088105130125,265.03433329324434,0,301.63642593760835,998.1273423298055,0,3759,449,804,22111
bike,v8,regression,-33.58400293040296,-15.014947252747314,49.78834375624374,670.9523956376955,0,91.5560096903099,601.8350606393607,0,0,0,0,0
breast_cancer,v3,classification,0.0010040160642570313,0.011044176706827344,0.0010040160642570313,-0.0010040160642570313,0.0,1.850371707708594e-17,0.0,0.012048192771084357,224,104,0,0
breast_cancer,v5,classification,-0.08117221417405467,-0.7352983464309384,-0.26050063898440706,0.08901939236048458,-0.41205541779733257,-0.213043828434189,0.05343902436500838,-0.41629158536240257,16,41,62,213
breast_cancer,v6,classification,-0.0023980815347721673,0.0,-0.0023980815347721673,0.004796163069544335,-0.007146456747645376,0.010839154763146008,0.0010556771973725214,-0.004748375212873153,0,0,0,0
breast_cancer,v7,classification,-0.0017985611510791348,0.004196642685851321,-0.0029976019184652183,0.0005995203836930326,0.009592326139088744,0.0023980815347721673,-0.002398081534772223,-0.002398081534772186,0,0,0,510
breast_cancer,v8,classification,0.0,0.0,0.0,0.0,0.0,0.0,0.0,0.0,0,0,0,0
har,v3,clustering,0.004323260304595002,0.005520341244811368,0.2279689587527861,-0.0022793125291668084,0.032194009480323076,0.08076203031752632,0.10204438147022443,0.0026194405113354005,0,5077,23201,6544
har,v5,clustering,-0.005408487845613523,0.01801710205039227,0.30086479724354537,0.0026355902970146747,0.026460154563944044,0.02026907336678488,0.26610689066187954,-0.004864286245905282,0,0,0,0
har,v6,clustering,-0.005408487845613523,0.01801710205039227,0.30086479724354537,0.0026355902970146747,0.026460154563944044,0.02026907336678488,0.26610689066187954,-0.004864286245905282,0,0,0,0
har,v7,clustering,0.021139724069621123,-0.05711667203207204,0.019366195131493985,0.057344526334505264,-0.016785987334597224,0,0.20221582469373497,0.08304375676866206,0,0,0,25556
har,v8,clustering,-0.0030119674335260618,0.03136982810581038,-0.041748017008224385,0.015148251578432886,0.008248575137516534,0,0.21492344586039502,0.0015640264244994873,0,0,0,0
mercedes,v3,regression,1.2896350654045818e-12,35.41815808390188,1.2896350654045818e-12,1.2896350654045818e-12,-0.023708924813324945,3.9830503788355807,31.458816629883483,0,0,301127,0,0
mercedes,v5,regression,10.306568357652893,2.437963028453435,5.773168332432685,-3.6258304441332343,1.1135839471688769,0,-4.227218931069245,0,21378,17,2020,37571
mercedes,v6,regression,-27.043973948358598,-9.660585517745849,-59.17358823812418,1.1975436009585725,1.5853230513596728,0,-38.932207587345836,0,0,0,0,0
mercedes,v7,regression,22.642162509890273,-6.750458124345805,-78.68976411115166,6.396122687796119,38.09831784365141,0,-71.85282078658958,0,54572,94,1407,60
mercedes,v8,regression,-0.455617643715275,-7.246698624706585,9.475194460000067,0.9339911514617221,14.277692572686526,0,5.3379785598704,0,0,0,0,0
nasa,v3,regression,0.19669438217890445,1.9464037705195925,0.45077137219828484,0.04319094447206595,0.06395545133782814,-0.6586594554070379,2.8744291919451848,0,0,69,49,1107
nasa,v5,regression,0.4303201943379141,-2.328310687201358,-0.5806303517609314,0.3801975140549576,-2.0103156366898176,-0.08087383013097771,0.6557016749055311,0,0,506,0,14
nasa,v6,regression,-0.47324752427330036,0.8027407519711934,7.792618287106255,0.0695175184581552,2.5268958535257724,0.299754156095716,3.716508714572271,0,0,0,0,0
nasa,v7,regression,0.7708027150130482,1.0091188646756712,-3.2013760132770686,-1.4269364328482468,-2.3226604762659924,1.5146893359747675,-6.186043118073546,0,8,2,267,177
nasa,v8,regression,-2.497045364911312,-1.0056338960698905,-1.524153946072796,-1.2410209393415446,-4.145089469416848,-0.9169911400304139,-0.05868327996963766,0,0,0,0,0
smartfactory,v3,classification,0.0,0.0,0.0,0.0,0.0,0,0,0,0,0,0,7093
smartfactory,v5,classification,-0.0010528554819079217,0.00032630072676415045,-0.002329317685981528,0.02544898287678891,0.03031557980652344,0,-0.0032180188309136604,0,0,0,37,4558
smartfactory,v6,classification,0.0016245446265937824,-0.001646087291579094,0.017150535939470374,-0.005513608659100481,0.011066571212270893,0,-0.005605032750732375,0,0,0,0,0
smartfactory,v7,classification,-0.01173917128471417,-0.006914921281825988,0.00019853835954095991,0.0003954114954804096,-0.0038176608099719234,0,-0.005068169974941417,0,4189,53,66,0
smartfactory,v8,classification,-0.0010000000000000009,0.001666666666666668,-0.00033333333333333365,0.024666666666666687,0.019500000000000017,0,0.0015000000000000013,0,0,0,0,0
soilmoisture,v3,regression,10.819330059001985,-3.7139936829673794,-29.220670373124694,5.907804994239945,-0.003667673300489819,-2.756827535962199,-15.554890373663751,0,5133,0,543,0
soilmoisture,v5,regression,-0.005974864351849203,0.056708898405346424,0.019770337932101256,0.8203505313477363,0.08093301901234695,0.1357505932098757,0.8696205583950641,0,0,4267,0,10838
soilmoisture,v6,regression,-3.343386599330968,-15.310508170711465,-35.004112887606745,3.6488556226463484,6.522608166377417,6.785265893300314,-23.707551132181806,0,0,0,0,0
soilmoisture,v7,regression,-1.2469912348076033,-1.4341309294009266,-8.034834655007662,8.077485501557694,3.2435982672026875,-0.5744769203026285,-0.6913075150621886,0,0,0,186,5053
soilmoisture,v8,regression,0.23811796261670848,0.358059861763431,0.25476577839633235,0.4691072276268673,-0.3817377890864577,0,0.43199898379625523,0,0,0,0,0
