abv,ibu,is_ipa,has_error,error_type,true_ibu
0.0800295787811779,0.6662920554718953,0,0,,0.6662920554718953
2.8800159556665608,0.2808587806291694,0,1,semantic,1.8996785349686183
1.4063389152005699,-0.6441810789933728,0,1,semantic,0.08814214320780642
-1.1725959056149144,-0.02748783924501136,0,0,,-0.02748783924501136
-0.8041766454984164,-0.9525276988675536,0,1,semantic,-0.9910710263518262
-0.8041766454984164,-0.9910710263518262,0,0,,-0.9910710263518262
-0.8041766454984164,21.510756870472846,0,1,syntactic,-0.9910710263518262
0.7431842469908744,1.0517253303146212,1,0,,1.0517253303146212
0.7431842469908744,1.0517253303146212,1,0,,1.0517253303146212
0.7431842469908744,39.95087250363244,1,1,syntactic,1.0517253303146212
1.8484420273403674,0.3579454355977146,0,0,,0.3579454355977146
2.732648251619962,20.414125003201814,1,1,syntactic,1.9767651899371634
-1.1725959056149144,0.0,0,1,syntactic,-0.02748783924501136
1.4063389152005699,0.08814214320780642,0,0,,0.08814214320780642
0.5958165429442751,21.26122019136558,0,1,syntactic,0.8590086928932583
1.7010743232937682,-0.2972911316349195,0,0,,-0.2972911316349195
0.7431842469908744,0.0,1,1,syntactic,0.8590086928932583
-0.8041766454984164,-0.9910710263518262,0,0,,-0.9910710263518262
0.7431842469908744,1.5142452601258924,1,0,,1.5142452601258924
-1.8357505738246098,-1.2223309912574618,0,0,,-1.2223309912574618
-1.0989120535916148,-1.1452443362889166,0,1,semantic,-0.9525276988675536
-0.7304927934751168,-0.8754410438990085,0,1,semantic,-0.5670944240248277
-0.7304927934751168,0.08814214320780642,1,0,,0.08814214320780642
0.6695003949675747,0.8590086928932583,1,0,,0.8590086928932583
2.2168612874568647,0.2808587806291694,0,0,,0.2808587806291694
-1.0252282015683152,-1.0681576813203715,0,0,,-1.0681576813203715
-0.583125089428518,-0.9525276988675536,0,0,,-0.9525276988675536
-0.06733812526542132,2.130938499874254,1,1,semantic,1.2444419677359841
-0.4357573853819188,-0.9910710263518262,0,1,semantic,-0.49000776905628246
-0.4357573853819188,-0.49000776905628246,0,0,,-0.49000776905628246
1.7747581753170678,1.5142452601258924,1,0,,1.5142452601258924
-0.36207353335861925,-0.6441810789933728,0,0,,-0.6441810789933728
-0.36207353335861925,-0.6441810789933728,0,0,,-0.6441810789933728
0.3747649868743763,0.0,1,1,syntactic,0.3579454355977146
-1.319963609661513,-1.1452443362889166,0,0,,-1.1452443362889166
-1.0989120535916148,0.0,0,1,syntactic,-0.9910710263518262
1.6273904712704688,20.30608551175834,1,1,syntactic,0.9746386753460761
-0.7304927934751168,-0.8754410438990085,0,0,,-0.8754410438990085
1.4800227672238695,0.9746386753460761,1,0,,0.9746386753460761
4.7957961082723495,1.4371586051573473,0,0,,1.4371586051573473
1.2589712111539706,-0.6827244064776454,0,0,,-0.6827244064776454
-1.319963609661513,-0.2972911316349195,0,1,semantic,-0.02748783924501136
-0.7304927934751168,-0.6827244064776454,0,0,,-0.6827244064776454
0.44844883889767595,-0.913984371383281,0,1,semantic,-0.8368977164147359
-1.4673313137081123,-0.9525276988675536,0,1,semantic,-1.1452443362889166
-0.36207353335861925,-1.2223309912574618,0,1,semantic,-0.9910710263518262
1.185287359130671,0.9746386753460761,1,0,,0.9746386753460761
-0.6568089414518177,-0.8368977164147359,0,1,semantic,-0.18166114918210174
0.006345726757878289,0.0,1,1,syntactic,0.8590086928932583
-0.7304927934751168,-0.8754410438990085,0,0,,-0.8754410438990085
-0.5094412374052185,-0.2972911316349195,0,0,,-0.2972911316349195
-0.7304927934751168,-0.2972911316349195,0,0,,-0.2972911316349195
-0.583125089428518,-0.3743777866034647,0,0,,-0.3743777866034647
-1.4673313137081123,-0.8754410438990085,0,0,,-0.8754410438990085
-0.5094412374052185,-0.2587478041506469,0,0,,-0.2587478041506469
1.6273904712704688,2.3236551372956167,1,0,,2.3236551372956167
-0.5094412374052185,-0.10457449421355655,0,0,,-0.10457449421355655
-0.5094412374052185,-0.9525276988675536,0,0,,-0.9525276988675536
0.1537134308044775,0.0,1,1,syntactic,0.011055488239261235
-0.21470582931202004,-1.1452443362889166,0,0,,-1.1452443362889166
-0.2883896813353196,-1.4921342836473699,0,0,,-1.4921342836473699
0.7431842469908744,1.4371586051573473,1,0,,1.4371586051573473
-0.14102197728872043,-1.0681576813203715,0,0,,-1.0681576813203715
-0.21470582931202004,-1.106701008804644,0,1,semantic,-1.1452443362889166
-0.36207353335861925,-0.6827244064776454,0,0,,-0.6827244064776454
-0.14102197728872043,-1.0681576813203715,0,0,,-1.0681576813203715
-0.2883896813353196,-1.4921342836473699,0,0,,-1.4921342836473699
-0.21470582931202004,-1.1452443362889166,0,0,,-1.1452443362889166
0.6695003949675747,-1.4150476286788247,0,0,,-1.4150476286788247
0.7431842469908744,0.4735754180505324,1,1,semantic,1.4371586051573473
-0.14102197728872043,-1.0681576813203715,0,0,,-1.0681576813203715
-0.2883896813353196,-1.4921342836473699,0,0,,-1.4921342836473699
-0.36207353335861925,-0.5670944240248277,0,0,,-0.5670944240248277
0.816868099014173,1.2444419677359841,1,0,,1.2444419677359841
-0.9515443495450157,0.0,0,1,syntactic,-0.913984371383281
0.006345726757878289,-0.7598110614461906,0,0,,-0.7598110614461906
0.006345726757878289,0.4735754180505324,0,0,,0.4735754180505324
0.1537134308044775,-0.9910710263518262,0,0,,-0.9910710263518262
2.3642289915034636,0.2808587806291694,0,0,,0.2808587806291694
-0.6568089414518177,-0.8754410438990085,0,0,,-0.8754410438990085
-0.583125089428518,-1.2608743187417344,0,0,,-1.2608743187417344
0.7431842469908744,0.08814214320780642,1,0,,0.08814214320780642
-2.0568021298945087,40.18706927635188,0,1,syntactic,-0.6056377515091003
-0.5094412374052185,-0.6441810789933728,0,0,,-0.6441810789933728
0.006345726757878289,1.0131820028303486,1,0,,1.0131820028303486
-0.2883896813353196,-1.029614353836099,0,1,semantic,-0.6056377515091003
0.7431842469908744,0.0,1,1,syntactic,0.9360953478618035
-0.21470582931202004,-0.10457449421355655,0,0,,-0.10457449421355655
1.6273904712704688,0.2808587806291694,1,1,semantic,3.6726715992451577
0.1537134308044775,37.54037819253694,0,1,syntactic,-0.2972911316349195
0.006345726757878289,-0.7983543889304632,0,1,semantic,-0.2972911316349195
1.1116035071073713,19.412153887987678,1,1,syntactic,2.786175067106888
-0.36207353335861925,-1.1837876637731892,0,0,,-1.1837876637731892
-1.0989120535916148,-1.106701008804644,0,1,semantic,-1.3379609737102796
-0.7304927934751168,15.810500907055864,1,1,syntactic,0.7433787104404405
-0.7304927934751168,-1.1837876637731892,0,0,,-1.1837876637731892
-0.9515443495450157,-0.02748783924501136,0,0,,-0.02748783924501136
-0.2883896813353196,-1.2608743187417344,0,0,,-1.2608743187417344
0.2273972828277771,1.0131820028303486,1,0,,1.0131820028303486
-0.36207353335861925,-0.9910710263518262,0,0,,-0.9910710263518262
0.1537134308044775,0.0,0,1,syntactic,-0.9910710263518262
0.8905519510374725,0.0,0,1,syntactic,-0.7983543889304632
-0.877860497521716,-0.7598110614461906,0,0,,-0.7598110614461906
2.3642289915034636,8.758653031128429,0,1,syntactic,-1.4535909561630973
0.0800295787811779,-0.06603116672928395,0,0,,-0.06603116672928395
0.006345726757878289,0.011055488239261235,0,0,,0.011055488239261235
0.5958165429442751,1.2444419677359841,1,1,semantic,1.0517253303146212
-1.1725959056149144,-0.18166114918210174,0,0,,-0.18166114918210174
-1.6146990177547116,-0.10457449421355655,1,0,,-0.10457449421355655
-0.583125089428518,-0.7598110614461906,0,0,,-0.7598110614461906
0.7431842469908744,1.4371586051573473,1,1,semantic,1.2444419677359841
0.7431842469908744,1.0517253303146212,1,0,,1.0517253303146212
-1.0989120535916148,17.43024760876864,0,1,syntactic,-0.8754410438990085
-1.8357505738246098,0.08814214320780642,0,0,,0.08814214320780642
0.7431842469908744,0.0,1,1,syntactic,0.12668547069207903
0.006345726757878289,0.6662920554718953,1,0,,0.6662920554718953
-0.8041766454984164,-0.9525276988675536,0,1,semantic,-0.7983543889304632
0.5221326909209756,0.6662920554718953,1,0,,0.6662920554718953
0.5958165429442751,0.7433787104404405,0,0,,0.7433787104404405
-0.7304927934751168,-0.8754410438990085,0,0,,-0.8754410438990085
-0.6568089414518177,0.08814214320780642,0,0,,0.08814214320780642
-0.4357573853819188,0.4735754180505324,0,0,,0.4735754180505324
0.5221326909209756,1.0517253303146212,1,0,,1.0517253303146212
-0.7304927934751168,-0.5670944240248277,0,0,,-0.5670944240248277
-0.4357573853819188,0.2037721256606242,0,0,,0.2037721256606242
0.7431842469908744,-0.02748783924501136,0,0,,-0.02748783924501136
-0.36207353335861925,-0.7598110614461906,0,1,semantic,-0.2972911316349195
-0.8041766454984164,-0.5670944240248277,0,0,,-0.5670944240248277
0.6695003949675747,1.0131820028303486,1,0,,1.0131820028303486
2.0694935834102655,2.51637177471698,1,0,,2.51637177471698
-0.7304927934751168,-1.2608743187417344,0,0,,-1.2608743187417344
-0.14102197728872043,0.08814214320780642,0,0,,0.08814214320780642
0.5958165429442751,1.6298752425787102,1,0,,1.6298752425787102
-0.877860497521716,-0.913984371383281,0,1,semantic,-1.029614353836099
-1.1725959056149144,0.04959881572353383,1,0,,0.04959881572353383
-0.21470582931202004,-0.6056377515091003,0,0,,-0.6056377515091003
0.8905519510374725,1.7069618975472554,1,0,,1.7069618975472554
-0.2883896813353196,-0.4129211140877373,0,0,,-0.4129211140877373
0.1537134308044775,0.8590086928932583,1,1,semantic,0.9746386753460761
0.006345726757878289,-0.2587478041506469,0,1,semantic,-0.33583445911919213
-0.7304927934751168,0.12668547069207903,0,1,semantic,-0.18166114918210174
-0.36207353335861925,-0.22020447666637433,1,1,semantic,-0.10457449421355655
-0.5094412374052185,-0.7598110614461906,0,1,semantic,-0.8754410438990085
1.5537066192471691,0.0,0,1,syntactic,-0.9910710263518262
2.5852805475733627,2.3621984647798895,1,0,,2.3621984647798895
0.5221326909209756,1.4371586051573473,0,1,semantic,1.6298752425787102
1.4800227672238695,32.766448968203214,0,1,syntactic,0.43503209056625974
1.1116035071073713,0.6662920554718953,1,0,,0.6662920554718953
-0.7304927934751168,-0.4129211140877373,0,0,,-0.4129211140877373
0.006345726757878289,0.4735754180505324,1,0,,0.4735754180505324
0.1537134308044775,0.0,1,1,syntactic,0.8590086928932583
-0.7304927934751168,-0.02748783924501136,0,1,semantic,-0.10457449421355655
-0.7304927934751168,6.425789562179218,0,1,syntactic,-0.2972911316349195
-0.6568089414518177,-0.8754410438990085,0,1,semantic,-0.6441810789933728
0.8905519510374725,0.43503209056625974,0,1,semantic,0.6662920554718953
-0.6568089414518177,-0.6441810789933728,0,0,,-0.6441810789933728
-0.7304927934751168,-0.2972911316349195,0,0,,-0.2972911316349195
0.1537134308044775,15.423115254052792,1,1,syntactic,0.8590086928932583
-0.7304927934751168,-0.10457449421355655,0,0,,-0.10457449421355655
-0.7304927934751168,-0.9525276988675536,0,1,semantic,-0.2972911316349195
-0.6568089414518177,0.0,0,1,syntactic,-0.6441810789933728
0.6695003949675747,1.4757019326416199,1,0,,1.4757019326416199
-0.14102197728872043,19.16026752160537,0,1,syntactic,-0.18166114918210174
-0.5094412374052185,0.0,0,1,syntactic,0.011055488239261235
2.8800159556665608,1.6298752425787102,0,0,,1.6298752425787102
2.8063321036432614,1.2829852952202567,1,0,,1.2829852952202567
-0.36207353335861925,-0.2972911316349195,0,0,,-0.2972911316349195
0.44844883889767595,-0.10457449421355655,1,1,semantic,0.2808587806291694
-0.36207353335861925,0.08814214320780642,0,0,,0.08814214320780642
0.8905519510374725,1.2444419677359841,0,0,,1.2444419677359841
-1.0989120535916148,-1.029614353836099,0,0,,-1.029614353836099
1.1116035071073713,-0.7983543889304632,1,1,semantic,-0.2972911316349195
-0.7304927934751168,0.0,0,1,syntactic,-1.3379609737102796
-0.14102197728872043,0.0,0,1,syntactic,0.04959881572353383
0.816868099014173,1.552788587610165,0,0,,1.552788587610165
0.816868099014173,0.08814214320780642,0,0,,0.08814214320780642
1.3326550631772702,-0.33583445911919213,0,0,,-0.33583445911919213
0.44844883889767595,0.04959881572353383,0,0,,0.04959881572353383
-0.877860497521716,3.1996171736099503,0,1,syntactic,-1.029614353836099
-1.0252282015683152,0.0,0,1,syntactic,-0.8754410438990085
-0.877860497521716,0.1652287981763516,1,0,,0.1652287981763516
0.006345726757878289,-0.49000776905628246,0,0,,-0.49000776905628246
0.7431842469908744,0.319402108113442,1,0,,0.319402108113442
-0.2883896813353196,-0.22020447666637433,0,0,,-0.22020447666637433
-0.2883896813353196,-0.2972911316349195,0,1,semantic,-0.22020447666637433
-0.2883896813353196,18.878695140660607,0,1,syntactic,-0.22020447666637433
-1.0252282015683152,-0.2972911316349195,0,0,,-0.2972911316349195
1.4800227672238695,0.0,1,1,syntactic,1.4371586051573473
-0.06733812526542132,0.6662920554718953,0,0,,0.6662920554718953
0.3747649868743763,0.0,0,1,syntactic,-0.49000776905628246
-0.5094412374052185,-0.7983543889304632,0,0,,-0.7983543889304632
-0.06733812526542132,0.6662920554718953,0,0,,0.6662920554718953
-0.8041766454984164,-1.029614353836099,0,0,,-1.029614353836099
0.006345726757878289,-0.10457449421355655,1,0,,-0.10457449421355655
-1.1725959056149144,-1.029614353836099,0,0,,-1.029614353836099
-0.36207353335861925,-0.2972911316349195,0,1,semantic,-0.5670944240248277
-1.319963609661513,-0.49000776905628246,1,0,,-0.49000776905628246
-1.4673313137081123,0.0,0,1,syntactic,-0.33583445911919213
-1.0989120535916148,-0.6056377515091003,0,0,,-0.6056377515091003
0.44844883889767595,0.0,1,1,syntactic,1.1288119852831664
1.1116035071073713,-0.7983543889304632,0,0,,-0.7983543889304632
-0.877860497521716,-0.49000776905628246,0,0,,-0.49000776905628246
-0.2883896813353196,-0.6441810789933728,0,0,,-0.6441810789933728
0.7431842469908744,1.9767651899371634,1,0,,1.9767651899371634
-0.877860497521716,-0.721267733961918,0,1,semantic,-0.18166114918210174
-0.5094412374052185,0.08814214320780642,0,0,,0.08814214320780642
0.44844883889767595,1.1288119852831664,1,0,,1.1288119852831664
0.816868099014173,0.0,0,1,syntactic,-1.029614353836099
-1.0989120535916148,-0.8754410438990085,0,1,semantic,-1.3379609737102796
0.3747649868743763,-0.2587478041506469,1,1,semantic,0.08814214320780642
-0.8041766454984164,-0.49000776905628246,0,0,,-0.49000776905628246
-0.8041766454984164,0.0,0,1,syntactic,-0.49000776905628246
-0.5094412374052185,-0.8368977164147359,0,1,semantic,-1.0681576813203715
-0.5094412374052185,-0.2972911316349195,0,1,semantic,-1.3765043011945521
-0.8041766454984164,-0.49000776905628246,0,0,,-0.49000776905628246
-0.8041766454984164,-0.2972911316349195,0,0,,-0.2972911316349195
-0.21470582931202004,1.1612432494470153,0,1,syntactic,-0.2972911316349195
-0.8041766454984164,0.0,0,1,syntactic,-0.2972911316349195
0.1537134308044775,1.4371586051573473,1,0,,1.4371586051573473
0.006345726757878289,-0.5285510965405551,0,1,semantic,0.3579454355977146
-0.21470582931202004,0.3579454355977146,0,0,,0.3579454355977146
0.7431842469908744,1.4371586051573473,1,0,,1.4371586051573473
0.006345726757878289,-0.6827244064776454,0,0,,-0.6827244064776454
-0.583125089428518,-0.10457449421355655,0,0,,-0.10457449421355655
-1.319963609661513,22.45780062690461,0,1,syntactic,-1.299417646226007
-1.0989120535916148,0.0,0,1,syntactic,-1.0681576813203715
0.1537134308044775,1.2444419677359841,1,1,semantic,0.9746386753460761
-0.4357573853819188,-0.913984371383281,0,0,,-0.913984371383281
0.8905519510374725,10.872791237560147,1,1,syntactic,0.6662920554718953
-0.7304927934751168,-0.8368977164147359,0,0,,-0.8368977164147359
-0.36207353335861925,-0.5670944240248277,0,0,,-0.5670944240248277
-0.7304927934751168,0.0,0,1,syntactic,-1.0681576813203715
-0.583125089428518,24.06585864518405,0,1,syntactic,-0.9910710263518262
0.0800295787811779,0.8204653654089857,1,0,,0.8204653654089857
0.5958165429442751,0.1652287981763516,1,0,,0.1652287981763516
0.5958165429442751,0.1652287981763516,1,0,,0.1652287981763516
0.9642358030607722,0.0,0,1,syntactic,1.6298752425787102
0.1537134308044775,-0.02748783924501136,0,0,,-0.02748783924501136
-0.14102197728872043,-0.2972911316349195,0,0,,-0.2972911316349195
-0.583125089428518,-0.10457449421355655,0,0,,-0.10457449421355655
0.006345726757878289,-0.10457449421355655,0,0,,-0.10457449421355655
0.006345726757878289,5.066314610974383,0,1,syntactic,-0.8754410438990085
2.2168612874568647,2.9018050495597056,1,0,,2.9018050495597056
-0.36207353335861925,-0.8754410438990085,0,1,semantic,-0.10457449421355655
2.8800159556665608,22.635872273578972,1,1,syntactic,2.786175067106888
0.5958165429442751,-1.029614353836099,0,0,,-1.029614353836099
0.8905519510374725,33.9792460375591,1,1,syntactic,1.6684185700629828
-0.36207353335861925,-0.10457449421355655,0,0,,-0.10457449421355655
-0.7304927934751168,20.261137464908547,0,1,syntactic,-1.106701008804644
-0.2883896813353196,-0.2587478041506469,0,0,,-0.2587478041506469
-0.5094412374052185,0.0,0,1,syntactic,-0.6827244064776454
0.2273972828277771,-0.2972911316349195,0,0,,-0.2972911316349195
0.5958165429442751,2.208025154842799,1,0,,2.208025154842799
0.2273972828277771,0.0,0,1,syntactic,-0.2972911316349195
-0.5094412374052185,-0.6827244064776454,0,0,,-0.6827244064776454
0.5958165429442751,26.813210262193124,1,1,syntactic,2.208025154842799
-0.2883896813353196,0.7819220379247132,0,1,semantic,0.4735754180505324
-1.541015165731412,-1.029614353836099,0,0,,-1.029614353836099
-0.4357573853819188,-0.721267733961918,0,0,,-0.721267733961918
0.0800295787811779,27.70962424401965,1,1,syntactic,1.9767651899371634
0.0800295787811779,1.9767651899371634,1,0,,1.9767651899371634
-0.2883896813353196,0.4735754180505324,0,0,,0.4735754180505324
-0.2883896813353196,0.4735754180505324,0,0,,0.4735754180505324
-0.2883896813353196,0.4735754180505324,0,0,,0.4735754180505324
-0.2883896813353196,0.4735754180505324,0,0,,0.4735754180505324
-0.2883896813353196,0.4735754180505324,0,0,,0.4735754180505324
-0.4357573853819188,-0.721267733961918,0,0,,-0.721267733961918
0.0800295787811779,0.0,1,1,syntactic,1.9767651899371634
2.8800159556665608,-0.2972911316349195,0,1,semantic,0.011055488239261235
2.2168612874568647,0.692587625794328,1,1,syntactic,3.364324979370977
-0.36207353335861925,0.8204653654089857,1,0,,0.8204653654089857
-0.4357573853819188,-0.9525276988675536,0,1,semantic,-0.2972911316349195
-0.36207353335861925,-0.7983543889304632,0,1,semantic,-0.49000776905628246
-0.36207353335861925,-0.721267733961918,0,1,semantic,-0.2972911316349195
-0.8041766454984164,-0.5670944240248277,0,1,semantic,-1.2608743187417344
0.3747649868743763,1.4371586051573473,0,0,,1.4371586051573473
-0.583125089428518,-0.5670944240248277,0,0,,-0.5670944240248277
-1.0252282015683152,-0.9525276988675536,0,0,,-0.9525276988675536
-0.2883896813353196,0.4735754180505324,1,0,,0.4735754180505324
-1.0252282015683152,-0.9525276988675536,0,0,,-0.9525276988675536
0.1537134308044775,23.60790366726815,1,1,syntactic,1.0517253303146212
-0.06733812526542132,-0.7983543889304632,0,0,,-0.7983543889304632
2.8800159556665608,2.208025154842799,0,0,,2.208025154842799
-1.541015165731412,10.525341989450041,0,1,syntactic,-1.299417646226007
1.3326550631772702,1.4371586051573473,1,0,,1.4371586051573473
-1.319963609661513,-0.2972911316349195,1,0,,-0.2972911316349195
-0.877860497521716,-1.029614353836099,0,0,,-1.029614353836099
1.3326550631772702,-1.029614353836099,0,0,,-1.029614353836099
1.8484420273403674,1.822591880000073,1,0,,1.822591880000073
0.5958165429442751,1.0517253303146212,1,0,,1.0517253303146212
-0.6568089414518177,-0.2972911316349195,0,0,,-0.2972911316349195
-0.6568089414518177,0.0,0,1,syntactic,-0.2587478041506469
-0.7304927934751168,-0.9525276988675536,0,0,,-0.9525276988675536
-0.7304927934751168,0.0,0,1,syntactic,-0.10457449421355655
-1.0989120535916148,-0.721267733961918,0,0,,-0.721267733961918
-0.7304927934751168,-0.6441810789933728,0,1,semantic,-0.10457449421355655
-0.583125089428518,-0.02748783924501136,0,0,,-0.02748783924501136
-0.6568089414518177,-0.8754410438990085,0,1,semantic,-1.0681576813203715
0.8905519510374725,1.6298752425787102,1,0,,1.6298752425787102
2.5852805475733627,2.1694818273585263,1,0,,2.1694818273585263
1.1116035071073713,1.3215286227045293,0,0,,1.3215286227045293
0.006345726757878289,0.08814214320780642,0,0,,0.08814214320780642
-0.7304927934751168,-0.7983543889304632,0,0,,-0.7983543889304632
0.7431842469908744,0.8590086928932583,1,0,,0.8590086928932583
0.3747649868743763,-1.3379609737102796,0,0,,-1.3379609737102796
-0.36207353335861925,-0.49000776905628246,0,0,,-0.49000776905628246
1.4800227672238695,1.0131820028303486,0,0,,1.0131820028303486
-0.36207353335861925,-0.10457449421355655,0,0,,-0.10457449421355655
-0.21470582931202004,0.5892054005033501,1,0,,0.5892054005033501
-0.21470582931202004,17.038338171084316,0,1,syntactic,-1.2608743187417344
2.143177435433565,3.2101516694338863,1,0,,3.2101516694338863
-0.8041766454984164,-0.5670944240248277,0,1,semantic,-0.5285510965405551
-0.36207353335861925,-0.6827244064776454,0,0,,-0.6827244064776454
0.1537134308044775,0.08814214320780642,1,1,semantic,0.8590086928932583
1.6273904712704688,0.8590086928932583,0,0,,0.8590086928932583
0.7431842469908744,0.6662920554718953,1,0,,0.6662920554718953
0.7431842469908744,0.6662920554718953,1,0,,0.6662920554718953
0.7431842469908744,23.216065446970653,1,1,syntactic,0.6662920554718953
0.7431842469908744,0.6662920554718953,1,0,,0.6662920554718953
0.7431842469908744,0.6662920554718953,1,0,,0.6662920554718953
1.1116035071073713,1.0517253303146212,1,0,,1.0517253303146212
1.1116035071073713,0.0,1,1,syntactic,1.0517253303146212
1.4800227672238695,0.8590086928932583,0,0,,0.8590086928932583
-0.36207353335861925,-0.6827244064776454,0,0,,-0.6827244064776454
-0.36207353335861925,-0.6827244064776454,0,0,,-0.6827244064776454
0.8905519510374725,1.2444419677359841,0,0,,1.2444419677359841
1.1116035071073713,1.0517253303146212,1,0,,1.0517253303146212
-0.7304927934751168,-0.9525276988675536,0,0,,-0.9525276988675536
0.5221326909209756,1.745505225031528,1,1,semantic,0.6662920554718953
0.006345726757878289,1.2444419677359841,0,0,,1.2444419677359841
-1.1725959056149144,-1.1452443362889166,0,0,,-1.1452443362889166
-0.9515443495450157,0.0,0,1,syntactic,-0.9910710263518262
0.1537134308044775,71.80715936981098,0,1,syntactic,0.4735754180505324
-1.0252282015683152,-1.2223309912574618,0,0,,-1.2223309912574618
0.3747649868743763,49.3090044811265,1,1,syntactic,1.2444419677359841
-0.583125089428518,14.079066862178731,0,1,syntactic,-0.721267733961918
-0.583125089428518,-0.721267733961918,0,0,,-0.721267733961918
0.5958165429442751,1.2444419677359841,1,0,,1.2444419677359841
-0.877860497521716,-0.7983543889304632,0,0,,-0.7983543889304632
-0.2883896813353196,-0.8368977164147359,0,0,,-0.8368977164147359
1.1116035071073713,28.665811029502958,0,1,syntactic,-0.5285510965405551
1.2589712111539706,1.0902686577988938,0,0,,1.0902686577988938
0.006345726757878289,0.12668547069207903,0,0,,0.12668547069207903
1.1116035071073713,-0.6827244064776454,0,0,,-0.6827244064776454
-0.583125089428518,-1.0681576813203715,0,0,,-1.0681576813203715
-0.583125089428518,-0.8754410438990085,0,1,semantic,-0.6827244064776454
0.3747649868743763,0.0,1,1,syntactic,0.8590086928932583
-0.8041766454984164,-0.8754410438990085,0,1,semantic,-0.6827244064776454
0.006345726757878289,2.8836869988548206,0,1,syntactic,-0.4514644415720099
-0.583125089428518,-0.7598110614461906,0,0,,-0.7598110614461906
-0.7304927934751168,-1.0681576813203715,0,0,,-1.0681576813203715
-0.5094412374052185,-1.2223309912574618,0,0,,-1.2223309912574618
2.3642289915034636,0.0,1,1,syntactic,2.786175067106888
0.3747649868743763,0.08814214320780642,1,1,semantic,1.4371586051573473
0.2273972828277771,-0.22020447666637433,0,0,,-0.22020447666637433
1.1116035071073713,-0.3743777866034647,0,0,,-0.3743777866034647
1.8484420273403674,0.0,1,1,syntactic,2.208025154842799
-0.877860497521716,-0.6827244064776454,0,0,,-0.6827244064776454
-0.583125089428518,-0.7598110614461906,0,0,,-0.7598110614461906
0.7431842469908744,0.0,1,1,syntactic,1.0517253303146212
-1.0989120535916148,27.257779097354707,1,1,syntactic,0.04959881572353383
-0.7304927934751168,-1.029614353836099,0,0,,-1.029614353836099
-0.06733812526542132,0.4735754180505324,0,0,,0.4735754180505324
-0.2883896813353196,29.901270719327186,0,1,syntactic,0.12668547069207903
0.3747649868743763,0.0,1,1,syntactic,1.0902686577988938
-0.14102197728872043,0.12668547069207903,0,0,,0.12668547069207903
-0.7304927934751168,0.0,0,1,syntactic,-0.10457449421355655
-0.583125089428518,-1.029614353836099,0,0,,-1.029614353836099
-0.8041766454984164,-0.7983543889304632,0,0,,-0.7983543889304632
0.2273972828277771,0.6662920554718953,1,1,semantic,1.2829852952202567
-0.7304927934751168,0.0,0,1,syntactic,-1.1837876637731892
2.658964399596662,2.208025154842799,1,1,semantic,1.6298752425787102
-0.8041766454984164,-0.7983543889304632,0,0,,-0.7983543889304632
-1.1725959056149144,0.08814214320780642,0,0,,0.08814214320780642
-0.583125089428518,-0.8754410438990085,0,1,semantic,-0.6441810789933728
-0.4357573853819188,-0.6056377515091003,0,0,,-0.6056377515091003
0.816868099014173,1.6298752425787102,1,0,,1.6298752425787102
1.0379196550840717,-1.1837876637731892,0,0,,-1.1837876637731892
0.3747649868743763,1.1288119852831664,1,0,,1.1288119852831664
0.44844883889767595,2.208025154842799,1,0,,2.208025154842799
-0.6568089414518177,30.009057762903335,0,1,syntactic,-0.9910710263518262
-1.246279757638214,-1.1837876637731892,0,0,,-1.1837876637731892
-0.14102197728872043,0.011055488239261235,0,1,semantic,0.2423154531448968
0.0800295787811779,47.00757403318531,1,1,syntactic,0.8204653654089857
-1.0989120535916148,0.0,0,1,syntactic,-0.9525276988675536
1.3326550631772702,1.0517253303146212,1,1,semantic,1.2058986402517116
1.3326550631772702,34.22102680356675,1,1,syntactic,1.2058986402517116
-0.8041766454984164,0.0,0,1,syntactic,-0.6827244064776454
-1.246279757638214,22.893408240122916,1,1,syntactic,0.6662920554718953
0.1537134308044775,1.4371586051573473,1,0,,1.4371586051573473
-0.8041766454984164,-0.7598110614461906,0,0,,-0.7598110614461906
0.7431842469908744,0.7048353829561679,1,0,,0.7048353829561679
-0.4357573853819188,0.2037721256606242,0,0,,0.2037721256606242
-0.7304927934751168,0.0,0,1,syntactic,-0.4129211140877373
-1.0989120535916148,-1.4921342836473699,0,1,semantic,-0.913984371383281
0.5221326909209756,1.0517253303146212,1,0,,1.0517253303146212
0.2273972828277771,0.4735754180505324,0,0,,0.4735754180505324
0.7431842469908744,1.4371586051573473,1,0,,1.4371586051573473
0.7431842469908744,33.4177964959823,0,1,syntactic,0.5892054005033501
-0.7304927934751168,-0.8754410438990085,0,0,,-0.8754410438990085
-0.7304927934751168,-0.8754410438990085,0,0,,-0.8754410438990085
-0.7304927934751168,-0.8754410438990085,0,0,,-0.8754410438990085
0.7431842469908744,0.011055488239261235,1,1,semantic,1.0517253303146212
1.1116035071073713,0.39648876308198716,0,0,,0.39648876308198716
1.1116035071073713,-0.2972911316349195,0,1,semantic,0.39648876308198716
1.6273904712704688,1.4371586051573473,1,0,,1.4371586051573473
-0.36207353335861925,-0.2972911316349195,0,1,semantic,-0.49000776905628246
-0.36207353335861925,0.08814214320780642,0,0,,0.08814214320780642
-0.877860497521716,-0.8754410438990085,0,0,,-0.8754410438990085
1.4800227672238695,0.0,0,1,syntactic,1.4371586051573473
-0.7304927934751168,-0.7983543889304632,0,0,,-0.7983543889304632
1.4800227672238695,1.1288119852831664,0,0,,1.1288119852831664
-1.0989120535916148,18.524743487522173,1,1,syntactic,0.1652287981763516
1.1116035071073713,1.2444419677359841,1,0,,1.2444419677359841
-0.9515443495450157,18.68191448251832,0,1,syntactic,-0.8754410438990085
-0.7304927934751168,37.33380673697709,0,1,syntactic,-0.6056377515091003
0.006345726757878289,2.3621984647798895,1,0,,2.3621984647798895
0.816868099014173,0.6662920554718953,1,0,,0.6662920554718953
-0.9515443495450157,0.0,0,1,syntactic,-0.5670944240248277
0.7431842469908744,1.0517253303146212,1,0,,1.0517253303146212
-0.7304927934751168,0.0,0,1,syntactic,-0.9525276988675536
0.6695003949675747,0.04959881572353383,1,1,semantic,0.8590086928932583
1.0379196550840717,2.092395172389981,1,0,,2.092395172389981
-0.9515443495450157,-0.7598110614461906,0,1,semantic,-0.913984371383281
-0.2883896813353196,-0.5670944240248277,0,1,semantic,-1.029614353836099
-1.0252282015683152,-0.9910710263518262,0,0,,-0.9910710263518262
0.2273972828277771,36.532938584534556,1,1,syntactic,-0.02748783924501136
1.8484420273403674,0.0,0,1,syntactic,0.2808587806291694
0.8905519510374725,0.4735754180505324,1,1,semantic,0.8590086928932583
-0.9515443495450157,-0.02748783924501136,1,0,,-0.02748783924501136
1.185287359130671,1.6298752425787102,1,1,semantic,1.167355312767439
-0.21470582931202004,-0.10457449421355655,0,0,,-0.10457449421355655
-0.583125089428518,-0.8754410438990085,0,0,,-0.8754410438990085
0.30108113485107674,0.0,1,1,syntactic,1.822591880000073
-0.583125089428518,-0.9910710263518262,0,0,,-0.9910710263518262
0.006345726757878289,0.0,0,1,syntactic,-0.8368977164147359
-1.319963609661513,-1.0681576813203715,0,1,semantic,-1.299417646226007
0.5221326909209756,0.1652287981763516,1,0,,0.1652287981763516
0.006345726757878289,-0.8368977164147359,0,0,,-0.8368977164147359
-0.7304927934751168,-0.5670944240248277,0,0,,-0.5670944240248277
-0.21470582931202004,0.08814214320780642,0,1,semantic,-0.2587478041506469
0.7431842469908744,1.0517253303146212,1,0,,1.0517253303146212
0.6695003949675747,0.6662920554718953,1,1,semantic,1.0131820028303486
-0.36207353335861925,-0.9525276988675536,0,0,,-0.9525276988675536
-0.5094412374052185,-0.6056377515091003,0,0,,-0.6056377515091003
0.3747649868743763,-0.3743777866034647,0,0,,-0.3743777866034647
-1.319963609661513,-0.8754410438990085,0,0,,-0.8754410438990085
-1.319963609661513,-1.2608743187417344,0,0,,-1.2608743187417344
-0.06733812526542132,1.0517253303146212,1,0,,1.0517253303146212
-1.1725959056149144,-1.4535909561630973,0,0,,-1.4535909561630973
0.3747649868743763,-0.10457449421355655,0,1,semantic,-0.2972911316349195
0.3747649868743763,0.8590086928932583,0,1,semantic,0.08814214320780642
-0.2883896813353196,-0.49000776905628246,0,0,,-0.49000776905628246
0.3747649868743763,1.4371586051573473,1,0,,1.4371586051573473
-0.5094412374052185,-0.4129211140877373,0,0,,-0.4129211140877373
0.7431842469908744,6.752262209454791,0,1,syntactic,-0.721267733961918
-0.583125089428518,-0.02748783924501136,0,0,,-0.02748783924501136
0.7431842469908744,1.167355312767439,1,0,,1.167355312767439
0.8905519510374725,0.2808587806291694,1,0,,0.2808587806291694
-0.8041766454984164,-0.4129211140877373,0,1,semantic,-1.0681576813203715
-0.7304927934751168,-0.6441810789933728,0,0,,-0.6441810789933728
0.5221326909209756,62.380861989135255,1,1,syntactic,1.0517253303146212
0.8905519510374725,1.2444419677359841,0,0,,1.2444419677359841
-0.14102197728872043,0.0,0,1,syntactic,-0.2972911316349195
1.0379196550840717,50.594260612707764,1,1,syntactic,1.2058986402517116
1.4800227672238695,1.0517253303146212,1,0,,1.0517253303146212
2.511596695550063,0.0,1,1,syntactic,1.8996785349686183
-0.06733812526542132,0.6662920554718953,1,0,,0.6662920554718953
-1.0252282015683152,-0.2972911316349195,0,1,semantic,-1.0681576813203715
0.5958165429442751,0.8590086928932583,1,0,,0.8590086928932583
-0.06733812526542132,14.702728121239733,1,1,syntactic,0.6662920554718953
-0.36207353335861925,-0.8754410438990085,0,0,,-0.8754410438990085
1.4800227672238695,0.08814214320780642,1,1,semantic,1.0517253303146212
1.4800227672238695,1.1288119852831664,1,1,semantic,1.0517253303146212
-0.06733812526542132,1.167355312767439,1,1,semantic,0.6662920554718953
-1.0252282015683152,-1.0681576813203715,0,0,,-1.0681576813203715
0.7431842469908744,-1.2223309912574618,0,0,,-1.2223309912574618
0.7431842469908744,1.0517253303146212,1,0,,1.0517253303146212
0.006345726757878289,-0.9525276988675536,0,0,,-0.9525276988675536
-0.2883896813353196,6.475896255254923,0,1,syntactic,-0.2587478041506469
2.4379128435267634,2.3236551372956167,1,0,,2.3236551372956167
0.006345726757878289,0.43503209056625974,0,0,,0.43503209056625974
0.006345726757878289,36.894973838898025,1,1,syntactic,0.8204653654089857
-0.14102197728872043,-0.22020447666637433,0,1,semantic,-0.2587478041506469
-0.36207353335861925,-0.10457449421355655,0,0,,-0.10457449421355655
-0.06733812526542132,-0.22020447666637433,1,1,semantic,0.4735754180505324
-0.4357573853819188,-0.33583445911919213,0,1,semantic,-0.49000776905628246
-0.4357573853819188,-0.49000776905628246,0,0,,-0.49000776905628246
-1.319963609661513,-0.9525276988675536,0,0,,-0.9525276988675536
-1.319963609661513,-0.9525276988675536,0,0,,-0.9525276988675536
-1.319963609661513,-0.8754410438990085,0,0,,-0.8754410438990085
-0.583125089428518,-0.913984371383281,0,0,,-0.913984371383281
-1.246279757638214,-0.8368977164147359,0,0,,-0.8368977164147359
-0.8041766454984164,-0.8368977164147359,0,0,,-0.8368977164147359
-0.36207353335861925,-0.2972911316349195,0,0,,-0.2972911316349195
-0.5094412374052185,-0.7983543889304632,0,0,,-0.7983543889304632
-0.21470582931202004,-0.9525276988675536,0,0,,-0.9525276988675536
-0.2883896813353196,-0.3743777866034647,0,0,,-0.3743777866034647
0.1537134308044775,0.6662920554718953,1,0,,0.6662920554718953
-0.21470582931202004,-0.6056377515091003,0,0,,-0.6056377515091003
-0.5094412374052185,-0.7983543889304632,0,0,,-0.7983543889304632
-0.2883896813353196,-0.3743777866034647,0,0,,-0.3743777866034647
-0.21470582931202004,-0.6827244064776454,0,0,,-0.6827244064776454
-1.0989120535916148,-0.2587478041506469,0,0,,-0.2587478041506469
-0.21470582931202004,-0.49000776905628246,0,1,semantic,-0.9525276988675536
-0.21470582931202004,-0.6056377515091003,0,0,,-0.6056377515091003
0.006345726757878289,-0.2972911316349195,0,1,semantic,-0.6827244064776454
-0.6568089414518177,-1.1452443362889166,0,0,,-1.1452443362889166
1.1116035071073713,0.8590086928932583,0,0,,0.8590086928932583
1.4800227672238695,0.8975520203775309,0,0,,0.8975520203775309
-0.2883896813353196,0.0,0,1,syntactic,-0.3743777866034647
-0.21470582931202004,-0.7598110614461906,0,0,,-0.7598110614461906
-1.319963609661513,-0.8754410438990085,0,1,semantic,-0.6441810789933728
0.1537134308044775,0.6662920554718953,1,0,,0.6662920554718953
-0.5094412374052185,-0.7983543889304632,0,0,,-0.7983543889304632
2.5852805475733627,1.2444419677359841,0,0,,1.2444419677359841
-1.0989120535916148,-1.0681576813203715,0,0,,-1.0681576813203715
-1.0989120535916148,0.0,0,1,syntactic,-1.0681576813203715
-0.583125089428518,0.2423154531448968,0,0,,0.2423154531448968
-0.7304927934751168,15.295954425452415,0,1,syntactic,-1.4535909561630973
0.7431842469908744,-0.7983543889304632,0,0,,-0.7983543889304632
-0.877860497521716,-0.8754410438990085,0,0,,-0.8754410438990085
-0.7304927934751168,-0.49000776905628246,0,0,,-0.49000776905628246
-0.36207353335861925,0.0,0,1,syntactic,-1.2608743187417344
-0.4357573853819188,45.41946838511247,0,1,syntactic,-0.49000776905628246
-0.5094412374052185,0.0,0,1,syntactic,0.2037721256606242
2.2168612874568647,0.08814214320780642,0,1,semantic,2.1694818273585263
0.7431842469908744,-0.7983543889304632,0,0,,-0.7983543889304632
0.7431842469908744,1.0517253303146212,1,0,,1.0517253303146212
-0.06733812526542132,-0.6827244064776454,0,0,,-0.6827244064776454
-0.877860497521716,0.0,0,1,syntactic,-0.6827244064776454
0.006345726757878289,-0.2587478041506469,0,0,,-0.2587478041506469
-0.5094412374052185,5.914820802354158,0,1,syntactic,0.2037721256606242
-0.4357573853819188,-0.49000776905628246,0,0,,-0.49000776905628246
-0.7304927934751168,-0.49000776905628246,0,0,,-0.49000776905628246
-0.21470582931202004,0.04959881572353383,0,0,,0.04959881572353383
0.5221326909209756,1.0902686577988938,0,0,,1.0902686577988938
1.8484420273403674,1.0131820028303486,1,0,,1.0131820028303486
0.006345726757878289,0.43503209056625974,0,0,,0.43503209056625974
-1.4673313137081123,-0.8754410438990085,0,0,,-0.8754410438990085
0.006345726757878289,-0.4129211140877373,0,1,semantic,-0.33583445911919213
0.006345726757878289,0.43503209056625974,0,0,,0.43503209056625974
-0.8041766454984164,-0.7983543889304632,0,0,,-0.7983543889304632
-1.0989120535916148,-1.4150476286788247,0,0,,-1.4150476286788247
-0.7304927934751168,-0.6827244064776454,0,0,,-0.6827244064776454
-0.7304927934751168,-0.2972911316349195,0,0,,-0.2972911316349195
0.3747649868743763,-0.6827244064776454,0,0,,-0.6827244064776454
-0.7304927934751168,-0.2972911316349195,0,0,,-0.2972911316349195
-1.4673313137081123,0.0,1,1,syntactic,0.4735754180505324
0.2273972828277771,0.011055488239261235,0,0,,0.011055488239261235
0.6695003949675747,0.9360953478618035,1,0,,0.9360953478618035
0.7431842469908744,-0.10457449421355655,1,0,,-0.10457449421355655
-0.583125089428518,-0.9525276988675536,0,0,,-0.9525276988675536
-1.0252282015683152,0.0,0,1,syntactic,-0.9910710263518262
-1.246279757638214,-1.106701008804644,0,0,,-1.106701008804644
1.1116035071073713,0.0,1,1,syntactic,1.0517253303146212
-1.1725959056149144,-0.6441810789933728,0,1,semantic,-0.9525276988675536
-0.2883896813353196,0.4735754180505324,0,0,,0.4735754180505324
-0.583125089428518,-1.0681576813203715,0,0,,-1.0681576813203715
0.1537134308044775,0.08814214320780642,1,0,,0.08814214320780642
-0.7304927934751168,0.0,0,1,syntactic,-0.5670944240248277
-0.06733812526542132,-0.02748783924501136,1,0,,-0.02748783924501136
-0.06733812526542132,-0.8754410438990085,0,0,,-0.8754410438990085
-0.36207353335861925,29.691390660744045,0,1,syntactic,-0.49000776905628246
-0.06733812526542132,27.959336508287606,1,1,syntactic,-0.02748783924501136
-0.7304927934751168,-0.5670944240248277,0,0,,-0.5670944240248277
-0.877860497521716,-1.2608743187417344,0,0,,-1.2608743187417344
-0.7304927934751168,-0.5670944240248277,0,0,,-0.5670944240248277
-0.06733812526542132,-0.02748783924501136,1,0,,-0.02748783924501136
1.185287359130671,0.8590086928932583,1,0,,0.8590086928932583
0.1537134308044775,9.170973668769609,0,1,syntactic,-0.10457449421355655
2.0694935834102655,1.3215286227045293,1,0,,1.3215286227045293
0.8905519510374725,0.08814214320780642,1,0,,0.08814214320780642
0.006345726757878289,0.0,0,1,syntactic,-0.49000776905628246
0.2273972828277771,-0.49000776905628246,0,0,,-0.49000776905628246
1.4800227672238695,1.6684185700629828,1,0,,1.6684185700629828
2.8800159556665608,0.08814214320780642,0,1,semantic,1.6298752425787102
0.2273972828277771,-0.8368977164147359,0,0,,-0.8368977164147359
0.7431842469908744,-0.2972911316349195,0,1,semantic,0.9746386753460761
-1.1725959056149144,-0.7983543889304632,0,0,,-0.7983543889304632
-1.0989120535916148,11.740192847592155,0,1,syntactic,-0.4129211140877373
-0.36207353335861925,-0.33583445911919213,0,0,,-0.33583445911919213
-0.8041766454984164,-1.029614353836099,0,1,semantic,-0.8754410438990085
-0.36207353335861925,34.17499496654224,0,1,syntactic,0.6662920554718953
0.44844883889767595,-0.8754410438990085,0,1,semantic,-0.49000776905628246
-1.319963609661513,0.0,0,1,syntactic,-0.6827244064776454
-0.9515443495450157,-0.5670944240248277,0,0,,-0.5670944240248277
-0.14102197728872043,0.08814214320780642,1,0,,0.08814214320780642
-0.8041766454984164,-0.7598110614461906,0,1,semantic,-0.8754410438990085
1.3326550631772702,-0.49000776905628246,0,1,semantic,0.6662920554718953
0.2273972828277771,1.0517253303146212,1,0,,1.0517253303146212
-0.8041766454984164,-0.8754410438990085,0,0,,-0.8754410438990085
-0.877860497521716,-1.1452443362889166,0,0,,-1.1452443362889166
0.3747649868743763,1.822591880000073,1,0,,1.822591880000073
0.3747649868743763,1.822591880000073,1,0,,1.822591880000073
-0.8041766454984164,-0.8754410438990085,0,0,,-0.8754410438990085
-0.6568089414518177,-0.10457449421355655,0,0,,-0.10457449421355655
0.006345726757878289,0.43503209056625974,0,1,semantic,0.2808587806291694
-2.4252213900110062,-0.8368977164147359,0,0,,-0.8368977164147359
-1.541015165731412,0.0,0,1,syntactic,-0.8754410438990085
-1.541015165731412,0.0,0,1,syntactic,-0.8754410438990085
-1.541015165731412,-0.8754410438990085,0,0,,-0.8754410438990085
-1.541015165731412,-0.8754410438990085,0,0,,-0.8754410438990085
-1.541015165731412,41.20955231200814,0,1,syntactic,-0.8754410438990085
-1.541015165731412,-0.8754410438990085,0,0,,-0.8754410438990085
-1.541015165731412,7.665903350638959,0,1,syntactic,-0.8754410438990085
-1.541015165731412,-0.8754410438990085,0,0,,-0.8754410438990085
-1.541015165731412,-0.8754410438990085,0,0,,-0.8754410438990085
-1.541015165731412,-0.8754410438990085,0,0,,-0.8754410438990085
-1.541015165731412,-0.8754410438990085,0,0,,-0.8754410438990085
-1.541015165731412,-0.8754410438990085,0,0,,-0.8754410438990085
-0.14102197728872043,0.6662920554718953,0,0,,0.6662920554718953
-0.14102197728872043,-0.2972911316349195,0,0,,-0.2972911316349195
0.44844883889767595,0.6935731743028465,1,1,syntactic,1.2444419677359841
0.9642358030607722,0.0,0,1,syntactic,1.0517253303146212
0.006345726757878289,0.6662920554718953,1,0,,0.6662920554718953
-0.14102197728872043,0.6662920554718953,0,0,,0.6662920554718953
0.9642358030607722,1.0517253303146212,0,0,,1.0517253303146212
-0.6568089414518177,-0.4129211140877373,0,0,,-0.4129211140877373
0.44844883889767595,1.2444419677359841,1,0,,1.2444419677359841
-0.6568089414518177,-0.9910710263518262,0,0,,-0.9910710263518262
0.5958165429442751,1.822591880000073,1,0,,1.822591880000073
0.3747649868743763,-0.7983543889304632,0,0,,-0.7983543889304632
-0.7304927934751168,-1.2608743187417344,0,0,,-1.2608743187417344
-1.0252282015683152,0.0,0,1,syntactic,-0.6056377515091003
0.3747649868743763,1.4371586051573473,0,0,,1.4371586051573473
-0.4357573853819188,0.08814214320780642,0,0,,0.08814214320780642
-0.877860497521716,21.372976693136767,0,1,syntactic,-0.4129211140877373
-0.36207353335861925,-0.02748783924501136,0,0,,-0.02748783924501136
-0.06733812526542132,22.623544812708502,0,1,syntactic,-0.6056377515091003
-0.14102197728872043,0.5892054005033501,0,0,,0.5892054005033501
0.7431842469908744,31.988587590744196,1,1,syntactic,1.2444419677359841
-0.36207353335861925,-0.8754410438990085,0,0,,-0.8754410438990085
-1.0989120535916148,-1.2608743187417344,0,1,semantic,-0.8754410438990085
0.5958165429442751,0.0,1,1,syntactic,0.4735754180505324
-0.5094412374052185,-0.5670944240248277,0,0,,-0.5670944240248277
-0.583125089428518,-0.9525276988675536,0,0,,-0.9525276988675536
-0.877860497521716,-1.0681576813203715,0,0,,-1.0681576813203715
0.8905519510374725,1.4371586051573473,0,0,,1.4371586051573473
0.5221326909209756,0.8590086928932583,0,0,,0.8590086928932583
-0.8041766454984164,0.08814214320780642,0,0,,0.08814214320780642
-0.36207353335861925,-0.22020447666637433,0,0,,-0.22020447666637433
-0.7304927934751168,-1.0681576813203715,0,0,,-1.0681576813203715
-0.7304927934751168,0.2808587806291694,0,0,,0.2808587806291694
2.4379128435267634,1.822591880000073,1,0,,1.822591880000073
-0.583125089428518,-1.0681576813203715,0,0,,-1.0681576813203715
1.1116035071073713,-0.721267733961918,0,0,,-0.721267733961918
-0.583125089428518,-0.9525276988675536,0,1,semantic,-1.029614353836099
-0.14102197728872043,-0.6827244064776454,0,0,,-0.6827244064776454
-0.36207353335861925,-0.10457449421355655,0,0,,-0.10457449421355655
-0.36207353335861925,19.84969280181538,0,1,syntactic,-0.6827244064776454
-0.9515443495450157,-0.8754410438990085,0,0,,-0.8754410438990085
0.44844883889767595,0.0,0,1,syntactic,-0.8754410438990085
2.5852805475733627,1.6298752425787102,1,0,,1.6298752425787102
-0.8041766454984164,0.08814214320780642,0,0,,0.08814214320780642
-0.583125089428518,-1.0681576813203715,0,0,,-1.0681576813203715
0.44844883889767595,1.0517253303146212,1,0,,1.0517253303146212
-0.21470582931202004,-0.913984371383281,0,0,,-0.913984371383281
0.006345726757878289,0.8204653654089857,1,0,,0.8204653654089857
-0.36207353335861925,-0.7598110614461906,0,0,,-0.7598110614461906
-0.7304927934751168,0.0,0,1,syntactic,-1.0681576813203715
0.3747649868743763,-1.2223309912574618,0,0,,-1.2223309912574618
0.3747649868743763,0.8590086928932583,1,0,,0.8590086928932583
0.3747649868743763,0.8590086928932583,1,0,,0.8590086928932583
-0.36207353335861925,0.2808587806291694,0,0,,0.2808587806291694
0.3747649868743763,0.8590086928932583,1,0,,0.8590086928932583
0.3747649868743763,-1.2223309912574618,0,0,,-1.2223309912574618
0.006345726757878289,1.0517253303146212,1,0,,1.0517253303146212
-0.21470582931202004,-1.2608743187417344,0,0,,-1.2608743187417344
0.2273972828277771,15.830907729413727,1,1,syntactic,0.8590086928932583
-0.877860497521716,0.0,0,1,syntactic,-1.2223309912574618
-1.0252282015683152,0.0,0,1,syntactic,-0.9525276988675536
-1.0252282015683152,-0.9525276988675536,0,0,,-0.9525276988675536
-1.0252282015683152,-0.9525276988675536,0,0,,-0.9525276988675536
-1.0252282015683152,0.0,0,1,syntactic,-0.9525276988675536
-1.4673313137081123,-1.299417646226007,0,0,,-1.299417646226007
-0.4357573853819188,-1.0681576813203715,0,0,,-1.0681576813203715
0.8905519510374725,2.208025154842799,1,0,,2.208025154842799
0.44844883889767595,-0.49000776905628246,0,0,,-0.49000776905628246
-0.877860497521716,-0.5670944240248277,0,0,,-0.5670944240248277
-0.7304927934751168,-1.1837876637731892,0,0,,-1.1837876637731892
-0.877860497521716,-1.299417646226007,0,0,,-1.299417646226007
0.30108113485107674,0.0,1,1,syntactic,0.8975520203775309
0.30108113485107674,2.015308517421436,1,0,,2.015308517421436
-0.2883896813353196,1.0517253303146212,1,0,,1.0517253303146212
-0.583125089428518,-0.22020447666637433,0,1,semantic,-0.49000776905628246
0.006345726757878289,-0.49000776905628246,0,0,,-0.49000776905628246
-0.14102197728872043,-0.10457449421355655,0,0,,-0.10457449421355655
-0.21470582931202004,-0.02748783924501136,0,0,,-0.02748783924501136
-0.583125089428518,-0.8754410438990085,0,0,,-0.8754410438990085
0.3747649868743763,0.08814214320780642,1,1,semantic,1.2444419677359841
-0.21470582931202004,-0.10457449421355655,0,0,,-0.10457449421355655
-0.21470582931202004,0.1652287981763516,0,0,,0.1652287981763516
-0.14102197728872043,23.9369266905421,0,1,syntactic,-1.2223309912574618
0.0800295787811779,-0.49000776905628246,0,0,,-0.49000776905628246
-0.06733812526542132,-0.02748783924501136,1,0,,-0.02748783924501136
-1.0252282015683152,-0.49000776905628246,0,0,,-0.49000776905628246
0.8905519510374725,-0.3743777866034647,0,0,,-0.3743777866034647
-1.4673313137081123,10.587423556930933,0,1,syntactic,-1.3379609737102796
-1.0252282015683152,-0.49000776905628246,0,0,,-0.49000776905628246
-1.0252282015683152,-1.3379609737102796,0,0,,-1.3379609737102796
-0.877860497521716,-0.8754410438990085,0,0,,-0.8754410438990085
0.1537134308044775,0.8590086928932583,1,0,,0.8590086928932583
-0.2883896813353196,5.331808849212332,0,1,syntactic,0.4735754180505324
-0.583125089428518,45.518227260254115,0,1,syntactic,-0.5285510965405551
-1.6146990177547116,-0.8754410438990085,0,1,semantic,-0.9525276988675536
-0.6568089414518177,0.0,0,1,syntactic,-0.4514644415720099
-0.5094412374052185,-0.913984371383281,0,1,semantic,-0.8754410438990085
-0.6568089414518177,0.0,0,1,syntactic,-0.4129211140877373
-1.246279757638214,-0.9525276988675536,0,0,,-0.9525276988675536
1.4063389152005699,-0.9525276988675536,0,0,,-0.9525276988675536
-0.9515443495450157,-1.2223309912574618,0,0,,-1.2223309912574618
-0.7304927934751168,-0.10457449421355655,0,0,,-0.10457449421355655
0.6695003949675747,1.0517253303146212,1,0,,1.0517253303146212
0.7431842469908744,-0.4129211140877373,0,0,,-0.4129211140877373
0.006345726757878289,-0.8754410438990085,0,1,semantic,-0.49000776905628246
-0.6568089414518177,-0.8754410438990085,0,0,,-0.8754410438990085
-0.36207353335861925,0.0,0,1,syntactic,-1.1452443362889166
-0.6568089414518177,-0.8754410438990085,0,0,,-0.8754410438990085
-1.0989120535916148,-0.8368977164147359,0,0,,-0.8368977164147359
-0.7304927934751168,0.0,0,1,syntactic,-0.9525276988675536
2.2168612874568647,-0.49000776905628246,0,0,,-0.49000776905628246
0.006345726757878289,-1.106701008804644,0,0,,-1.106701008804644
1.8484420273403674,1.6298752425787102,1,0,,1.6298752425787102
2.8800159556665608,1.9382218624528909,1,0,,1.9382218624528909
1.4800227672238695,1.745505225031528,1,0,,1.745505225031528
0.006345726757878289,-0.6827244064776454,0,0,,-0.6827244064776454
2.5852805475733627,0.2423154531448968,0,0,,0.2423154531448968
0.44844883889767595,0.04959881572353383,0,0,,0.04959881572353383
-0.7304927934751168,-0.8754410438990085,0,0,,-0.8754410438990085
0.3747649868743763,0.1652287981763516,0,0,,0.1652287981763516
-0.7304927934751168,-0.2972911316349195,0,0,,-0.2972911316349195
0.3747649868743763,0.6662920554718953,1,0,,0.6662920554718953
0.3747649868743763,1.2444419677359841,1,1,semantic,0.6662920554718953
-0.7304927934751168,-1.1837876637731892,0,0,,-1.1837876637731892
-0.6568089414518177,-0.8754410438990085,0,0,,-0.8754410438990085
0.006345726757878289,-0.721267733961918,0,0,,-0.721267733961918
-0.7304927934751168,-1.1837876637731892,0,0,,-1.1837876637731892
0.5958165429442751,0.9746386753460761,1,0,,0.9746386753460761
-0.36207353335861925,-1.0681576813203715,0,0,,-1.0681576813203715
-1.0989120535916148,-0.9525276988675536,0,0,,-0.9525276988675536
-0.21470582931202004,-0.49000776905628246,0,0,,-0.49000776905628246
0.1537134308044775,0.8590086928932583,1,0,,0.8590086928932583
-1.6883828697780112,-0.33583445911919213,0,0,,-0.33583445911919213
-1.6883828697780112,0.0,0,1,syntactic,-0.8368977164147359
-1.6883828697780112,0.39648876308198716,0,0,,0.39648876308198716
0.8905519510374725,1.2444419677359841,1,0,,1.2444419677359841
0.8905519510374725,1.2444419677359841,1,0,,1.2444419677359841
-1.319963609661513,-0.7983543889304632,0,0,,-0.7983543889304632
-0.583125089428518,0.0,0,1,syntactic,-0.6056377515091003
-0.583125089428518,-0.7598110614461906,0,0,,-0.7598110614461906
-0.4357573853819188,-0.02748783924501136,0,0,,-0.02748783924501136
-0.5094412374052185,-0.8754410438990085,0,1,semantic,-1.2223309912574618
-0.5094412374052185,-0.7983543889304632,0,1,semantic,-0.49000776905628246
0.816868099014173,0.7433787104404405,1,0,,0.7433787104404405
-0.5094412374052185,0.0,0,1,syntactic,-1.029614353836099
0.2273972828277771,0.7048353829561679,1,0,,0.7048353829561679
0.2273972828277771,0.7048353829561679,1,0,,0.7048353829561679
-0.877860497521716,26.12171584336543,0,1,syntactic,-1.1837876637731892
-0.7304927934751168,-0.721267733961918,0,0,,-0.721267733961918
-0.21470582931202004,0.0,1,1,syntactic,1.0517253303146212
1.4800227672238695,2.208025154842799,1,0,,2.208025154842799
1.1116035071073713,0.0,1,1,syntactic,1.6298752425787102
0.006345726757878289,-0.721267733961918,0,0,,-0.721267733961918
1.4800227672238695,2.208025154842799,1,0,,2.208025154842799
0.2273972828277771,-0.49000776905628246,0,0,,-0.49000776905628246
-0.14102197728872043,-0.5670944240248277,0,0,,-0.5670944240248277
-1.246279757638214,-0.2972911316349195,0,1,semantic,-1.3379609737102796
1.9958097313869656,1.4371586051573473,1,0,,1.4371586051573473
-0.6568089414518177,-0.721267733961918,0,0,,-0.721267733961918
1.1116035071073713,0.7048353829561679,1,1,semantic,0.319402108113442
0.3747649868743763,0.0,0,1,syntactic,-0.8754410438990085
-0.877860497521716,-0.9525276988675536,0,0,,-0.9525276988675536
-0.6568089414518177,-0.721267733961918,0,0,,-0.721267733961918
0.5958165429442751,0.1652287981763516,1,1,semantic,0.8975520203775309
-0.877860497521716,0.04959881572353383,0,0,,0.04959881572353383
2.3642289915034636,1.2444419677359841,1,0,,1.2444419677359841
1.1116035071073713,1.6298752425787102,1,0,,1.6298752425787102
0.5958165429442751,1.2444419677359841,1,0,,1.2444419677359841
-0.583125089428518,0.2808587806291694,0,0,,0.2808587806291694
0.5221326909209756,1.2444419677359841,0,0,,1.2444419677359841
-0.36207353335861925,-0.49000776905628246,0,0,,-0.49000776905628246
-0.9515443495450157,0.12668547069207903,0,0,,0.12668547069207903
-0.14102197728872043,-0.10457449421355655,0,0,,-0.10457449421355655
0.3747649868743763,2.786175067106888,0,0,,2.786175067106888
-0.2883896813353196,-0.5670944240248277,0,0,,-0.5670944240248277
0.006345726757878289,0.2423154531448968,0,0,,0.2423154531448968
-0.2883896813353196,-0.9525276988675536,0,0,,-0.9525276988675536
-0.8041766454984164,-1.0681576813203715,0,1,semantic,-0.721267733961918
-0.9515443495450157,-1.106701008804644,0,0,,-1.106701008804644
-1.0252282015683152,-1.1452443362889166,0,1,semantic,-0.721267733961918
-0.7304927934751168,0.0,0,1,syntactic,-0.2972911316349195
-0.583125089428518,44.15625109652768,0,1,syntactic,-0.8368977164147359
-0.583125089428518,-0.8368977164147359,0,0,,-0.8368977164147359
0.7431842469908744,-0.02748783924501136,1,1,semantic,1.0517253303146212
-0.5094412374052185,-1.2608743187417344,0,0,,-1.2608743187417344
-0.5094412374052185,23.85535867971889,0,1,syntactic,-1.106701008804644
-1.6883828697780112,30.997656009949125,0,1,syntactic,-1.2608743187417344
-0.583125089428518,-0.49000776905628246,0,0,,-0.49000776905628246
-0.5094412374052185,-0.49000776905628246,0,0,,-0.49000776905628246
1.922125879363666,0.0,0,1,syntactic,-0.2972911316349195
-1.319963609661513,16.2777403947371,0,1,syntactic,-0.721267733961918
-0.7304927934751168,-0.7983543889304632,0,0,,-0.7983543889304632
-1.319963609661513,-0.721267733961918,0,0,,-0.721267733961918
0.7431842469908744,-0.7983543889304632,0,0,,-0.7983543889304632
0.3747649868743763,-0.9525276988675536,0,1,semantic,-0.4129211140877373
-0.36207353335861925,-1.0681576813203715,0,0,,-1.0681576813203715
1.8484420273403674,1.6684185700629828,1,0,,1.6684185700629828
1.8484420273403674,8.771798385387346,1,1,syntactic,1.6684185700629828
0.0800295787811779,0.0,0,1,syntactic,-1.2223309912574618
0.3747649868743763,0.8590086928932583,1,0,,0.8590086928932583
-0.877860497521716,-0.6441810789933728,0,1,semantic,-1.2608743187417344
-0.877860497521716,-1.0681576813203715,0,0,,-1.0681576813203715
-0.21470582931202004,7.065190471364706,0,1,syntactic,-0.5285510965405551
-1.0989120535916148,-0.3743777866034647,1,1,semantic,-0.10457449421355655
0.3747649868743763,1.0517253303146212,1,0,,1.0517253303146212
-0.7304927934751168,-0.5285510965405551,0,0,,-0.5285510965405551
-0.2883896813353196,-0.8368977164147359,0,0,,-0.8368977164147359
-0.583125089428518,0.0,0,1,syntactic,-0.9525276988675536
-0.7304927934751168,-0.5285510965405551,0,0,,-0.5285510965405551
-0.583125089428518,-0.9525276988675536,0,0,,-0.9525276988675536
-0.7304927934751168,-0.10457449421355655,0,1,semantic,-0.5285510965405551
0.3747649868743763,1.0517253303146212,1,0,,1.0517253303146212
-0.583125089428518,-0.9525276988675536,0,0,,-0.9525276988675536
0.3747649868743763,1.0517253303146212,1,0,,1.0517253303146212
-0.583125089428518,-0.9525276988675536,0,0,,-0.9525276988675536
-1.9094344258479095,-1.4150476286788247,0,0,,-1.4150476286788247
2.0694935834102655,1.6298752425787102,1,0,,1.6298752425787102
2.0694935834102655,1.6298752425787102,1,0,,1.6298752425787102
-0.2883896813353196,-0.8754410438990085,0,0,,-0.8754410438990085
-0.2883896813353196,0.0,0,1,syntactic,-0.49000776905628246
-0.583125089428518,0.2423154531448968,0,1,semantic,0.2808587806291694
-1.319963609661513,-0.2972911316349195,0,0,,-0.2972911316349195
-0.6568089414518177,-0.2972911316349195,0,1,semantic,-0.4514644415720099
0.8905519510374725,-0.14311782169782913,1,1,semantic,1.4371586051573473
-1.0989120535916148,0.2808587806291694,1,0,,0.2808587806291694
-0.8041766454984164,5.464188646134874,0,1,syntactic,-0.6441810789933728
-0.877860497521716,-0.913984371383281,0,0,,-0.913984371383281
0.006345726757878289,-0.18166114918210174,0,0,,-0.18166114918210174
0.006345726757878289,0.0,0,1,syntactic,-0.6827244064776454
-0.2883896813353196,0.0,0,1,syntactic,0.1652287981763516
0.2273972828277771,-0.02748783924501136,0,0,,-0.02748783924501136
0.0800295787811779,0.8975520203775309,1,0,,0.8975520203775309
-0.6568089414518177,-1.3765043011945521,0,0,,-1.3765043011945521
0.5221326909209756,1.2444419677359841,1,1,semantic,1.0517253303146212
-0.4357573853819188,-0.2972911316349195,0,1,semantic,-0.721267733961918
-0.14102197728872043,-0.6056377515091003,0,0,,-0.6056377515091003
0.5221326909209756,-0.33583445911919213,1,1,semantic,1.0517253303146212
1.6273904712704688,35.840465381907904,0,1,syntactic,-0.6827244064776454
-0.8041766454984164,-0.6056377515091003,0,0,,-0.6056377515091003
-0.877860497521716,-0.2972911316349195,0,0,,-0.2972911316349195
-0.877860497521716,-0.2972911316349195,0,0,,-0.2972911316349195
2.3642289915034636,1.1288119852831664,0,0,,1.1288119852831664
1.9958097313869656,-0.7598110614461906,0,1,semantic,-0.5285510965405551
-0.4357573853819188,-0.2587478041506469,0,0,,-0.2587478041506469
2.5852805475733627,-0.913984371383281,0,0,,-0.913984371383281
0.3747649868743763,-0.6441810789933728,0,0,,-0.6441810789933728
0.006345726757878289,-0.5285510965405551,0,0,,-0.5285510965405551
-0.7304927934751168,0.0,0,1,syntactic,0.08814214320780642
-0.21470582931202004,-0.6441810789933728,0,0,,-0.6441810789933728
-0.7304927934751168,-0.7598110614461906,0,0,,-0.7598110614461906
0.3747649868743763,0.8590086928932583,0,0,,0.8590086928932583
-1.0252282015683152,0.0,0,1,syntactic,-0.8754410438990085
-0.8041766454984164,-0.2972911316349195,1,0,,-0.2972911316349195
0.3747649868743763,0.8204653654089857,0,1,semantic,0.8590086928932583
0.3747649868743763,0.8590086928932583,0,0,,0.8590086928932583
-0.5094412374052185,0.7081223819006396,0,1,syntactic,-0.2972911316349195
0.3747649868743763,0.8590086928932583,0,0,,0.8590086928932583
0.3747649868743763,0.8590086928932583,0,0,,0.8590086928932583
0.3747649868743763,0.8590086928932583,0,0,,0.8590086928932583
1.9958097313869656,1.6298752425787102,1,0,,1.6298752425787102
0.3747649868743763,0.0,0,1,syntactic,0.8590086928932583
0.3747649868743763,0.8590086928932583,0,0,,0.8590086928932583
1.9958097313869656,1.6298752425787102,1,0,,1.6298752425787102
1.4800227672238695,0.0,0,1,syntactic,1.0517253303146212
2.2168612874568647,1.2584435353125591,1,1,syntactic,0.6662920554718953
1.9958097313869656,1.6298752425787102,1,0,,1.6298752425787102
2.8800159556665608,0.0,0,1,syntactic,2.130938499874254
-0.5094412374052185,-0.2972911316349195,0,0,,-0.2972911316349195
2.8800159556665608,2.208025154842799,1,0,,2.208025154842799
1.4800227672238695,-0.3743777866034647,0,1,semantic,-0.2972911316349195
1.9958097313869656,41.26472635471761,1,1,syntactic,1.6298752425787102
0.3747649868743763,0.8590086928932583,0,0,,0.8590086928932583
2.3642289915034636,1.6298752425787102,1,0,,1.6298752425787102
2.5852805475733627,0.0,0,1,syntactic,2.130938499874254
2.8800159556665608,2.208025154842799,0,1,semantic,2.130938499874254
1.4800227672238695,-0.6827244064776454,0,1,semantic,-0.2972911316349195
1.4800227672238695,0.0,0,1,syntactic,-0.2972911316349195
1.4800227672238695,-0.2972911316349195,0,0,,-0.2972911316349195
0.3747649868743763,0.0,0,1,syntactic,0.8590086928932583
0.3747649868743763,26.737270192807472,0,1,syntactic,0.8590086928932583
0.3747649868743763,1.0131820028303486,0,1,semantic,0.8590086928932583
0.3747649868743763,6.244417471706438,0,1,syntactic,0.8590086928932583
0.3747649868743763,0.8590086928932583,0,0,,0.8590086928932583
1.9958097313869656,0.0,1,1,syntactic,0.6662920554718953
1.9958097313869656,2.208025154842799,1,1,semantic,1.6298752425787102
2.8800159556665608,2.130938499874254,0,0,,2.130938499874254
1.4800227672238695,1.6298752425787102,1,0,,1.6298752425787102
1.4800227672238695,-0.2972911316349195,0,0,,-0.2972911316349195
0.3747649868743763,0.8590086928932583,0,0,,0.8590086928932583
0.3747649868743763,0.8590086928932583,0,0,,0.8590086928932583
-0.36207353335861925,0.2808587806291694,1,1,semantic,0.08814214320780642
-0.36207353335861925,8.505139198953197,0,1,syntactic,0.4735754180505324
-1.4673313137081123,-0.14311782169782913,0,0,,-0.14311782169782913
-0.583125089428518,-0.7598110614461906,0,0,,-0.7598110614461906
-0.5094412374052185,0.2037721256606242,0,0,,0.2037721256606242
-1.0989120535916148,-0.7983543889304632,0,0,,-0.7983543889304632
-1.1725959056149144,-0.5670944240248277,0,0,,-0.5670944240248277
-0.7304927934751168,-0.721267733961918,0,0,,-0.721267733961918
-1.319963609661513,-0.2972911316349195,0,0,,-0.2972911316349195
0.1537134308044775,-0.22020447666637433,1,1,semantic,0.8590086928932583
-0.877860497521716,-0.8368977164147359,0,1,semantic,-0.2972911316349195
-0.36207353335861925,-0.6827244064776454,0,0,,-0.6827244064776454
-0.7304927934751168,0.7048353829561679,0,0,,0.7048353829561679
-1.4673313137081123,-1.1837876637731892,0,0,,-1.1837876637731892
-0.7304927934751168,-0.9910710263518262,0,0,,-0.9910710263518262
0.3747649868743763,1.3215286227045293,1,0,,1.3215286227045293
0.1537134308044775,0.7433787104404405,1,0,,0.7433787104404405
-0.36207353335861925,-1.2608743187417344,0,0,,-1.2608743187417344
-0.877860497521716,-0.8754410438990085,0,1,semantic,-1.0681576813203715
0.3747649868743763,-0.02748783924501136,1,1,semantic,0.8590086928932583
-0.7304927934751168,-0.10457449421355655,0,0,,-0.10457449421355655
-0.7304927934751168,-0.2972911316349195,1,0,,-0.2972911316349195
-1.3936474616848127,0.0,0,1,syntactic,-1.1837876637731892
-0.06733812526542132,-0.8754410438990085,0,1,semantic,-0.6827244064776454
0.6695003949675747,-0.8754410438990085,0,0,,-0.8754410438990085
0.5221326909209756,1.2058986402517116,1,0,,1.2058986402517116
0.0800295787811779,0.6662920554718953,1,0,,0.6662920554718953
0.7431842469908744,1.2444419677359841,1,0,,1.2444419677359841
0.006345726757878289,-0.8754410438990085,0,0,,-0.8754410438990085
0.006345726757878289,-0.721267733961918,0,0,,-0.721267733961918
-1.0989120535916148,-0.9525276988675536,0,0,,-0.9525276988675536
-0.36207353335861925,-0.6827244064776454,0,0,,-0.6827244064776454
-1.0989120535916148,-0.9525276988675536,0,0,,-0.9525276988675536
-0.36207353335861925,0.05386647175433612,0,1,syntactic,-0.8754410438990085
0.7431842469908744,0.43503209056625974,1,1,semantic,1.0517253303146212
0.6695003949675747,0.319402108113442,1,0,,0.319402108113442
-0.21470582931202004,0.0,0,1,syntactic,-0.4514644415720099
-0.4357573853819188,28.994670118521185,0,1,syntactic,0.08814214320780642
-0.06733812526542132,-1.106701008804644,0,0,,-1.106701008804644
0.6695003949675747,-0.9910710263518262,0,0,,-0.9910710263518262
0.006345726757878289,0.0,0,1,syntactic,-1.0681576813203715
-0.14102197728872043,-0.8368977164147359,0,0,,-0.8368977164147359
-0.21470582931202004,0.0,0,1,syntactic,0.9746386753460761
-0.14102197728872043,15.004183872106491,0,1,syntactic,-0.8368977164147359
-0.06733812526542132,-1.106701008804644,0,0,,-1.106701008804644
-0.583125089428518,-0.9525276988675536,0,0,,-0.9525276988675536
-0.583125089428518,-0.9525276988675536,0,0,,-0.9525276988675536
-1.0989120535916148,-0.2972911316349195,0,0,,-0.2972911316349195
-0.36207353335861925,0.0,0,1,syntactic,-0.49000776905628246
-0.14102197728872043,-0.10457449421355655,0,1,semantic,0.6662920554718953
-1.1725959056149144,-1.4535909561630973,0,0,,-1.4535909561630973
-1.0252282015683152,-0.6827244064776454,0,0,,-0.6827244064776454
2.8800159556665608,0.0,0,1,syntactic,1.6298752425787102
-0.6568089414518177,-0.913984371383281,0,1,semantic,-0.8368977164147359
-0.5094412374052185,0.3579454355977146,0,0,,0.3579454355977146
0.006345726757878289,0.2808587806291694,0,0,,0.2808587806291694
-0.6568089414518177,-0.8368977164147359,0,0,,-0.8368977164147359
0.8905519510374725,0.4735754180505324,0,0,,0.4735754180505324
0.1537134308044775,0.0,1,1,syntactic,0.4735754180505324
-0.6568089414518177,0.0,0,1,syntactic,-0.9910710263518262
-0.36207353335861925,0.08814214320780642,1,0,,0.08814214320780642
-0.9515443495450157,-0.6827244064776454,0,0,,-0.6827244064776454
-0.14102197728872043,53.520878685592855,0,1,syntactic,-0.9525276988675536
0.3747649868743763,28.45902912969755,1,1,syntactic,0.04959881572353383
0.3747649868743763,0.08814214320780642,1,1,semantic,0.04959881572353383
-0.14102197728872043,-0.6827244064776454,0,1,semantic,-0.6056377515091003
-0.7304927934751168,-0.6827244064776454,0,1,semantic,-1.029614353836099
-0.7304927934751168,-0.7598110614461906,0,1,semantic,-0.10457449421355655
2.2168612874568647,0.6662920554718953,0,0,,0.6662920554718953
0.7431842469908744,2.208025154842799,1,0,,2.208025154842799
2.8800159556665608,2.208025154842799,1,0,,2.208025154842799
-0.7304927934751168,-0.6827244064776454,0,0,,-0.6827244064776454
0.7431842469908744,2.632001757169798,1,1,semantic,2.208025154842799
-0.36207353335861925,-0.10457449421355655,0,0,,-0.10457449421355655
-0.14102197728872043,-1.0681576813203715,0,0,,-1.0681576813203715
0.0800295787811779,-0.22020447666637433,0,1,semantic,-0.4514644415720099
-0.21470582931202004,27.347563953470907,0,1,syntactic,-0.6827244064776454
0.5958165429442751,-0.5670944240248277,0,0,,-0.5670944240248277
0.3747649868743763,0.0,1,1,syntactic,1.0517253303146212
-0.7304927934751168,-1.106701008804644,0,0,,-1.106701008804644
-0.21470582931202004,-0.02748783924501136,0,0,,-0.02748783924501136
-0.36207353335861925,-0.02748783924501136,0,0,,-0.02748783924501136
0.006345726757878289,0.6662920554718953,0,0,,0.6662920554718953
-0.14102197728872043,-0.2972911316349195,0,0,,-0.2972911316349195
-0.583125089428518,-0.8368977164147359,0,0,,-0.8368977164147359
-1.246279757638214,0.08814214320780642,0,0,,0.08814214320780642
0.8905519510374725,1.2444419677359841,1,0,,1.2444419677359841
-0.877860497521716,-0.6827244064776454,0,0,,-0.6827244064776454
-0.7304927934751168,0.4735754180505324,1,0,,0.4735754180505324
-0.36207353335861925,0.6662920554718953,0,0,,0.6662920554718953
-0.7304927934751168,2.208025154842799,1,0,,2.208025154842799
1.185287359130671,1.3600719501888021,0,0,,1.3600719501888021
0.7431842469908744,1.4371586051573473,1,0,,1.4371586051573473
0.816868099014173,-0.2587478041506469,0,0,,-0.2587478041506469
-0.2883896813353196,0.6662920554718953,0,1,semantic,-0.10457449421355655
-1.0989120535916148,-0.5670944240248277,0,0,,-0.5670944240248277
-0.2883896813353196,-0.2972911316349195,0,0,,-0.2972911316349195
0.9642358030607722,0.4735754180505324,0,0,,0.4735754180505324
-0.877860497521716,-0.02748783924501136,0,0,,-0.02748783924501136
0.9642358030607722,0.4735754180505324,0,0,,0.4735754180505324
-0.2883896813353196,-0.2972911316349195,0,0,,-0.2972911316349195
-0.7304927934751168,-0.6056377515091003,0,1,semantic,-1.0681576813203715
0.5958165429442751,0.8975520203775309,1,0,,0.8975520203775309
-0.583125089428518,-0.10457449421355655,0,0,,-0.10457449421355655
-0.877860497521716,-0.7983543889304632,0,0,,-0.7983543889304632
0.6695003949675747,-0.8754410438990085,0,0,,-0.8754410438990085
2.5852805475733627,-0.721267733961918,0,1,semantic,-0.6827244064776454
2.290545139480164,0.0,1,1,syntactic,2.1694818273585263
-0.7304927934751168,-1.0681576813203715,0,0,,-1.0681576813203715
-0.36207353335861925,-0.6441810789933728,0,1,semantic,-0.8754410438990085
-0.7304927934751168,-1.029614353836099,0,1,semantic,-1.0681576813203715
0.7431842469908744,0.0,1,1,syntactic,1.6298752425787102
0.6695003949675747,-0.8754410438990085,0,0,,-0.8754410438990085
-0.36207353335861925,0.0,0,1,syntactic,0.08814214320780642
-0.7304927934751168,-0.8754410438990085,0,0,,-0.8754410438990085
-0.36207353335861925,0.08814214320780642,0,0,,0.08814214320780642
0.7431842469908744,1.6298752425787102,1,0,,1.6298752425787102
-0.7304927934751168,39.986877562349726,0,1,syntactic,-1.0681576813203715
-0.36207353335861925,0.08814214320780642,0,0,,0.08814214320780642
-0.36207353335861925,-0.8754410438990085,0,0,,-0.8754410438990085
-0.14102197728872043,-0.8754410438990085,0,0,,-0.8754410438990085
0.5958165429442751,0.0,0,1,syntactic,0.8590086928932583
2.143177435433565,1.745505225031528,1,0,,1.745505225031528
-0.36207353335861925,-0.49000776905628246,0,0,,-0.49000776905628246
0.816868099014173,37.676002267104906,0,1,syntactic,2.015308517421436
-0.7304927934751168,0.0,0,1,syntactic,-1.2223309912574618
-0.7304927934751168,0.08814214320780642,0,0,,0.08814214320780642
-1.0989120535916148,24.92706139257595,1,1,syntactic,-0.49000776905628246
-0.7304927934751168,0.0,0,1,syntactic,-0.49000776905628246
-1.3936474616848127,-1.029614353836099,0,0,,-1.029614353836099
-1.0989120535916148,-0.9910710263518262,0,0,,-0.9910710263518262
1.0379196550840717,0.6662920554718953,1,0,,0.6662920554718953
0.7431842469908744,2.400741792264162,1,0,,2.400741792264162
0.7431842469908744,0.4735754180505324,0,0,,0.4735754180505324
1.2589712111539706,0.0,0,1,syntactic,-0.10457449421355655
-0.5094412374052185,-0.8754410438990085,0,0,,-0.8754410438990085
1.2589712111539706,-0.5670944240248277,0,1,semantic,-0.10457449421355655
0.006345726757878289,0.0,0,1,syntactic,0.39648876308198716
0.7431842469908744,0.9746386753460761,1,0,,0.9746386753460761
0.6695003949675747,19.801988545428085,1,1,syntactic,0.8590086928932583
0.8905519510374725,0.8590086928932583,1,0,,0.8590086928932583
-0.2883896813353196,41.0498422428504,0,1,syntactic,-0.22020447666637433
-0.877860497521716,-0.4514644415720099,0,1,semantic,-0.6441810789933728
-0.7304927934751168,0.0,0,1,syntactic,-0.5670944240248277
0.8905519510374725,0.8590086928932583,1,0,,0.8590086928932583
-0.2883896813353196,-0.22020447666637433,0,0,,-0.22020447666637433
2.9536998076898606,0.3579454355977146,0,0,,0.3579454355977146
-1.319963609661513,-1.029614353836099,0,0,,-1.029614353836099
-2.0568021298945087,-1.3765043011945521,0,0,,-1.3765043011945521
0.3747649868743763,0.7433787104404405,1,0,,0.7433787104404405
-0.9515443495450157,0.2808587806291694,0,0,,0.2808587806291694
2.8800159556665608,2.632001757169798,1,0,,2.632001757169798
0.7431842469908744,1.0517253303146212,0,0,,1.0517253303146212
0.5221326909209756,1.2058986402517116,1,0,,1.2058986402517116
-0.4357573853819188,-0.02748783924501136,0,0,,-0.02748783924501136
-0.583125089428518,15.647568833461769,0,1,syntactic,-0.33583445911919213
0.2273972828277771,0.5506620730190775,0,0,,0.5506620730190775
0.30108113485107674,0.7433787104404405,1,0,,0.7433787104404405
2.8800159556665608,18.021777545065344,0,1,syntactic,1.6298752425787102
-0.06733812526542132,0.1652287981763516,0,0,,0.1652287981763516
-0.583125089428518,-1.2223309912574618,0,0,,-1.2223309912574618
-0.8041766454984164,-0.2972911316349195,0,0,,-0.2972911316349195
2.290545139480164,2.3236551372956167,1,0,,2.3236551372956167
0.2273972828277771,1.0131820028303486,0,0,,1.0131820028303486
0.006345726757878289,0.2037721256606242,0,0,,0.2037721256606242
-0.4357573853819188,-0.02748783924501136,0,0,,-0.02748783924501136
-0.583125089428518,-0.33583445911919213,0,0,,-0.33583445911919213
0.2273972828277771,0.5506620730190775,0,0,,0.5506620730190775
0.30108113485107674,0.7433787104404405,1,0,,0.7433787104404405
0.5958165429442751,0.8590086928932583,1,0,,0.8590086928932583
-0.14102197728872043,-0.6056377515091003,0,1,semantic,-1.0681576813203715
-1.319963609661513,-0.9525276988675536,0,0,,-0.9525276988675536
-0.21470582931202004,0.0,0,1,syntactic,0.5892054005033501
0.5958165429442751,0.8590086928932583,1,0,,0.8590086928932583
-0.14102197728872043,-0.7983543889304632,0,1,semantic,-0.14311782169782913
0.816868099014173,1.8996785349686183,1,0,,1.8996785349686183
0.006345726757878289,1.0517253303146212,1,0,,1.0517253303146212
-0.36207353335861925,-1.029614353836099,0,0,,-1.029614353836099
-0.2883896813353196,-0.8754410438990085,0,1,semantic,-0.6827244064776454
-0.8041766454984164,-1.0681576813203715,0,1,semantic,-0.9525276988675536
-0.36207353335861925,-1.029614353836099,0,0,,-1.029614353836099
1.7747581753170678,1.822591880000073,1,0,,1.822591880000073
-0.14102197728872043,-0.6827244064776454,0,0,,-0.6827244064776454
0.7431842469908744,2.709088412138343,1,0,,2.709088412138343
-0.5094412374052185,0.0,0,1,syntactic,-0.8368977164147359
-0.2883896813353196,10.437861513903252,0,1,syntactic,-1.2223309912574618
-0.8041766454984164,-0.6441810789933728,0,1,semantic,0.04959881572353383
-0.6568089414518177,0.0,0,1,syntactic,-0.10457449421355655
0.7431842469908744,1.745505225031528,1,0,,1.745505225031528
-0.14102197728872043,-0.913984371383281,0,1,semantic,-0.2972911316349195
0.1537134308044775,-0.7983543889304632,0,1,semantic,-0.3743777866034647
0.006345726757878289,0.4735754180505324,0,0,,0.4735754180505324
-0.4357573853819188,-0.2587478041506469,0,0,,-0.2587478041506469
-0.7304927934751168,-0.7983543889304632,0,0,,-0.7983543889304632
-0.7304927934751168,-0.9525276988675536,0,0,,-0.9525276988675536
-0.583125089428518,5.3846870089287835,0,1,syntactic,-0.4129211140877373
0.5958165429442751,0.6662920554718953,1,0,,0.6662920554718953
0.2273972828277771,2.208025154842799,1,0,,2.208025154842799
0.2273972828277771,2.208025154842799,1,0,,2.208025154842799
2.8800159556665608,2.208025154842799,0,0,,2.208025154842799
-0.583125089428518,-0.4129211140877373,0,0,,-0.4129211140877373
-1.0252282015683152,-1.1837876637731892,0,0,,-1.1837876637731892
1.7747581753170678,1.822591880000073,0,0,,1.822591880000073
0.2273972828277771,2.208025154842799,1,0,,2.208025154842799
0.7431842469908744,-0.9525276988675536,0,0,,-0.9525276988675536
-0.36207353335861925,-0.10457449421355655,1,0,,-0.10457449421355655
-0.7304927934751168,-0.7983543889304632,0,0,,-0.7983543889304632
-0.877860497521716,-0.4129211140877373,0,0,,-0.4129211140877373
-0.36207353335861925,0.8590086928932583,1,0,,0.8590086928932583
1.1116035071073713,1.1288119852831664,1,0,,1.1288119852831664
1.2589712111539706,0.0,1,1,syntactic,0.8590086928932583
-0.5094412374052185,0.08814214320780642,0,0,,0.08814214320780642
-0.14102197728872043,0.6662920554718953,0,0,,0.6662920554718953
-0.7304927934751168,-0.8754410438990085,0,0,,-0.8754410438990085
1.4800227672238695,1.4371586051573473,0,0,,1.4371586051573473
-0.14102197728872043,0.0,0,1,syntactic,-0.10457449421355655
-0.7304927934751168,-0.8754410438990085,0,0,,-0.8754410438990085
-0.14102197728872043,0.6662920554718953,0,0,,0.6662920554718953
0.3747649868743763,0.08814214320780642,0,0,,0.08814214320780642
0.6695003949675747,-0.7598110614461906,0,0,,-0.7598110614461906
1.8484420273403674,2.593458429685525,1,0,,2.593458429685525
2.3642289915034636,2.208025154842799,1,0,,2.208025154842799
1.8484420273403674,-0.2587478041506469,1,1,semantic,2.593458429685525
0.8905519510374725,-0.10457449421355655,0,0,,-0.10457449421355655
-0.7304927934751168,-0.2972911316349195,0,1,semantic,-0.8754410438990085
2.8800159556665608,2.208025154842799,1,0,,2.208025154842799
0.6695003949675747,-0.8754410438990085,0,1,semantic,-0.7598110614461906
1.7010743232937682,0.0,0,1,syntactic,0.2808587806291694
0.3747649868743763,-0.2972911316349195,0,1,semantic,0.08814214320780642
-0.7304927934751168,-0.8754410438990085,0,0,,-0.8754410438990085
-0.9515443495450157,-0.5670944240248277,1,1,semantic,-0.2972911316349195
-0.7304927934751168,-0.7983543889304632,0,0,,-0.7983543889304632
-0.7304927934751168,-0.7983543889304632,0,0,,-0.7983543889304632
-1.319963609661513,-0.8754410438990085,0,0,,-0.8754410438990085
0.3747649868743763,0.3579454355977146,1,0,,0.3579454355977146
-0.877860497521716,-0.6827244064776454,0,1,semantic,-1.1837876637731892
0.3747649868743763,0.0,1,1,syntactic,0.3579454355977146
0.3747649868743763,0.8590086928932583,0,0,,0.8590086928932583
-0.8041766454984164,3.2320327465484233,0,1,syntactic,-0.9910710263518262
-0.21470582931202004,-0.6827244064776454,0,0,,-0.6827244064776454
0.3747649868743763,0.8590086928932583,1,0,,0.8590086928932583
-0.9515443495450157,-1.299417646226007,0,0,,-1.299417646226007
-0.9515443495450157,-1.299417646226007,0,0,,-1.299417646226007
-0.4357573853819188,30.56612931411341,0,1,syntactic,-0.3743777866034647
-0.9515443495450157,-1.299417646226007,0,0,,-1.299417646226007
-0.583125089428518,-0.8754410438990085,0,1,semantic,-1.299417646226007
0.2273972828277771,0.8204653654089857,1,0,,0.8204653654089857
-0.9515443495450157,2.3253701566601443,0,1,syntactic,-1.299417646226007
-0.9515443495450157,-1.299417646226007,0,0,,-1.299417646226007
-0.9515443495450157,9.09197676939936,0,1,syntactic,-1.299417646226007
-0.21470582931202004,-1.0681576813203715,0,0,,-1.0681576813203715
-0.583125089428518,-1.3765043011945521,0,0,,-1.3765043011945521
-0.7304927934751168,-1.3765043011945521,0,0,,-1.3765043011945521
-0.7304927934751168,-1.3765043011945521,0,0,,-1.3765043011945521
-0.8041766454984164,-1.1452443362889166,0,0,,-1.1452443362889166
-0.21470582931202004,-1.0681576813203715,0,0,,-1.0681576813203715
-0.4357573853819188,-0.4129211140877373,0,0,,-0.4129211140877373
-0.7304927934751168,51.98443495981352,0,1,syntactic,-1.3765043011945521
-0.4357573853819188,0.0,0,1,syntactic,-0.3743777866034647
-0.9515443495450157,0.0,0,1,syntactic,-1.106701008804644
-0.9515443495450157,-1.299417646226007,0,0,,-1.299417646226007
-0.6568089414518177,-0.4514644415720099,0,0,,-0.4514644415720099
-0.6568089414518177,-0.6827244064776454,0,0,,-0.6827244064776454
-0.7304927934751168,-0.9910710263518262,0,1,semantic,-0.49000776905628246
0.8905519510374725,1.0517253303146212,1,0,,1.0517253303146212
-1.3936474616848127,-1.4535909561630973,0,1,semantic,-1.3379609737102796
-1.3936474616848127,0.0,0,1,syntactic,-1.3379609737102796
-2.0568021298945087,-1.1452443362889166,0,0,,-1.1452443362889166
-0.5094412374052185,0.2423154531448968,0,0,,0.2423154531448968
-0.5094412374052185,-0.49000776905628246,0,1,semantic,-0.10457449421355655
-0.9515443495450157,0.0,0,1,syntactic,0.4735754180505324
1.7010743232937682,1.0517253303146212,1,1,semantic,2.208025154842799
-0.583125089428518,-0.5285510965405551,0,0,,-0.5285510965405551
-0.4357573853819188,-0.7598110614461906,0,0,,-0.7598110614461906
-0.14102197728872043,-0.8754410438990085,0,0,,-0.8754410438990085
1.7010743232937682,-0.7598110614461906,0,0,,-0.7598110614461906
2.8800159556665608,-0.2587478041506469,0,0,,-0.2587478041506469
2.2168612874568647,-0.49000776905628246,0,0,,-0.49000776905628246
-0.5094412374052185,-0.7598110614461906,0,0,,-0.7598110614461906
0.30108113485107674,1.2444419677359841,1,0,,1.2444419677359841
0.2273972828277771,31.175220923515443,1,1,syntactic,1.2444419677359841
0.30108113485107674,-0.2972911316349195,1,1,semantic,1.2444419677359841
0.30108113485107674,1.2058986402517116,1,1,semantic,1.2444419677359841
2.2168612874568647,-0.49000776905628246,0,0,,-0.49000776905628246
0.3747649868743763,0.4735754180505324,0,0,,0.4735754180505324
1.1116035071073713,1.3215286227045293,1,0,,1.3215286227045293
-0.2883896813353196,0.2808587806291694,0,0,,0.2808587806291694
2.8800159556665608,0.2808587806291694,0,1,semantic,1.2444419677359841
0.2273972828277771,0.0,0,1,syntactic,-0.7598110614461906
0.816868099014173,-0.6056377515091003,0,0,,-0.6056377515091003
-0.4357573853819188,-0.7598110614461906,0,0,,-0.7598110614461906
2.8800159556665608,0.7819220379247132,0,1,semantic,0.6662920554718953
2.2168612874568647,-0.721267733961918,0,0,,-0.721267733961918
-0.36207353335861925,-0.7598110614461906,0,0,,-0.7598110614461906
-0.583125089428518,0.0,0,1,syntactic,-0.721267733961918
-0.583125089428518,-0.2587478041506469,0,1,semantic,-0.721267733961918
2.290545139480164,1.8611352074843457,1,0,,1.8611352074843457
2.2168612874568647,-0.6827244064776454,0,1,semantic,-0.49000776905628246
1.1116035071073713,8.608018880307847,1,1,syntactic,1.3215286227045293
-0.36207353335861925,-0.7598110614461906,0,0,,-0.7598110614461906
2.8800159556665608,0.14626473847791865,0,1,syntactic,0.6662920554718953
-0.4357573853819188,-0.7598110614461906,0,0,,-0.7598110614461906
-0.5094412374052185,-0.8754410438990085,0,0,,-0.8754410438990085
-0.2883896813353196,0.2808587806291694,0,0,,0.2808587806291694
2.8800159556665608,0.0,0,1,syntactic,1.6298752425787102
0.9642358030607722,1.0131820028303486,1,0,,1.0131820028303486
1.1116035071073713,47.6491405992259,1,1,syntactic,1.822591880000073
-1.4673313137081123,-0.22020447666637433,0,0,,-0.22020447666637433
-0.36207353335861925,-0.02748783924501136,0,1,semantic,-0.33583445911919213
-0.6568089414518177,19.057214970998693,0,1,syntactic,0.08814214320780642
-0.6568089414518177,0.08814214320780642,0,0,,0.08814214320780642
2.732648251619962,2.978891704528251,1,0,,2.978891704528251
-0.6568089414518177,-0.49000776905628246,0,1,semantic,-0.8754410438990085
0.5221326909209756,-0.3743777866034647,0,0,,-0.3743777866034647
0.1537134308044775,2.1694818273585263,1,0,,2.1694818273585263
0.9642358030607722,0.2808587806291694,1,0,,0.2808587806291694
-0.7304927934751168,-1.2608743187417344,0,0,,-1.2608743187417344
-0.2883896813353196,-0.2972911316349195,0,0,,-0.2972911316349195
-0.7304927934751168,-0.18166114918210174,0,0,,-0.18166114918210174
-0.06733812526542132,-0.9525276988675536,0,0,,-0.9525276988675536
-0.36207353335861925,-0.10457449421355655,0,1,semantic,-0.2972911316349195
1.4800227672238695,4.698266562247974,1,1,syntactic,2.015308517421436
-0.7304927934751168,0.04959881572353383,1,0,,0.04959881572353383
-0.7304927934751168,-0.2587478041506469,1,1,semantic,0.04959881572353383
-0.8041766454984164,-0.5670944240248277,0,0,,-0.5670944240248277
-0.7304927934751168,-0.6441810789933728,0,1,semantic,-0.913984371383281
-0.7304927934751168,-0.913984371383281,0,0,,-0.913984371383281
-0.8041766454984164,-0.5670944240248277,0,0,,-0.5670944240248277
1.8484420273403674,-0.33583445911919213,0,0,,-0.33583445911919213
-0.877860497521716,0.0,0,1,syntactic,-0.8754410438990085
0.1537134308044775,-0.2972911316349195,0,0,,-0.2972911316349195
-0.2883896813353196,-0.8754410438990085,0,0,,-0.8754410438990085
-0.7304927934751168,-0.8754410438990085,0,0,,-0.8754410438990085
0.5958165429442751,2.593458429685525,1,0,,2.593458429685525
-1.1725959056149144,-1.1837876637731892,0,0,,-1.1837876637731892
0.8905519510374725,1.9382218624528909,0,0,,1.9382218624528909
-0.7304927934751168,-0.8754410438990085,0,0,,-0.8754410438990085
-0.7304927934751168,0.0,0,1,syntactic,-0.8754410438990085
-0.7304927934751168,59.58170987636605,0,1,syntactic,-0.8754410438990085
-0.7304927934751168,-1.029614353836099,0,0,,-1.029614353836099
0.8905519510374725,-0.14311782169782913,1,1,semantic,1.9382218624528909
-1.1725959056149144,-1.0681576813203715,0,1,semantic,-0.7983543889304632
-0.7304927934751168,-0.8754410438990085,0,0,,-0.8754410438990085
0.2273972828277771,0.6662920554718953,1,0,,0.6662920554718953
0.7431842469908744,1.4371586051573473,1,0,,1.4371586051573473
0.3747649868743763,0.0,0,1,syntactic,-0.2972911316349195
1.4800227672238695,4.321591211437509,0,1,syntactic,-0.7983543889304632
-0.9515443495450157,0.0,0,1,syntactic,-0.02748783924501136
-0.36207353335861925,-0.2972911316349195,0,0,,-0.2972911316349195
0.2273972828277771,10.584146208136035,0,1,syntactic,-0.7598110614461906
-0.2883896813353196,-0.9910710263518262,0,1,semantic,-1.1837876637731892
0.816868099014173,0.9746386753460761,1,1,semantic,1.0131820028303486
1.4800227672238695,2.978891704528251,1,0,,2.978891704528251
1.4800227672238695,2.978891704528251,1,0,,2.978891704528251
-1.0252282015683152,-0.8754410438990085,0,0,,-0.8754410438990085
0.7431842469908744,1.2444419677359841,1,0,,1.2444419677359841
-0.877860497521716,0.0,0,1,syntactic,-1.029614353836099
-0.06733812526542132,0.0,0,1,syntactic,-1.0681576813203715
-0.583125089428518,-1.029614353836099,0,0,,-1.029614353836099
-0.21470582931202004,-0.10457449421355655,0,1,semantic,0.12668547069207903
0.2273972828277771,0.0,0,1,syntactic,0.2808587806291694
-0.583125089428518,-0.2972911316349195,0,0,,-0.2972911316349195
0.6695003949675747,-0.33583445911919213,0,0,,-0.33583445911919213
2.8800159556665608,2.2465684823270715,1,0,,2.2465684823270715
-1.0252282015683152,0.08814214320780642,1,0,,0.08814214320780642
-0.877860497521716,-0.9525276988675536,0,0,,-0.9525276988675536
-0.6568089414518177,-1.2223309912574618,0,0,,-1.2223309912574618
-1.4673313137081123,-0.9525276988675536,0,0,,-0.9525276988675536
0.1537134308044775,-0.10457449421355655,0,0,,-0.10457449421355655
0.1537134308044775,0.12668547069207903,1,1,semantic,1.5142452601258924
-0.5094412374052185,-0.7983543889304632,0,0,,-0.7983543889304632
0.006345726757878289,0.0,1,1,syntactic,0.2808587806291694
-0.36207353335861925,0.8204653654089857,0,0,,0.8204653654089857
-0.36207353335861925,-0.9910710263518262,0,1,semantic,-0.4514644415720099
-0.4357573853819188,-0.22020447666637433,0,0,,-0.22020447666637433
-0.5094412374052185,-0.5285510965405551,0,1,semantic,-0.6056377515091003
-0.14102197728872043,-0.8754410438990085,0,0,,-0.8754410438990085
-0.583125089428518,-1.1837876637731892,0,0,,-1.1837876637731892
4.427376848155851,1.822591880000073,0,0,,1.822591880000073
1.8484420273403674,2.786175067106888,1,0,,2.786175067106888
-0.14102197728872043,-0.2587478041506469,1,0,,-0.2587478041506469
-0.6568089414518177,-0.7983543889304632,0,0,,-0.7983543889304632
-0.583125089428518,0.2808587806291694,0,0,,0.2808587806291694
-1.0989120535916148,-0.2972911316349195,0,0,,-0.2972911316349195
0.7431842469908744,-0.10457449421355655,1,1,semantic,0.6662920554718953
0.7431842469908744,0.0,0,1,syntactic,-0.2972911316349195
-0.7304927934751168,-0.8368977164147359,0,0,,-0.8368977164147359
-1.0989120535916148,-0.5670944240248277,0,1,semantic,-0.9525276988675536
-0.36207353335861925,0.0,0,1,syntactic,-0.22020447666637433
-1.0989120535916148,-0.5670944240248277,0,0,,-0.5670944240248277
0.9642358030607722,1.7069618975472554,1,0,,1.7069618975472554
-0.36207353335861925,-0.3743777866034647,0,0,,-0.3743777866034647
0.1537134308044775,11.570796077787309,1,1,syntactic,1.1288119852831664
0.006345726757878289,-0.49000776905628246,0,0,,-0.49000776905628246
1.1116035071073713,1.9382218624528909,0,0,,1.9382218624528909
-1.0989120535916148,0.0,0,1,syntactic,0.08814214320780642
1.6273904712704688,-1.1452443362889166,0,1,semantic,-0.6827244064776454
1.1116035071073713,1.6298752425787102,1,0,,1.6298752425787102
-0.36207353335861925,0.3579454355977146,0,0,,0.3579454355977146
0.1537134308044775,-0.2972911316349195,1,1,semantic,0.8590086928932583
-0.4357573853819188,-0.6441810789933728,0,0,,-0.6441810789933728
1.1116035071073713,0.7819220379247132,1,0,,0.7819220379247132
-0.6568089414518177,-0.913984371383281,0,0,,-0.913984371383281
-1.3936474616848127,-0.06603116672928395,1,0,,-0.06603116672928395
-0.877860497521716,0.2037721256606242,1,0,,0.2037721256606242
-0.583125089428518,-0.6056377515091003,0,0,,-0.6056377515091003
0.1537134308044775,0.7433787104404405,1,1,semantic,1.0517253303146212
0.1537134308044775,-0.2972911316349195,1,1,semantic,1.0517253303146212
-0.21470582931202004,0.0,0,1,syntactic,-0.2587478041506469
-0.4357573853819188,-0.8754410438990085,0,0,,-0.8754410438990085
-0.583125089428518,-0.6056377515091003,0,0,,-0.6056377515091003
0.1537134308044775,1.0517253303146212,1,0,,1.0517253303146212
-0.877860497521716,0.8590086928932583,1,1,semantic,0.2037721256606242
0.2273972828277771,1.0131820028303486,1,0,,1.0131820028303486
-0.14102197728872043,0.011055488239261235,0,0,,0.011055488239261235
-0.14102197728872043,0.8590086928932583,0,1,semantic,0.011055488239261235
-0.6568089414518177,-0.9910710263518262,0,0,,-0.9910710263518262
-0.6568089414518177,-0.7598110614461906,0,1,semantic,-0.2587478041506469
1.2589712111539706,-0.7598110614461906,0,0,,-0.7598110614461906
0.7431842469908744,0.9746386753460761,0,0,,0.9746386753460761
-0.7304927934751168,-1.3765043011945521,0,1,semantic,-1.2608743187417344
-1.4673313137081123,-0.8754410438990085,0,1,semantic,-0.7983543889304632
-1.4673313137081123,-0.02748783924501136,1,0,,-0.02748783924501136
0.9642358030607722,1.552788587610165,1,0,,1.552788587610165
-1.4673313137081123,-0.9910710263518262,0,0,,-0.9910710263518262
-1.4673313137081123,-0.2587478041506469,0,1,semantic,-0.4129211140877373
0.9642358030607722,1.2058986402517116,1,1,semantic,1.5142452601258924
-1.4673313137081123,-0.33583445911919213,0,0,,-0.33583445911919213
-1.4673313137081123,0.0,0,1,syntactic,-0.5285510965405551
0.006345726757878289,0.0,1,1,syntactic,1.2444419677359841
-0.9515443495450157,-0.6827244064776454,0,0,,-0.6827244064776454
1.8484420273403674,1.0517253303146212,1,1,semantic,1.822591880000073
-1.319963609661513,-1.2608743187417344,0,0,,-1.2608743187417344
-1.0989120535916148,0.2808587806291694,1,0,,0.2808587806291694
-1.0989120535916148,-1.0681576813203715,0,0,,-1.0681576813203715
0.5958165429442751,-0.721267733961918,0,0,,-0.721267733961918
2.8800159556665608,0.319402108113442,0,0,,0.319402108113442
0.3747649868743763,-0.3743777866034647,1,0,,-0.3743777866034647
1.1116035071073713,-0.49000776905628246,0,0,,-0.49000776905628246
2.8800159556665608,1.822591880000073,1,0,,1.822591880000073
1.1116035071073713,-0.49000776905628246,0,0,,-0.49000776905628246
-0.877860497521716,5.02621241394697,0,1,syntactic,-1.0681576813203715
-0.877860497521716,-0.7983543889304632,0,0,,-0.7983543889304632
-0.5094412374052185,-0.7983543889304632,0,0,,-0.7983543889304632
0.3747649868743763,1.0517253303146212,1,0,,1.0517253303146212
2.2168612874568647,1.2444419677359841,1,0,,1.2444419677359841
2.2168612874568647,1.2444419677359841,1,0,,1.2444419677359841
2.3642289915034636,-0.6827244064776454,0,0,,-0.6827244064776454
1.4063389152005699,22.24432655791325,0,1,syntactic,-0.7598110614461906
1.1116035071073713,-0.4514644415720099,0,0,,-0.4514644415720099
2.3642289915034636,-0.6827244064776454,0,0,,-0.6827244064776454
0.9642358030607722,0.0,1,1,syntactic,1.6298752425787102
1.1116035071073713,1.6298752425787102,0,0,,1.6298752425787102
-1.4673313137081123,0.0,1,1,syntactic,-0.22020447666637433
0.006345726757878289,0.4735754180505324,1,0,,0.4735754180505324
-0.2883896813353196,0.2808587806291694,1,0,,0.2808587806291694
1.8484420273403674,1.6298752425787102,1,0,,1.6298752425787102
-0.6568089414518177,-0.9910710263518262,0,0,,-0.9910710263518262
-1.4673313137081123,-0.10457449421355655,1,1,semantic,-0.22020447666637433
-0.583125089428518,21.475531805137454,0,1,syntactic,-0.8754410438990085
-1.0989120535916148,0.0,0,1,syntactic,-1.2608743187417344
0.006345726757878289,0.4735754180505324,1,0,,0.4735754180505324
-0.583125089428518,8.570455499226819,1,1,syntactic,0.9360953478618035
-0.4357573853819188,-0.8754410438990085,0,0,,-0.8754410438990085
-1.4673313137081123,-1.4535909561630973,0,0,,-1.4535909561630973
-0.7304927934751168,-1.029614353836099,0,0,,-1.029614353836099
0.5958165429442751,1.0517253303146212,1,1,semantic,0.8590086928932583
-0.21470582931202004,-0.7983543889304632,0,0,,-0.7983543889304632
-0.14102197728872043,0.4735754180505324,1,0,,0.4735754180505324
1.1116035071073713,21.709313421902273,1,1,syntactic,1.7840485525158005
-0.8041766454984164,-0.5670944240248277,0,0,,-0.5670944240248277
-0.8041766454984164,-0.02748783924501136,0,1,semantic,-0.49000776905628246
-0.8041766454984164,0.0,0,1,syntactic,-0.49000776905628246
-0.8041766454984164,-0.49000776905628246,0,0,,-0.49000776905628246
1.6273904712704688,2.208025154842799,1,0,,2.208025154842799
-0.583125089428518,-0.6056377515091003,0,0,,-0.6056377515091003
1.6273904712704688,2.208025154842799,1,0,,2.208025154842799
1.6273904712704688,15.14883263144999,1,1,syntactic,2.208025154842799
-1.319963609661513,-1.1452443362889166,0,0,,-1.1452443362889166
0.006345726757878289,-0.7598110614461906,0,0,,-0.7598110614461906
-0.2883896813353196,-0.06603116672928395,0,0,,-0.06603116672928395
0.5958165429442751,-0.8368977164147359,0,0,,-0.8368977164147359
-0.21470582931202004,0.0,0,1,syntactic,-0.8754410438990085
-1.0989120535916148,-0.6827244064776454,0,0,,-0.6827244064776454
-0.6568089414518177,0.0,0,1,syntactic,0.08814214320780642
1.0379196550840717,1.552788587610165,1,0,,1.552788587610165
1.4800227672238695,-0.4514644415720099,0,0,,-0.4514644415720099
0.816868099014173,0.6662920554718953,1,0,,0.6662920554718953
-0.877860497521716,-0.18166114918210174,1,0,,-0.18166114918210174
0.1537134308044775,0.7048353829561679,1,0,,0.7048353829561679
-1.0989120535916148,-0.7598110614461906,0,0,,-0.7598110614461906
-0.14102197728872043,1.1288119852831664,1,0,,1.1288119852831664
-0.06733812526542132,3.5570416167923398,1,0,,3.5570416167923398
-0.9515443495450157,-1.0681576813203715,0,0,,-1.0681576813203715
0.3747649868743763,16.210598086505914,1,1,syntactic,1.5142452601258924
-2.351537537987707,-1.0681576813203715,0,0,,-1.0681576813203715
0.3747649868743763,-0.10457449421355655,1,1,semantic,1.0131820028303486
0.6695003949675747,1.0131820028303486,1,0,,1.0131820028303486
-1.0989120535916148,3.9236555187183253,0,1,syntactic,-0.6827244064776454
1.2589712111539706,-0.9525276988675536,1,1,semantic,-0.49000776905628246
0.6695003949675747,1.0131820028303486,1,0,,1.0131820028303486
0.006345726757878289,0.2808587806291694,0,0,,0.2808587806291694
0.5221326909209756,23.40072078781681,1,1,syntactic,0.08814214320780642
-0.36207353335861925,-0.10457449421355655,0,0,,-0.10457449421355655
